Date,Warehouse,Product,Category,Price_IDR,Promotion,Demand_Raw,Stockout_Occurred,Sales_Actual
2023-01-01,Jakarta,SKU_HIJAB_INSTAN,Fashion,65000,0,159,0,159
2023-01-01,Jakarta,SKU_KOPI_GAYO,Food & Beverage,220000,0,88,0,88
2023-01-01,Jakarta,SKU_BATIK_TULIS,Fashion Premium,1200000,0,21,0,21
2023-01-01,Surabaya,SKU_HIJAB_INSTAN,Fashion,65000,0,119,0,119
2023-01-01,Surabaya,SKU_KOPI_GAYO,Food & Beverage,220000,0,47,0,47
2023-01-01,Surabaya,SKU_BATIK_TULIS,Fashion Premium,1200000,0,11,0,11
2023-01-01,Medan,SKU_HIJAB_INSTAN,Fashion,65000,0,33,0,33
2023-01-01,Medan,SKU_KOPI_GAYO,Food & Beverage,220000,0,40,0,40
2023-01-01,Medan,SKU_BATIK_TULIS,Fashion Premium,1200000,0,7,0,7
2023-01-01,Makassar,SKU_HIJAB_INSTAN,Fashion,65000,0,24,0,24
2023-01-01,Makassar,SKU_KOPI_GAYO,Food & Beverage,220000,0,12,0,12
2023-01-01,Makassar,SKU_BATIK_TULIS,Fashion Premium,1200000,0,5,0,5
2023-01-02,Jakarta,SKU_HIJAB_INSTAN,Fashion,65000,0,127,1,0
2023-01-02,Jakarta,SKU_KOPI_GAYO,Food & Beverage,220000,0,80,0,80
2023-01-02,Jakarta,SKU_BATIK_TULIS,Fashion Premium,1200000,0,12,1,0
2023-01-02,Surabaya,SKU_HIJAB_INSTAN,Fashion,65000,0,94,0,94
2023-01-02,Surabaya,SKU_KOPI_GAYO,Food & Beverage,220000,0,40,0,40
2023-01-02,Surabaya,SKU_BATIK_TULIS,Fashion Premium,1200000,0,7,0,7
2023-01-02,Medan,SKU_HIJAB_INSTAN,Fashion,65000,0,53,0,53
2023-01-02,Medan,SKU_KOPI_GAYO,Food & Beverage,220000,0,33,0,33
2023-01-02,Medan,SKU_BATIK_TULIS,Fashion Premium,1200000,0,8,0,8
2023-01-02,Makassar,SKU_HIJAB_INSTAN,Fashion,65000,0,41,0,41
2023-01-02,Makassar,SKU_KOPI_GAYO,Food & Beverage,220000,0,16,0,16
2023-01-02,Makassar,SKU_BATIK_TULIS,Fashion Premium,1200000,0,3,0,3
2023-01-03,Jakarta,SKU_HIJAB_INSTAN,Fashion,65000,0,143,0,143
2023-01-03,Jakarta,SKU_KOPI_GAYO,Food & Beverage,220000,0,77,0,77
2023-01-03,Jakarta,SKU_BATIK_TULIS,Fashion Premium,1200000,0,13,0,13
2023-01-03,Surabaya,SKU_HIJAB_INSTAN,Fashion,65000,0,99,0,99
2023-01-03,Surabaya,SKU_KOPI_GAYO,Food & Beverage,220000,0,49,0,49
2023-01-03,Surabaya,SKU_BATIK_TULIS,Fashion Premium,1200000,0,7,0,7
2023-01-03,Medan,SKU_HIJAB_INSTAN,Fashion,65000,0,50,1,0
2023-01-03,Medan,SKU_KOPI_GAYO,Food & Beverage,220000,0,35,0,35
2023-01-03,Medan,SKU_BATIK_TULIS,Fashion Premium,1200000,0,6,0,6
2023-01-03,Makassar,SKU_HIJAB_INSTAN,Fashion,65000,0,39,0,39
2023-01-03,Makassar,SKU_KOPI_GAYO,Food & Beverage,220000,0,10,0,10
2023-01-03,Makassar,SKU_BATIK_TULIS,Fashion Premium,1200000,0,2,0,2
2023-01-04,Jakarta,SKU_HIJAB_INSTAN,Fashion,65000,0,148,0,148
2023-01-04,Jakarta,SKU_KOPI_GAYO,Food & Beverage,220000,0,77,0,77
2023-01-04,Jakarta,SKU_BATIK_TULIS,Fashion Premium,1200000,0,16,0,16
2023-01-04,Surabaya,SKU_HIJAB_INSTAN,Fashion,65000,0,93,0,93
2023-01-04,Surabaya,SKU_KOPI_GAYO,Food & Beverage,220000,0,54,0,54
2023-01-04,Surabaya,SKU_BATIK_TULIS,Fashion Premium,1200000,0,9,0,9
2023-01-04,Medan,SKU_HIJAB_INSTAN,Fashion,65000,0,100,0,100
2023-01-04,Medan,SKU_KOPI_GAYO,Food & Beverage,220000,0,26,0,26
2023-01-04,Medan,SKU_BATIK_TULIS,Fashion Premium,1200000,0,4,0,4
2023-01-04,Makassar,SKU_HIJAB_INSTAN,Fashion,65000,0,42,0,42
2023-01-04,Makassar,SKU_KOPI_GAYO,Food & Beverage,220000,0,12,0,12
2023-01-04,Makassar,SKU_BATIK_TULIS,Fashion Premium,1200000,0,2,0,2
2023-01-05,Jakarta,SKU_HIJAB_INSTAN,Fashion,65000,0,145,0,145
2023-01-05,Jakarta,SKU_KOPI_GAYO,Food & Beverage,220000,0,78,0,78
2023-01-05,Jakarta,SKU_BATIK_TULIS,Fashion Premium,1200000,0,16,0,16
2023-01-05,Surabaya,SKU_HIJAB_INSTAN,Fashion,65000,0,99,0,99
2023-01-05,Surabaya,SKU_KOPI_GAYO,Food & Beverage,220000,0,47,0,47
2023-01-05,Surabaya,SKU_BATIK_TULIS,Fashion Premium,1200000,0,11,0,11
2023-01-05,Medan,SKU_HIJAB_INSTAN,Fashion,65000,0,77,0,77
2023-01-05,Medan,SKU_KOPI_GAYO,Food & Beverage,220000,0,30,1,0
2023-01-05,Medan,SKU_BATIK_TULIS,Fashion Premium,1200000,0,3,0,3
2023-01-05,Makassar,SKU_HIJAB_INSTAN,Fashion,65000,0,35,0,35
2023-01-05,Makassar,SKU_KOPI_GAYO,Food & Beverage,220000,0,19,0,19
2023-01-05,Makassar,SKU_BATIK_TULIS,Fashion Premium,1200000,0,3,0,3
2023-01-06,Jakarta,SKU_HIJAB_INSTAN,Fashion,65000,0,168,0,168
2023-01-06,Jakarta,SKU_KOPI_GAYO,Food & Beverage,220000,0,84,0,84
2023-01-06,Jakarta,SKU_BATIK_TULIS,Fashion Premium,1200000,0,16,0,16
2023-01-06,Surabaya,SKU_HIJAB_INSTAN,Fashion,65000,0,98,0,98
2023-01-06,Surabaya,SKU_KOPI_GAYO,Food & Beverage,220000,0,51,0,51
2023-01-06,Surabaya,SKU_BATIK_TULIS,Fashion Premium,1200000,0,15,0,15
2023-01-06,Medan,SKU_HIJAB_INSTAN,Fashion,65000,0,63,0,63
2023-01-06,Medan,SKU_KOPI_GAYO,Food & Beverage,220000,0,36,0,36
2023-01-06,Medan,SKU_BATIK_TULIS,Fashion Premium,1200000,0,9,0,9
2023-01-06,Makassar,SKU_HIJAB_INSTAN,Fashion,65000,0,42,0,42
2023-01-06,Makassar,SKU_KOPI_GAYO,Food & Beverage,220000,0,26,0,26
2023-01-06,Makassar,SKU_BATIK_TULIS,Fashion Premium,1200000,0,2,0,2
2023-01-07,Jakarta,SKU_HIJAB_INSTAN,Fashion,65000,0,177,0,177
2023-01-07,Jakarta,SKU_KOPI_GAYO,Food & Beverage,220000,0,94,0,94
2023-01-07,Jakarta,SKU_BATIK_TULIS,Fashion Premium,1200000,0,26,1,0
2023-01-07,Surabaya,SKU_HIJAB_INSTAN,Fashion,65000,0,124,0,124
2023-01-07,Surabaya,SKU_KOPI_GAYO,Food & Beverage,220000,0,57,0,57
2023-01-07,Surabaya,SKU_BATIK_TULIS,Fashion Premium,1200000,0,11,0,11
2023-01-07,Medan,SKU_HIJAB_INSTAN,Fashion,65000,0,83,0,83
2023-01-07,Medan,SKU_KOPI_GAYO,Food & Beverage,220000,0,34,0,34
2023-01-07,Medan,SKU_BATIK_TULIS,Fashion Premium,1200000,0,8,0,8
2023-01-07,Makassar,SKU_HIJAB_INSTAN,Fashion,65000,0,45,0,45
2023-01-07,Makassar,SKU_KOPI_GAYO,Food & Beverage,220000,0,27,0,27
2023-01-07,Makassar,SKU_BATIK_TULIS,Fashion Premium,1200000,0,9,0,9
2023-01-08,Jakarta,SKU_HIJAB_INSTAN,Fashion,65000,0,178,0,178
2023-01-08,Jakarta,SKU_KOPI_GAYO,Food & Beverage,220000,0,91,0,91
2023-01-08,Jakarta,SKU_BATIK_TULIS,Fashion Premium,1200000,0,21,0,21
2023-01-08,Surabaya,SKU_HIJAB_INSTAN,Fashion,65000,0,109,0,109
2023-01-08,Surabaya,SKU_KOPI_GAYO,Food & Beverage,220000,0,46,0,46
2023-01-08,Surabaya,SKU_BATIK_TULIS,Fashion Premium,1200000,0,13,0,13
2023-01-08,Medan,SKU_HIJAB_INSTAN,Fashion,65000,0,74,1,0
2023-01-08,Medan,SKU_KOPI_GAYO,Food & Beverage,220000,0,29,0,29
2023-01-08,Medan,SKU_BATIK_TULIS,Fashion Premium,1200000,0,11,0,11
2023-01-08,Makassar,SKU_HIJAB_INSTAN,Fashion,65000,0,41,0,41
2023-01-08,Makassar,SKU_KOPI_GAYO,Food & Beverage,220000,0,10,0,10
2023-01-08,Makassar,SKU_BATIK_TULIS,Fashion Premium,1200000,0,5,0,5
2023-01-09,Jakarta,SKU_HIJAB_INSTAN,Fashion,65000,0,145,0,145
2023-01-09,Jakarta,SKU_KOPI_GAYO,Food & Beverage,220000,0,84,0,84
2023-01-09,Jakarta,SKU_BATIK_TULIS,Fashion Premium,1200000,0,11,0,11
2023-01-09,Surabaya,SKU_HIJAB_INSTAN,Fashion,65000,0,75,0,75
2023-01-09,Surabaya,SKU_KOPI_GAYO,Food & Beverage,220000,0,52,0,52
2023-01-09,Surabaya,SKU_BATIK_TULIS,Fashion Premium,1200000,0,7,0,7
2023-01-09,Medan,SKU_HIJAB_INSTAN,Fashion,65000,0,86,0,86
2023-01-09,Medan,SKU_KOPI_GAYO,Food & Beverage,220000,0,31,0,31
2023-01-09,Medan,SKU_BATIK_TULIS,Fashion Premium,1200000,0,4,0,4
2023-01-09,Makassar,SKU_HIJAB_INSTAN,Fashion,65000,0,39,0,39
2023-01-09,Makassar,SKU_KOPI_GAYO,Food & Beverage,220000,0,14,0,14
2023-01-09,Makassar,SKU_BATIK_TULIS,Fashion Premium,1200000,0,3,0,3
2023-01-10,Jakarta,SKU_HIJAB_INSTAN,Fashion,65000,0,135,0,135
2023-01-10,Jakarta,SKU_KOPI_GAYO,Food & Beverage,220000,0,69,0,69
2023-01-10,Jakarta,SKU_BATIK_TULIS,Fashion Premium,1200000,0,14,0,14
2023-01-10,Surabaya,SKU_HIJAB_INSTAN,Fashion,65000,0,72,0,72
2023-01-10,Surabaya,SKU_KOPI_GAYO,Food & Beverage,220000,0,41,0,41
2023-01-10,Surabaya,SKU_BATIK_TULIS,Fashion Premium,1200000,0,8,0,8
2023-01-10,Medan,SKU_HIJAB_INSTAN,Fashion,65000,0,58,0,58
2023-01-10,Medan,SKU_KOPI_GAYO,Food & Beverage,220000,0,24,0,24
2023-01-10,Medan,SKU_BATIK_TULIS,Fashion Premium,1200000,0,6,0,6
2023-01-10,Makassar,SKU_HIJAB_INSTAN,Fashion,65000,0,41,0,41
2023-01-10,Makassar,SKU_KOPI_GAYO,Food & Beverage,220000,0,19,0,19
2023-01-10,Makassar,SKU_BATIK_TULIS,Fashion Premium,1200000,0,3,0,3
2023-01-11,Jakarta,SKU_HIJAB_INSTAN,Fashion,65000,0,167,0,167
2023-01-11,Jakarta,SKU_KOPI_GAYO,Food & Beverage,220000,0,80,0,80
2023-01-11,Jakarta,SKU_BATIK_TULIS,Fashion Premium,1200000,0,15,0,15
2023-01-11,Surabaya,SKU_HIJAB_INSTAN,Fashion,65000,0,92,0,92
2023-01-11,Surabaya,SKU_KOPI_GAYO,Food & Beverage,220000,0,49,0,49
2023-01-11,Surabaya,SKU_BATIK_TULIS,Fashion Premium,1200000,0,7,0,7
2023-01-11,Medan,SKU_HIJAB_INSTAN,Fashion,65000,0,38,0,38
2023-01-11,Medan,SKU_KOPI_GAYO,Food & Beverage,220000,0,34,0,34
2023-01-11,Medan,SKU_BATIK_TULIS,Fashion Premium,1200000,0,4,0,4
2023-01-11,Makassar,SKU_HIJAB_INSTAN,Fashion,65000,0,26,0,26
2023-01-11,Makassar,SKU_KOPI_GAYO,Food & Beverage,220000,0,19,0,19
2023-01-11,Makassar,SKU_BATIK_TULIS,Fashion Premium,1200000,0,2,0,2
2023-01-12,Jakarta,SKU_HIJAB_INSTAN,Fashion,65000,0,182,0,182
2023-01-12,Jakarta,SKU_KOPI_GAYO,Food & Beverage,220000,0,86,0,86
2023-01-12,Jakarta,SKU_BATIK_TULIS,Fashion Premium,1200000,0,14,0,14
2023-01-12,Surabaya,SKU_HIJAB_INSTAN,Fashion,65000,0,95,0,95
2023-01-12,Surabaya,SKU_KOPI_GAYO,Food & Beverage,220000,0,44,0,44
2023-01-12,Surabaya,SKU_BATIK_TULIS,Fashion Premium,1200000,0,10,0,10
2023-01-12,Medan,SKU_HIJAB_INSTAN,Fashion,65000,0,68,0,68
2023-01-12,Medan,SKU_KOPI_GAYO,Food & Beverage,220000,0,38,0,38
2023-01-12,Medan,SKU_BATIK_TULIS,Fashion Premium,1200000,0,6,0,6
2023-01-12,Makassar,SKU_HIJAB_INSTAN,Fashion,65000,0,22,0,22
2023-01-12,Makassar,SKU_KOPI_GAYO,Food & Beverage,220000,0,8,0,8
2023-01-12,Makassar,SKU_BATIK_TULIS,Fashion Premium,1200000,0,4,0,4
2023-01-13,Jakarta,SKU_HIJAB_INSTAN,Fashion,65000,0,148,0,148
2023-01-13,Jakarta,SKU_KOPI_GAYO,Food & Beverage,220000,0,97,0,97
2023-01-13,Jakarta,SKU_BATIK_TULIS,Fashion Premium,1200000,0,19,0,19
2023-01-13,Surabaya,SKU_HIJAB_INSTAN,Fashion,65000,0,124,0,124
2023-01-13,Surabaya,SKU_KOPI_GAYO,Food & Beverage,220000,0,42,0,42
2023-01-13,Surabaya,SKU_BATIK_TULIS,Fashion Premium,1200000,0,11,0,11
2023-01-13,Medan,SKU_HIJAB_INSTAN,Fashion,65000,0,86,0,86
2023-01-13,Medan,SKU_KOPI_GAYO,Food & Beverage,220000,0,43,0,43
2023-01-13,Medan,SKU_BATIK_TULIS,Fashion Premium,1200000,0,8,0,8
2023-01-13,Makassar,SKU_HIJAB_INSTAN,Fashion,65000,0,64,0,64
2023-01-13,Makassar,SKU_KOPI_GAYO,Food & Beverage,220000,0,15,0,15
2023-01-13,Makassar,SKU_BATIK_TULIS,Fashion Premium,1200000,0,4,0,4
2023-01-14,Jakarta,SKU_HIJAB_INSTAN,Fashion,65000,0,209,0,209
2023-01-14,Jakarta,SKU_KOPI_GAYO,Food & Beverage,220000,0,79,0,79
2023-01-14,Jakarta,SKU_BATIK_TULIS,Fashion Premium,1200000,0,22,0,22
2023-01-14,Surabaya,SKU_HIJAB_INSTAN,Fashion,65000,0,120,0,120
2023-01-14,Surabaya,SKU_KOPI_GAYO,Food & Beverage,220000,0,54,0,54
2023-01-14,Surabaya,SKU_BATIK_TULIS,Fashion Premium,1200000,0,12,0,12
2023-01-14,Medan,SKU_HIJAB_INSTAN,Fashion,65000,0,65,0,65
2023-01-14,Medan,SKU_KOPI_GAYO,Food & Beverage,220000,0,41,0,41
2023-01-14,Medan,SKU_BATIK_TULIS,Fashion Premium,1200000,0,10,0,10
2023-01-14,Makassar,SKU_HIJAB_INSTAN,Fashion,65000,0,41,0,41
2023-01-14,Makassar,SKU_KOPI_GAYO,Food & Beverage,220000,0,11,0,11
2023-01-14,Makassar,SKU_BATIK_TULIS,Fashion Premium,1200000,0,3,0,3
2023-01-15,Jakarta,SKU_HIJAB_INSTAN,Fashion,65000,0,150,0,150
2023-01-15,Jakarta,SKU_KOPI_GAYO,Food & Beverage,220000,0,77,0,77
2023-01-15,Jakarta,SKU_BATIK_TULIS,Fashion Premium,1200000,0,23,0,23
2023-01-15,Surabaya,SKU_HIJAB_INSTAN,Fashion,65000,0,99,0,99
2023-01-15,Surabaya,SKU_KOPI_GAYO,Food & Beverage,220000,0,51,0,51
2023-01-15,Surabaya,SKU_BATIK_TULIS,Fashion Premium,1200000,0,14,0,14
2023-01-15,Medan,SKU_HIJAB_INSTAN,Fashion,65000,0,66,1,0
2023-01-15,Medan,SKU_KOPI_GAYO,Food & Beverage,220000,0,40,0,40
2023-01-15,Medan,SKU_BATIK_TULIS,Fashion Premium,1200000,0,7,0,7
2023-01-15,Makassar,SKU_HIJAB_INSTAN,Fashion,65000,0,26,0,26
2023-01-15,Makassar,SKU_KOPI_GAYO,Food & Beverage,220000,0,30,0,30
2023-01-15,Makassar,SKU_BATIK_TULIS,Fashion Premium,1200000,0,6,0,6
2023-01-16,Jakarta,SKU_HIJAB_INSTAN,Fashion,65000,0,153,0,153
2023-01-16,Jakarta,SKU_KOPI_GAYO,Food & Beverage,220000,0,83,0,83
2023-01-16,Jakarta,SKU_BATIK_TULIS,Fashion Premium,1200000,0,13,0,13
2023-01-16,Surabaya,SKU_HIJAB_INSTAN,Fashion,65000,0,74,0,74
2023-01-16,Surabaya,SKU_KOPI_GAYO,Food & Beverage,220000,0,53,0,53
2023-01-16,Surabaya,SKU_BATIK_TULIS,Fashion Premium,1200000,0,7,0,7
2023-01-16,Medan,SKU_HIJAB_INSTAN,Fashion,65000,0,60,0,60
2023-01-16,Medan,SKU_KOPI_GAYO,Food & Beverage,220000,0,27,0,27
2023-01-16,Medan,SKU_BATIK_TULIS,Fashion Premium,1200000,0,5,0,5
2023-01-16,Makassar,SKU_HIJAB_INSTAN,Fashion,65000,0,22,0,22
2023-01-16,Makassar,SKU_KOPI_GAYO,Food & Beverage,220000,0,12,0,12
2023-01-16,Makassar,SKU_BATIK_TULIS,Fashion Premium,1200000,0,2,0,2
2023-01-17,Jakarta,SKU_HIJAB_INSTAN,Fashion,65000,0,159,0,159
2023-01-17,Jakarta,SKU_KOPI_GAYO,Food & Beverage,220000,0,76,0,76
2023-01-17,Jakarta,SKU_BATIK_TULIS,Fashion Premium,1200000,0,13,0,13
2023-01-17,Surabaya,SKU_HIJAB_INSTAN,Fashion,65000,0,103,0,103
2023-01-17,Surabaya,SKU_KOPI_GAYO,Food & Beverage,220000,0,34,0,34
2023-01-17,Surabaya,SKU_BATIK_TULIS,Fashion Premium,1200000,0,10,0,10
2023-01-17,Medan,SKU_HIJAB_INSTAN,Fashion,65000,0,54,0,54
2023-01-17,Medan,SKU_KOPI_GAYO,Food & Beverage,220000,0,31,0,31
2023-01-17,Medan,SKU_BATIK_TULIS,Fashion Premium,1200000,0,7,0,7
2023-01-17,Makassar,SKU_HIJAB_INSTAN,Fashion,65000,0,38,0,38
2023-01-17,Makassar,SKU_KOPI_GAYO,Food & Beverage,220000,0,6,0,6
2023-01-17,Makassar,SKU_BATIK_TULIS,Fashion Premium,1200000,0,2,0,2
2023-01-18,Jakarta,SKU_HIJAB_INSTAN,Fashion,65000,0,153,0,153
2023-01-18,Jakarta,SKU_KOPI_GAYO,Food & Beverage,220000,0,80,0,80
2023-01-18,Jakarta,SKU_BATIK_TULIS,Fashion Premium,1200000,0,15,0,15
2023-01-18,Surabaya,SKU_HIJAB_INSTAN,Fashion,65000,0,96,0,96
2023-01-18,Surabaya,SKU_KOPI_GAYO,Food & Beverage,220000,0,62,0,62
2023-01-18,Surabaya,SKU_BATIK_TULIS,Fashion Premium,1200000,0,8,0,8
2023-01-18,Medan,SKU_HIJAB_INSTAN,Fashion,65000,0,86,0,86
2023-01-18,Medan,SKU_KOPI_GAYO,Food & Beverage,220000,0,26,0,26
2023-01-18,Medan,SKU_BATIK_TULIS,Fashion Premium,1200000,0,3,0,3
2023-01-18,Makassar,SKU_HIJAB_INSTAN,Fashion,65000,0,23,0,23
2023-01-18,Makassar,SKU_KOPI_GAYO,Food & Beverage,220000,0,18,0,18
2023-01-18,Makassar,SKU_BATIK_TULIS,Fashion Premium,1200000,0,5,0,5
2023-01-19,Jakarta,SKU_HIJAB_INSTAN,Fashion,65000,0,165,0,165
2023-01-19,Jakarta,SKU_KOPI_GAYO,Food & Beverage,220000,0,92,0,92
2023-01-19,Jakarta,SKU_BATIK_TULIS,Fashion Premium,1200000,0,16,0,16
2023-01-19,Surabaya,SKU_HIJAB_INSTAN,Fashion,65000,0,90,0,90
2023-01-19,Surabaya,SKU_KOPI_GAYO,Food & Beverage,220000,0,51,0,51
2023-01-19,Surabaya,SKU_BATIK_TULIS,Fashion Premium,1200000,0,8,0,8
2023-01-19,Medan,SKU_HIJAB_INSTAN,Fashion,65000,0,65,0,65
2023-01-19,Medan,SKU_KOPI_GAYO,Food & Beverage,220000,0,34,0,34
2023-01-19,Medan,SKU_BATIK_TULIS,Fashion Premium,1200000,0,6,0,6
2023-01-19,Makassar,SKU_HIJAB_INSTAN,Fashion,65000,0,30,0,30
2023-01-19,Makassar,SKU_KOPI_GAYO,Food & Beverage,220000,0,26,0,26
2023-01-19,Makassar,SKU_BATIK_TULIS,Fashion Premium,1200000,0,3,0,3
2023-01-20,Jakarta,SKU_HIJAB_INSTAN,Fashion,65000,0,151,0,151
2023-01-20,Jakarta,SKU_KOPI_GAYO,Food & Beverage,220000,0,84,0,84
2023-01-20,Jakarta,SKU_BATIK_TULIS,Fashion Premium,1200000,0,21,0,21
2023-01-20,Surabaya,SKU_HIJAB_INSTAN,Fashion,65000,0,84,0,84
2023-01-20,Surabaya,SKU_KOPI_GAYO,Food & Beverage,220000,0,53,0,53
2023-01-20,Surabaya,SKU_BATIK_TULIS,Fashion Premium,1200000,0,10,0,10
2023-01-20,Medan,SKU_HIJAB_INSTAN,Fashion,65000,0,82,0,82
2023-01-20,Medan,SKU_KOPI_GAYO,Food & Beverage,220000,0,34,0,34
2023-01-20,Medan,SKU_BATIK_TULIS,Fashion Premium,1200000,0,7,0,7
2023-01-20,Makassar,SKU_HIJAB_INSTAN,Fashion,65000,0,46,0,46
2023-01-20,Makassar,SKU_KOPI_GAYO,Food & Beverage,220000,0,21,0,21
2023-01-20,Makassar,SKU_BATIK_TULIS,Fashion Premium,1200000,0,6,0,6
2023-01-21,Jakarta,SKU_HIJAB_INSTAN,Fashion,65000,0,160,0,160
2023-01-21,Jakarta,SKU_KOPI_GAYO,Food & Beverage,220000,0,98,0,98
2023-01-21,Jakarta,SKU_BATIK_TULIS,Fashion Premium,1200000,0,23,0,23
2023-01-21,Surabaya,SKU_HIJAB_INSTAN,Fashion,65000,0,79,0,79
2023-01-21,Surabaya,SKU_KOPI_GAYO,Food & Beverage,220000,0,59,0,59
2023-01-21,Surabaya,SKU_BATIK_TULIS,Fashion Premium,1200000,0,14,0,14
2023-01-21,Medan,SKU_HIJAB_INSTAN,Fashion,65000,0,74,0,74
2023-01-21,Medan,SKU_KOPI_GAYO,Food & Beverage,220000,0,40,0,40
2023-01-21,Medan,SKU_BATIK_TULIS,Fashion Premium,1200000,0,9,0,9
2023-01-21,Makassar,SKU_HIJAB_INSTAN,Fashion,65000,0,43,0,43
2023-01-21,Makassar,SKU_KOPI_GAYO,Food & Beverage,220000,0,16,0,16
2023-01-21,Makassar,SKU_BATIK_TULIS,Fashion Premium,1200000,0,4,0,4
2023-01-22,Jakarta,SKU_HIJAB_INSTAN,Fashion,65000,0,181,0,181
2023-01-22,Jakarta,SKU_KOPI_GAYO,Food & Beverage,220000,0,79,0,79
2023-01-22,Jakarta,SKU_BATIK_TULIS,Fashion Premium,1200000,0,20,0,20
2023-01-22,Surabaya,SKU_HIJAB_INSTAN,Fashion,65000,0,119,0,119
2023-01-22,Surabaya,SKU_KOPI_GAYO,Food & Beverage,220000,0,48,0,48
2023-01-22,Surabaya,SKU_BATIK_TULIS,Fashion Premium,1200000,0,11,0,11
2023-01-22,Medan,SKU_HIJAB_INSTAN,Fashion,65000,0,68,0,68
2023-01-22,Medan,SKU_KOPI_GAYO,Food & Beverage,220000,0,27,0,27
2023-01-22,Medan,SKU_BATIK_TULIS,Fashion Premium,1200000,0,11,0,11
2023-01-22,Makassar,SKU_HIJAB_INSTAN,Fashion,65000,0,35,0,35
2023-01-22,Makassar,SKU_KOPI_GAYO,Food & Beverage,220000,0,12,0,12
2023-01-22,Makassar,SKU_BATIK_TULIS,Fashion Premium,1200000,0,4,0,4
2023-01-23,Jakarta,SKU_HIJAB_INSTAN,Fashion,65000,0,150,0,150
2023-01-23,Jakarta,SKU_KOPI_GAYO,Food & Beverage,220000,0,74,1,0
2023-01-23,Jakarta,SKU_BATIK_TULIS,Fashion Premium,1200000,0,12,0,12
2023-01-23,Surabaya,SKU_HIJAB_INSTAN,Fashion,65000,0,58,0,58
2023-01-23,Surabaya,SKU_KOPI_GAYO,Food & Beverage,220000,0,52,0,52
2023-01-23,Surabaya,SKU_BATIK_TULIS,Fashion Premium,1200000,0,6,0,6
2023-01-23,Medan,SKU_HIJAB_INSTAN,Fashion,65000,0,45,0,45
2023-01-23,Medan,SKU_KOPI_GAYO,Food & Beverage,220000,0,31,0,31
2023-01-23,Medan,SKU_BATIK_TULIS,Fashion Premium,1200000,0,4,0,4
2023-01-23,Makassar,SKU_HIJAB_INSTAN,Fashion,65000,0,18,0,18
2023-01-23,Makassar,SKU_KOPI_GAYO,Food & Beverage,220000,0,9,0,9
2023-01-23,Makassar,SKU_BATIK_TULIS,Fashion Premium,1200000,0,2,0,2
2023-01-24,Jakarta,SKU_HIJAB_INSTAN,Fashion,65000,0,165,0,165
2023-01-24,Jakarta,SKU_KOPI_GAYO,Food & Beverage,220000,0,85,0,85
2023-01-24,Jakarta,SKU_BATIK_TULIS,Fashion Premium,1200000,0,14,0,14
2023-01-24,Surabaya,SKU_HIJAB_INSTAN,Fashion,65000,0,77,0,77
2023-01-24,Surabaya,SKU_KOPI_GAYO,Food & Beverage,220000,0,41,0,41
2023-01-24,Surabaya,SKU_BATIK_TULIS,Fashion Premium,1200000,0,8,0,8
2023-01-24,Medan,SKU_HIJAB_INSTAN,Fashion,65000,0,69,0,69
2023-01-24,Medan,SKU_KOPI_GAYO,Food & Beverage,220000,0,43,0,43
2023-01-24,Medan,SKU_BATIK_TULIS,Fashion Premium,1200000,0,4,0,4
2023-01-24,Makassar,SKU_HIJAB_INSTAN,Fashion,65000,0,35,0,35
2023-01-24,Makassar,SKU_KOPI_GAYO,Food & Beverage,220000,0,11,0,11
2023-01-24,Makassar,SKU_BATIK_TULIS,Fashion Premium,1200000,0,2,0,2
2023-01-25,Jakarta,SKU_HIJAB_INSTAN,Fashion,65000,0,166,0,166
2023-01-25,Jakarta,SKU_KOPI_GAYO,Food & Beverage,220000,0,82,0,82
2023-01-25,Jakarta,SKU_BATIK_TULIS,Fashion Premium,960000,1,25,0,25
2023-01-25,Surabaya,SKU_HIJAB_INSTAN,Fashion,65000,0,109,0,109
2023-01-25,Surabaya,SKU_KOPI_GAYO,Food & Beverage,220000,0,41,0,41
2023-01-25,Surabaya,SKU_BATIK_TULIS,Fashion Premium,960000,1,16,0,16
2023-01-25,Medan,SKU_HIJAB_INSTAN,Fashion,65000,0,44,0,44
2023-01-25,Medan,SKU_KOPI_GAYO,Food & Beverage,220000,0,35,0,35
2023-01-25,Medan,SKU_BATIK_TULIS,Fashion Premium,1200000,0,7,0,7
2023-01-25,Makassar,SKU_HIJAB_INSTAN,Fashion,52000,1,24,0,24
2023-01-25,Makassar,SKU_KOPI_GAYO,Food & Beverage,176000,1,35,0,35
2023-01-25,Makassar,SKU_BATIK_TULIS,Fashion Premium,1200000,0,2,0,2
2023-01-26,Jakarta,SKU_HIJAB_INSTAN,Fashion,65000,0,146,0,146
2023-01-26,Jakarta,SKU_KOPI_GAYO,Food & Beverage,220000,0,83,0,83
2023-01-26,Jakarta,SKU_BATIK_TULIS,Fashion Premium,960000,1,29,0,29
2023-01-26,Surabaya,SKU_HIJAB_INSTAN,Fashion,52000,1,150,0,150
2023-01-26,Surabaya,SKU_KOPI_GAYO,Food & Beverage,220000,0,53,0,53
2023-01-26,Surabaya,SKU_BATIK_TULIS,Fashion Premium,960000,1,17,0,17
2023-01-26,Medan,SKU_HIJAB_INSTAN,Fashion,52000,1,110,0,110
2023-01-26,Medan,SKU_KOPI_GAYO,Food & Beverage,176000,1,63,0,63
2023-01-26,Medan,SKU_BATIK_TULIS,Fashion Premium,960000,1,11,0,11
2023-01-26,Makassar,SKU_HIJAB_INSTAN,Fashion,65000,0,52,0,52
2023-01-26,Makassar,SKU_KOPI_GAYO,Food & Beverage,220000,0,6,0,6
2023-01-26,Makassar,SKU_BATIK_TULIS,Fashion Premium,960000,1,5,0,5
2023-01-27,Jakarta,SKU_HIJAB_INSTAN,Fashion,65000,0,159,0,159
2023-01-27,Jakarta,SKU_KOPI_GAYO,Food & Beverage,220000,0,102,0,102
2023-01-27,Jakarta,SKU_BATIK_TULIS,Fashion Premium,1200000,0,23,0,23
2023-01-27,Surabaya,SKU_HIJAB_INSTAN,Fashion,52000,1,162,0,162
2023-01-27,Surabaya,SKU_KOPI_GAYO,Food & Beverage,220000,0,56,0,56
2023-01-27,Surabaya,SKU_BATIK_TULIS,Fashion Premium,1200000,0,12,0,12
2023-01-27,Medan,SKU_HIJAB_INSTAN,Fashion,65000,0,68,0,68
2023-01-27,Medan,SKU_KOPI_GAYO,Food & Beverage,176000,1,43,0,43
2023-01-27,Medan,SKU_BATIK_TULIS,Fashion Premium,1200000,0,10,0,10
2023-01-27,Makassar,SKU_HIJAB_INSTAN,Fashion,65000,0,55,0,55
2023-01-27,Makassar,SKU_KOPI_GAYO,Food & Beverage,176000,1,7,0,7
2023-01-27,Makassar,SKU_BATIK_TULIS,Fashion Premium,1200000,0,7,0,7
2023-01-28,Jakarta,SKU_HIJAB_INSTAN,Fashion,65000,0,198,0,198
2023-01-28,Jakarta,SKU_KOPI_GAYO,Food & Beverage,220000,0,96,0,96
2023-01-28,Jakarta,SKU_BATIK_TULIS,Fashion Premium,1200000,0,26,0,26
2023-01-28,Surabaya,SKU_HIJAB_INSTAN,Fashion,65000,0,127,0,127
2023-01-28,Surabaya,SKU_KOPI_GAYO,Food & Beverage,220000,0,59,0,59
2023-01-28,Surabaya,SKU_BATIK_TULIS,Fashion Premium,1200000,0,15,0,15
2023-01-28,Medan,SKU_HIJAB_INSTAN,Fashion,65000,0,121,0,121
2023-01-28,Medan,SKU_KOPI_GAYO,Food & Beverage,176000,1,61,0,61
2023-01-28,Medan,SKU_BATIK_TULIS,Fashion Premium,1200000,0,12,0,12
2023-01-28,Makassar,SKU_HIJAB_INSTAN,Fashion,52000,1,4,0,4
2023-01-28,Makassar,SKU_KOPI_GAYO,Food & Beverage,220000,0,7,0,7
2023-01-28,Makassar,SKU_BATIK_TULIS,Fashion Premium,960000,1,6,0,6
2023-01-29,Jakarta,SKU_HIJAB_INSTAN,Fashion,65000,0,187,0,187
2023-01-29,Jakarta,SKU_KOPI_GAYO,Food & Beverage,220000,0,85,0,85
2023-01-29,Jakarta,SKU_BATIK_TULIS,Fashion Premium,1200000,0,19,0,19
2023-01-29,Surabaya,SKU_HIJAB_INSTAN,Fashion,65000,0,113,0,113
2023-01-29,Surabaya,SKU_KOPI_GAYO,Food & Beverage,220000,0,46,0,46
2023-01-29,Surabaya,SKU_BATIK_TULIS,Fashion Premium,1200000,0,12,0,12
2023-01-29,Medan,SKU_HIJAB_INSTAN,Fashion,65000,0,60,0,60
2023-01-29,Medan,SKU_KOPI_GAYO,Food & Beverage,220000,0,35,0,35
2023-01-29,Medan,SKU_BATIK_TULIS,Fashion Premium,1200000,0,8,0,8
2023-01-29,Makassar,SKU_HIJAB_INSTAN,Fashion,65000,0,37,0,37
2023-01-29,Makassar,SKU_KOPI_GAYO,Food & Beverage,220000,0,35,0,35
2023-01-29,Makassar,SKU_BATIK_TULIS,Fashion Premium,1200000,0,2,0,2
2023-01-30,Jakarta,SKU_HIJAB_INSTAN,Fashion,65000,0,111,0,111
2023-01-30,Jakarta,SKU_KOPI_GAYO,Food & Beverage,220000,0,85,0,85
2023-01-30,Jakarta,SKU_BATIK_TULIS,Fashion Premium,1200000,0,12,0,12
2023-01-30,Surabaya,SKU_HIJAB_INSTAN,Fashion,65000,0,80,0,80
2023-01-30,Surabaya,SKU_KOPI_GAYO,Food & Beverage,220000,0,38,0,38
2023-01-30,Surabaya,SKU_BATIK_TULIS,Fashion Premium,1200000,0,7,0,7
2023-01-30,Medan,SKU_HIJAB_INSTAN,Fashion,65000,0,67,0,67
2023-01-30,Medan,SKU_KOPI_GAYO,Food & Beverage,220000,0,39,0,39
2023-01-30,Medan,SKU_BATIK_TULIS,Fashion Premium,1200000,0,6,1,0
2023-01-30,Makassar,SKU_HIJAB_INSTAN,Fashion,65000,0,15,0,15
2023-01-30,Makassar,SKU_KOPI_GAYO,Food & Beverage,220000,0,12,0,12
2023-01-30,Makassar,SKU_BATIK_TULIS,Fashion Premium,1200000,0,3,0,3
2023-01-31,Jakarta,SKU_HIJAB_INSTAN,Fashion,65000,0,156,0,156
2023-01-31,Jakarta,SKU_KOPI_GAYO,Food & Beverage,220000,0,73,0,73
2023-01-31,Jakarta,SKU_BATIK_TULIS,Fashion Premium,1200000,0,16,0,16
2023-01-31,Surabaya,SKU_HIJAB_INSTAN,Fashion,65000,0,76,0,76
2023-01-31,Surabaya,SKU_KOPI_GAYO,Food & Beverage,220000,0,37,0,37
2023-01-31,Surabaya,SKU_BATIK_TULIS,Fashion Premium,1200000,0,10,0,10
2023-01-31,Medan,SKU_HIJAB_INSTAN,Fashion,65000,0,44,0,44
2023-01-31,Medan,SKU_KOPI_GAYO,Food & Beverage,220000,0,26,0,26
2023-01-31,Medan,SKU_BATIK_TULIS,Fashion Premium,1200000,0,6,0,6
2023-01-31,Makassar,SKU_HIJAB_INSTAN,Fashion,65000,0,12,0,12
2023-01-31,Makassar,SKU_KOPI_GAYO,Food & Beverage,220000,0,4,0,4
2023-01-31,Makassar,SKU_BATIK_TULIS,Fashion Premium,1200000,0,2,0,2
2023-02-01,Jakarta,SKU_HIJAB_INSTAN,Fashion,65000,0,151,0,151
2023-02-01,Jakarta,SKU_KOPI_GAYO,Food & Beverage,220000,0,87,0,87
2023-02-01,Jakarta,SKU_BATIK_TULIS,Fashion Premium,1200000,0,14,0,14
2023-02-01,Surabaya,SKU_HIJAB_INSTAN,Fashion,65000,0,90,0,90
2023-02-01,Surabaya,SKU_KOPI_GAYO,Food & Beverage,220000,0,39,0,39
2023-02-01,Surabaya,SKU_BATIK_TULIS,Fashion Premium,1200000,0,9,0,9
2023-02-01,Medan,SKU_HIJAB_INSTAN,Fashion,65000,0,60,0,60
2023-02-01,Medan,SKU_KOPI_GAYO,Food & Beverage,220000,0,34,0,34
2023-02-01,Medan,SKU_BATIK_TULIS,Fashion Premium,1200000,0,6,0,6
2023-02-01,Makassar,SKU_HIJAB_INSTAN,Fashion,65000,0,18,0,18
2023-02-01,Makassar,SKU_KOPI_GAYO,Food & Beverage,220000,0,22,0,22
2023-02-01,Makassar,SKU_BATIK_TULIS,Fashion Premium,1200000,0,3,1,0
2023-02-02,Jakarta,SKU_HIJAB_INSTAN,Fashion,65000,0,176,0,176
2023-02-02,Jakarta,SKU_KOPI_GAYO,Food & Beverage,220000,0,93,0,93
2023-02-02,Jakarta,SKU_BATIK_TULIS,Fashion Premium,1200000,0,16,0,16
2023-02-02,Surabaya,SKU_HIJAB_INSTAN,Fashion,65000,0,104,0,104
2023-02-02,Surabaya,SKU_KOPI_GAYO,Food & Beverage,220000,0,47,0,47
2023-02-02,Surabaya,SKU_BATIK_TULIS,Fashion Premium,1200000,0,10,0,10
2023-02-02,Medan,SKU_HIJAB_INSTAN,Fashion,65000,0,43,0,43
2023-02-02,Medan,SKU_KOPI_GAYO,Food & Beverage,220000,0,27,0,27
2023-02-02,Medan,SKU_BATIK_TULIS,Fashion Premium,1200000,0,7,0,7
2023-02-02,Makassar,SKU_HIJAB_INSTAN,Fashion,65000,0,9,0,9
2023-02-02,Makassar,SKU_KOPI_GAYO,Food & Beverage,220000,0,17,0,17
2023-02-02,Makassar,SKU_BATIK_TULIS,Fashion Premium,1200000,0,3,0,3
2023-02-03,Jakarta,SKU_HIJAB_INSTAN,Fashion,65000,0,158,0,158
2023-02-03,Jakarta,SKU_KOPI_GAYO,Food & Beverage,220000,0,86,0,86
2023-02-03,Jakarta,SKU_BATIK_TULIS,Fashion Premium,1200000,0,22,0,22
2023-02-03,Surabaya,SKU_HIJAB_INSTAN,Fashion,65000,0,90,0,90
2023-02-03,Surabaya,SKU_KOPI_GAYO,Food & Beverage,220000,0,51,0,51
2023-02-03,Surabaya,SKU_BATIK_TULIS,Fashion Premium,1200000,0,14,0,14
2023-02-03,Medan,SKU_HIJAB_INSTAN,Fashion,65000,0,76,0,76
2023-02-03,Medan,SKU_KOPI_GAYO,Food & Beverage,220000,0,30,0,30
2023-02-03,Medan,SKU_BATIK_TULIS,Fashion Premium,1200000,0,9,0,9
2023-02-03,Makassar,SKU_HIJAB_INSTAN,Fashion,65000,0,12,0,12
2023-02-03,Makassar,SKU_KOPI_GAYO,Food & Beverage,220000,0,16,0,16
2023-02-03,Makassar,SKU_BATIK_TULIS,Fashion Premium,1200000,0,5,0,5
2023-02-04,Jakarta,SKU_HIJAB_INSTAN,Fashion,65000,0,198,0,198
2023-02-04,Jakarta,SKU_KOPI_GAYO,Food & Beverage,220000,0,93,0,93
2023-02-04,Jakarta,SKU_BATIK_TULIS,Fashion Premium,1200000,0,22,0,22
2023-02-04,Surabaya,SKU_HIJAB_INSTAN,Fashion,65000,0,121,0,121
2023-02-04,Surabaya,SKU_KOPI_GAYO,Food & Beverage,220000,0,59,0,59
2023-02-04,Surabaya,SKU_BATIK_TULIS,Fashion Premium,1200000,0,14,0,14
2023-02-04,Medan,SKU_HIJAB_INSTAN,Fashion,65000,0,81,0,81
2023-02-04,Medan,SKU_KOPI_GAYO,Food & Beverage,220000,0,33,0,33
2023-02-04,Medan,SKU_BATIK_TULIS,Fashion Premium,1200000,0,11,0,11
2023-02-04,Makassar,SKU_HIJAB_INSTAN,Fashion,65000,0,36,0,36
2023-02-04,Makassar,SKU_KOPI_GAYO,Food & Beverage,220000,0,7,0,7
2023-02-04,Makassar,SKU_BATIK_TULIS,Fashion Premium,1200000,0,5,0,5
2023-02-05,Jakarta,SKU_HIJAB_INSTAN,Fashion,65000,0,194,0,194
2023-02-05,Jakarta,SKU_KOPI_GAYO,Food & Beverage,220000,0,80,0,80
2023-02-05,Jakarta,SKU_BATIK_TULIS,Fashion Premium,1200000,0,23,0,23
2023-02-05,Surabaya,SKU_HIJAB_INSTAN,Fashion,65000,0,108,0,108
2023-02-05,Surabaya,SKU_KOPI_GAYO,Food & Beverage,220000,0,53,0,53
2023-02-05,Surabaya,SKU_BATIK_TULIS,Fashion Premium,1200000,0,14,0,14
2023-02-05,Medan,SKU_HIJAB_INSTAN,Fashion,65000,0,71,0,71
2023-02-05,Medan,SKU_KOPI_GAYO,Food & Beverage,220000,0,42,0,42
2023-02-05,Medan,SKU_BATIK_TULIS,Fashion Premium,1200000,0,7,0,7
2023-02-05,Makassar,SKU_HIJAB_INSTAN,Fashion,65000,0,55,0,55
2023-02-05,Makassar,SKU_KOPI_GAYO,Food & Beverage,220000,0,14,0,14
2023-02-05,Makassar,SKU_BATIK_TULIS,Fashion Premium,1200000,0,6,0,6
2023-02-06,Jakarta,SKU_HIJAB_INSTAN,Fashion,65000,0,138,0,138
2023-02-06,Jakarta,SKU_KOPI_GAYO,Food & Beverage,220000,0,73,0,73
2023-02-06,Jakarta,SKU_BATIK_TULIS,Fashion Premium,1200000,0,11,0,11
2023-02-06,Surabaya,SKU_HIJAB_INSTAN,Fashion,65000,0,71,0,71
2023-02-06,Surabaya,SKU_KOPI_GAYO,Food & Beverage,220000,0,46,0,46
2023-02-06,Surabaya,SKU_BATIK_TULIS,Fashion Premium,1200000,0,7,0,7
2023-02-06,Medan,SKU_HIJAB_INSTAN,Fashion,65000,0,82,0,82
2023-02-06,Medan,SKU_KOPI_GAYO,Food & Beverage,220000,0,27,0,27
2023-02-06,Medan,SKU_BATIK_TULIS,Fashion Premium,1200000,0,6,0,6
2023-02-06,Makassar,SKU_HIJAB_INSTAN,Fashion,65000,0,46,0,46
2023-02-06,Makassar,SKU_KOPI_GAYO,Food & Beverage,220000,0,12,0,12
2023-02-06,Makassar,SKU_BATIK_TULIS,Fashion Premium,1200000,0,2,0,2
2023-02-07,Jakarta,SKU_HIJAB_INSTAN,Fashion,65000,0,163,0,163
2023-02-07,Jakarta,SKU_KOPI_GAYO,Food & Beverage,220000,0,76,0,76
2023-02-07,Jakarta,SKU_BATIK_TULIS,Fashion Premium,1200000,0,13,0,13
2023-02-07,Surabaya,SKU_HIJAB_INSTAN,Fashion,65000,0,95,0,95
2023-02-07,Surabaya,SKU_KOPI_GAYO,Food & Beverage,220000,0,57,0,57
2023-02-07,Surabaya,SKU_BATIK_TULIS,Fashion Premium,1200000,0,10,0,10
2023-02-07,Medan,SKU_HIJAB_INSTAN,Fashion,65000,0,51,0,51
2023-02-07,Medan,SKU_KOPI_GAYO,Food & Beverage,220000,0,29,0,29
2023-02-07,Medan,SKU_BATIK_TULIS,Fashion Premium,1200000,0,5,0,5
2023-02-07,Makassar,SKU_HIJAB_INSTAN,Fashion,65000,0,33,0,33
2023-02-07,Makassar,SKU_KOPI_GAYO,Food & Beverage,220000,0,14,0,14
2023-02-07,Makassar,SKU_BATIK_TULIS,Fashion Premium,1200000,0,2,0,2
2023-02-08,Jakarta,SKU_HIJAB_INSTAN,Fashion,65000,0,141,0,141
2023-02-08,Jakarta,SKU_KOPI_GAYO,Food & Beverage,220000,0,80,0,80
2023-02-08,Jakarta,SKU_BATIK_TULIS,Fashion Premium,1200000,0,10,0,10
2023-02-08,Surabaya,SKU_HIJAB_INSTAN,Fashion,65000,0,80,0,80
2023-02-08,Surabaya,SKU_KOPI_GAYO,Food & Beverage,220000,0,57,0,57
2023-02-08,Surabaya,SKU_BATIK_TULIS,Fashion Premium,1200000,0,7,0,7
2023-02-08,Medan,SKU_HIJAB_INSTAN,Fashion,65000,0,63,0,63
2023-02-08,Medan,SKU_KOPI_GAYO,Food & Beverage,220000,0,34,0,34
2023-02-08,Medan,SKU_BATIK_TULIS,Fashion Premium,1200000,0,6,0,6
2023-02-08,Makassar,SKU_HIJAB_INSTAN,Fashion,65000,0,39,0,39
2023-02-08,Makassar,SKU_KOPI_GAYO,Food & Beverage,220000,0,22,0,22
2023-02-08,Makassar,SKU_BATIK_TULIS,Fashion Premium,1200000,0,4,0,4
2023-02-09,Jakarta,SKU_HIJAB_INSTAN,Fashion,65000,0,154,0,154
2023-02-09,Jakarta,SKU_KOPI_GAYO,Food & Beverage,220000,0,83,0,83
2023-02-09,Jakarta,SKU_BATIK_TULIS,Fashion Premium,1200000,0,17,0,17
2023-02-09,Surabaya,SKU_HIJAB_INSTAN,Fashion,65000,0,89,0,89
2023-02-09,Surabaya,SKU_KOPI_GAYO,Food & Beverage,220000,0,50,0,50
2023-02-09,Surabaya,SKU_BATIK_TULIS,Fashion Premium,1200000,0,10,0,10
2023-02-09,Medan,SKU_HIJAB_INSTAN,Fashion,65000,0,70,0,70
2023-02-09,Medan,SKU_KOPI_GAYO,Food & Beverage,220000,0,47,0,47
2023-02-09,Medan,SKU_BATIK_TULIS,Fashion Premium,1200000,0,7,0,7
2023-02-09,Makassar,SKU_HIJAB_INSTAN,Fashion,65000,0,51,0,51
2023-02-09,Makassar,SKU_KOPI_GAYO,Food & Beverage,220000,0,20,0,20
2023-02-09,Makassar,SKU_BATIK_TULIS,Fashion Premium,1200000,0,3,0,3
2023-02-10,Jakarta,SKU_HIJAB_INSTAN,Fashion,65000,0,164,0,164
2023-02-10,Jakarta,SKU_KOPI_GAYO,Food & Beverage,220000,0,83,0,83
2023-02-10,Jakarta,SKU_BATIK_TULIS,Fashion Premium,1200000,0,17,0,17
2023-02-10,Surabaya,SKU_HIJAB_INSTAN,Fashion,65000,0,113,0,113
2023-02-10,Surabaya,SKU_KOPI_GAYO,Food & Beverage,220000,0,53,0,53
2023-02-10,Surabaya,SKU_BATIK_TULIS,Fashion Premium,1200000,0,11,0,11
2023-02-10,Medan,SKU_HIJAB_INSTAN,Fashion,65000,0,65,0,65
2023-02-10,Medan,SKU_KOPI_GAYO,Food & Beverage,220000,0,20,0,20
2023-02-10,Medan,SKU_BATIK_TULIS,Fashion Premium,1200000,0,5,0,5
2023-02-10,Makassar,SKU_HIJAB_INSTAN,Fashion,65000,0,27,0,27
2023-02-10,Makassar,SKU_KOPI_GAYO,Food & Beverage,220000,0,8,0,8
2023-02-10,Makassar,SKU_BATIK_TULIS,Fashion Premium,1200000,0,3,0,3
2023-02-11,Jakarta,SKU_HIJAB_INSTAN,Fashion,65000,0,190,0,190
2023-02-11,Jakarta,SKU_KOPI_GAYO,Food & Beverage,220000,0,84,0,84
2023-02-11,Jakarta,SKU_BATIK_TULIS,Fashion Premium,1200000,0,24,0,24
2023-02-11,Surabaya,SKU_HIJAB_INSTAN,Fashion,65000,0,110,0,110
2023-02-11,Surabaya,SKU_KOPI_GAYO,Food & Beverage,220000,0,42,0,42
2023-02-11,Surabaya,SKU_BATIK_TULIS,Fashion Premium,1200000,0,12,0,12
2023-02-11,Medan,SKU_HIJAB_INSTAN,Fashion,65000,0,71,0,71
2023-02-11,Medan,SKU_KOPI_GAYO,Food & Beverage,220000,0,38,0,38
2023-02-11,Medan,SKU_BATIK_TULIS,Fashion Premium,1200000,0,6,0,6
2023-02-11,Makassar,SKU_HIJAB_INSTAN,Fashion,65000,0,59,0,59
2023-02-11,Makassar,SKU_KOPI_GAYO,Food & Beverage,220000,0,20,0,20
2023-02-11,Makassar,SKU_BATIK_TULIS,Fashion Premium,1200000,0,5,0,5
2023-02-12,Jakarta,SKU_HIJAB_INSTAN,Fashion,65000,0,163,0,163
2023-02-12,Jakarta,SKU_KOPI_GAYO,Food & Beverage,220000,0,89,0,89
2023-02-12,Jakarta,SKU_BATIK_TULIS,Fashion Premium,1200000,0,23,0,23
2023-02-12,Surabaya,SKU_HIJAB_INSTAN,Fashion,65000,0,113,0,113
2023-02-12,Surabaya,SKU_KOPI_GAYO,Food & Beverage,220000,0,54,0,54
2023-02-12,Surabaya,SKU_BATIK_TULIS,Fashion Premium,1200000,0,11,0,11
2023-02-12,Medan,SKU_HIJAB_INSTAN,Fashion,65000,0,60,0,60
2023-02-12,Medan,SKU_KOPI_GAYO,Food & Beverage,220000,0,34,0,34
2023-02-12,Medan,SKU_BATIK_TULIS,Fashion Premium,1200000,0,7,0,7
2023-02-12,Makassar,SKU_HIJAB_INSTAN,Fashion,65000,0,49,1,0
2023-02-12,Makassar,SKU_KOPI_GAYO,Food & Beverage,220000,0,16,0,16
2023-02-12,Makassar,SKU_BATIK_TULIS,Fashion Premium,1200000,0,3,0,3
2023-02-13,Jakarta,SKU_HIJAB_INSTAN,Fashion,65000,0,151,0,151
2023-02-13,Jakarta,SKU_KOPI_GAYO,Food & Beverage,220000,0,81,0,81
2023-02-13,Jakarta,SKU_BATIK_TULIS,Fashion Premium,1200000,0,12,0,12
2023-02-13,Surabaya,SKU_HIJAB_INSTAN,Fashion,65000,0,84,0,84
2023-02-13,Surabaya,SKU_KOPI_GAYO,Food & Beverage,220000,0,47,0,47
2023-02-13,Surabaya,SKU_BATIK_TULIS,Fashion Premium,1200000,0,6,0,6
2023-02-13,Medan,SKU_HIJAB_INSTAN,Fashion,65000,0,54,0,54
2023-02-13,Medan,SKU_KOPI_GAYO,Food & Beverage,220000,0,31,0,31
2023-02-13,Medan,SKU_BATIK_TULIS,Fashion Premium,1200000,0,5,0,5
2023-02-13,Makassar,SKU_HIJAB_INSTAN,Fashion,65000,0,20,0,20
2023-02-13,Makassar,SKU_KOPI_GAYO,Food & Beverage,220000,0,9,0,9
2023-02-13,Makassar,SKU_BATIK_TULIS,Fashion Premium,1200000,0,2,0,2
2023-02-14,Jakarta,SKU_HIJAB_INSTAN,Fashion,65000,0,141,0,141
2023-02-14,Jakarta,SKU_KOPI_GAYO,Food & Beverage,220000,0,77,0,77
2023-02-14,Jakarta,SKU_BATIK_TULIS,Fashion Premium,1200000,0,16,0,16
2023-02-14,Surabaya,SKU_HIJAB_INSTAN,Fashion,65000,0,92,0,92
2023-02-14,Surabaya,SKU_KOPI_GAYO,Food & Beverage,220000,0,44,0,44
2023-02-14,Surabaya,SKU_BATIK_TULIS,Fashion Premium,1200000,0,9,0,9
2023-02-14,Medan,SKU_HIJAB_INSTAN,Fashion,65000,0,60,0,60
2023-02-14,Medan,SKU_KOPI_GAYO,Food & Beverage,220000,0,38,0,38
2023-02-14,Medan,SKU_BATIK_TULIS,Fashion Premium,1200000,0,6,0,6
2023-02-14,Makassar,SKU_HIJAB_INSTAN,Fashion,65000,0,55,0,55
2023-02-14,Makassar,SKU_KOPI_GAYO,Food & Beverage,220000,0,9,0,9
2023-02-14,Makassar,SKU_BATIK_TULIS,Fashion Premium,1200000,0,2,0,2
2023-02-15,Jakarta,SKU_HIJAB_INSTAN,Fashion,65000,0,173,0,173
2023-02-15,Jakarta,SKU_KOPI_GAYO,Food & Beverage,220000,0,83,0,83
2023-02-15,Jakarta,SKU_BATIK_TULIS,Fashion Premium,1200000,0,15,0,15
2023-02-15,Surabaya,SKU_HIJAB_INSTAN,Fashion,65000,0,92,0,92
2023-02-15,Surabaya,SKU_KOPI_GAYO,Food & Beverage,220000,0,46,0,46
2023-02-15,Surabaya,SKU_BATIK_TULIS,Fashion Premium,1200000,0,7,0,7
2023-02-15,Medan,SKU_HIJAB_INSTAN,Fashion,65000,0,55,0,55
2023-02-15,Medan,SKU_KOPI_GAYO,Food & Beverage,220000,0,42,0,42
2023-02-15,Medan,SKU_BATIK_TULIS,Fashion Premium,1200000,0,6,0,6
2023-02-15,Makassar,SKU_HIJAB_INSTAN,Fashion,65000,0,43,0,43
2023-02-15,Makassar,SKU_KOPI_GAYO,Food & Beverage,220000,0,23,0,23
2023-02-15,Makassar,SKU_BATIK_TULIS,Fashion Premium,1200000,0,2,0,2
2023-02-16,Jakarta,SKU_HIJAB_INSTAN,Fashion,65000,0,167,0,167
2023-02-16,Jakarta,SKU_KOPI_GAYO,Food & Beverage,220000,0,84,0,84
2023-02-16,Jakarta,SKU_BATIK_TULIS,Fashion Premium,1200000,0,19,0,19
2023-02-16,Surabaya,SKU_HIJAB_INSTAN,Fashion,65000,0,104,0,104
2023-02-16,Surabaya,SKU_KOPI_GAYO,Food & Beverage,220000,0,51,0,51
2023-02-16,Surabaya,SKU_BATIK_TULIS,Fashion Premium,1200000,0,9,0,9
2023-02-16,Medan,SKU_HIJAB_INSTAN,Fashion,65000,0,60,0,60
2023-02-16,Medan,SKU_KOPI_GAYO,Food & Beverage,220000,0,40,0,40
2023-02-16,Medan,SKU_BATIK_TULIS,Fashion Premium,1200000,0,5,0,5
2023-02-16,Makassar,SKU_HIJAB_INSTAN,Fashion,65000,0,35,0,35
2023-02-16,Makassar,SKU_KOPI_GAYO,Food & Beverage,220000,0,21,0,21
2023-02-16,Makassar,SKU_BATIK_TULIS,Fashion Premium,1200000,0,2,0,2
2023-02-17,Jakarta,SKU_HIJAB_INSTAN,Fashion,65000,0,166,0,166
2023-02-17,Jakarta,SKU_KOPI_GAYO,Food & Beverage,220000,0,89,0,89
2023-02-17,Jakarta,SKU_BATIK_TULIS,Fashion Premium,1200000,0,20,0,20
2023-02-17,Surabaya,SKU_HIJAB_INSTAN,Fashion,65000,0,83,0,83
2023-02-17,Surabaya,SKU_KOPI_GAYO,Food & Beverage,220000,0,40,0,40
2023-02-17,Surabaya,SKU_BATIK_TULIS,Fashion Premium,1200000,0,11,0,11
2023-02-17,Medan,SKU_HIJAB_INSTAN,Fashion,65000,0,62,0,62
2023-02-17,Medan,SKU_KOPI_GAYO,Food & Beverage,220000,0,31,0,31
2023-02-17,Medan,SKU_BATIK_TULIS,Fashion Premium,1200000,0,7,0,7
2023-02-17,Makassar,SKU_HIJAB_INSTAN,Fashion,65000,0,61,0,61
2023-02-17,Makassar,SKU_KOPI_GAYO,Food & Beverage,220000,0,24,0,24
2023-02-17,Makassar,SKU_BATIK_TULIS,Fashion Premium,1200000,0,4,0,4
2023-02-18,Jakarta,SKU_HIJAB_INSTAN,Fashion,65000,0,188,0,188
2023-02-18,Jakarta,SKU_KOPI_GAYO,Food & Beverage,220000,0,84,0,84
2023-02-18,Jakarta,SKU_BATIK_TULIS,Fashion Premium,1200000,0,22,0,22
2023-02-18,Surabaya,SKU_HIJAB_INSTAN,Fashion,65000,0,96,0,96
2023-02-18,Surabaya,SKU_KOPI_GAYO,Food & Beverage,220000,0,49,0,49
2023-02-18,Surabaya,SKU_BATIK_TULIS,Fashion Premium,1200000,0,13,0,13
2023-02-18,Medan,SKU_HIJAB_INSTAN,Fashion,65000,0,77,0,77
2023-02-18,Medan,SKU_KOPI_GAYO,Food & Beverage,220000,0,38,0,38
2023-02-18,Medan,SKU_BATIK_TULIS,Fashion Premium,1200000,0,5,0,5
2023-02-18,Makassar,SKU_HIJAB_INSTAN,Fashion,65000,0,81,0,81
2023-02-18,Makassar,SKU_KOPI_GAYO,Food & Beverage,220000,0,11,0,11
2023-02-18,Makassar,SKU_BATIK_TULIS,Fashion Premium,1200000,0,5,0,5
2023-02-19,Jakarta,SKU_HIJAB_INSTAN,Fashion,65000,0,168,0,168
2023-02-19,Jakarta,SKU_KOPI_GAYO,Food & Beverage,220000,0,100,0,100
2023-02-19,Jakarta,SKU_BATIK_TULIS,Fashion Premium,1200000,0,22,0,22
2023-02-19,Surabaya,SKU_HIJAB_INSTAN,Fashion,65000,0,113,0,113
2023-02-19,Surabaya,SKU_KOPI_GAYO,Food & Beverage,220000,0,68,0,68
2023-02-19,Surabaya,SKU_BATIK_TULIS,Fashion Premium,1200000,0,12,0,12
2023-02-19,Medan,SKU_HIJAB_INSTAN,Fashion,65000,0,86,0,86
2023-02-19,Medan,SKU_KOPI_GAYO,Food & Beverage,220000,0,43,0,43
2023-02-19,Medan,SKU_BATIK_TULIS,Fashion Premium,1200000,0,11,0,11
2023-02-19,Makassar,SKU_HIJAB_INSTAN,Fashion,65000,0,19,0,19
2023-02-19,Makassar,SKU_KOPI_GAYO,Food & Beverage,220000,0,16,0,16
2023-02-19,Makassar,SKU_BATIK_TULIS,Fashion Premium,1200000,0,4,0,4
2023-02-20,Jakarta,SKU_HIJAB_INSTAN,Fashion,65000,0,148,0,148
2023-02-20,Jakarta,SKU_KOPI_GAYO,Food & Beverage,220000,0,81,0,81
2023-02-20,Jakarta,SKU_BATIK_TULIS,Fashion Premium,1200000,0,14,0,14
2023-02-20,Surabaya,SKU_HIJAB_INSTAN,Fashion,65000,0,91,0,91
2023-02-20,Surabaya,SKU_KOPI_GAYO,Food & Beverage,220000,0,55,0,55
2023-02-20,Surabaya,SKU_BATIK_TULIS,Fashion Premium,1200000,0,7,0,7
2023-02-20,Medan,SKU_HIJAB_INSTAN,Fashion,65000,0,42,0,42
2023-02-20,Medan,SKU_KOPI_GAYO,Food & Beverage,220000,0,21,0,21
2023-02-20,Medan,SKU_BATIK_TULIS,Fashion Premium,1200000,0,3,0,3
2023-02-20,Makassar,SKU_HIJAB_INSTAN,Fashion,65000,0,25,0,25
2023-02-20,Makassar,SKU_KOPI_GAYO,Food & Beverage,220000,0,16,0,16
2023-02-20,Makassar,SKU_BATIK_TULIS,Fashion Premium,1200000,0,2,0,2
2023-02-21,Jakarta,SKU_HIJAB_INSTAN,Fashion,65000,0,159,0,159
2023-02-21,Jakarta,SKU_KOPI_GAYO,Food & Beverage,220000,0,77,0,77
2023-02-21,Jakarta,SKU_BATIK_TULIS,Fashion Premium,1200000,0,12,0,12
2023-02-21,Surabaya,SKU_HIJAB_INSTAN,Fashion,65000,0,69,0,69
2023-02-21,Surabaya,SKU_KOPI_GAYO,Food & Beverage,220000,0,56,0,56
2023-02-21,Surabaya,SKU_BATIK_TULIS,Fashion Premium,1200000,0,9,0,9
2023-02-21,Medan,SKU_HIJAB_INSTAN,Fashion,65000,0,67,0,67
2023-02-21,Medan,SKU_KOPI_GAYO,Food & Beverage,220000,0,33,0,33
2023-02-21,Medan,SKU_BATIK_TULIS,Fashion Premium,1200000,0,4,0,4
2023-02-21,Makassar,SKU_HIJAB_INSTAN,Fashion,65000,0,26,0,26
2023-02-21,Makassar,SKU_KOPI_GAYO,Food & Beverage,220000,0,9,0,9
2023-02-21,Makassar,SKU_BATIK_TULIS,Fashion Premium,1200000,0,2,0,2
2023-02-22,Jakarta,SKU_HIJAB_INSTAN,Fashion,65000,0,171,0,171
2023-02-22,Jakarta,SKU_KOPI_GAYO,Food & Beverage,220000,0,86,0,86
2023-02-22,Jakarta,SKU_BATIK_TULIS,Fashion Premium,1200000,0,15,0,15
2023-02-22,Surabaya,SKU_HIJAB_INSTAN,Fashion,65000,0,89,0,89
2023-02-22,Surabaya,SKU_KOPI_GAYO,Food & Beverage,220000,0,60,0,60
2023-02-22,Surabaya,SKU_BATIK_TULIS,Fashion Premium,1200000,0,9,0,9
2023-02-22,Medan,SKU_HIJAB_INSTAN,Fashion,65000,0,78,0,78
2023-02-22,Medan,SKU_KOPI_GAYO,Food & Beverage,220000,0,31,0,31
2023-02-22,Medan,SKU_BATIK_TULIS,Fashion Premium,1200000,0,6,0,6
2023-02-22,Makassar,SKU_HIJAB_INSTAN,Fashion,65000,0,32,0,32
2023-02-22,Makassar,SKU_KOPI_GAYO,Food & Beverage,220000,0,14,0,14
2023-02-22,Makassar,SKU_BATIK_TULIS,Fashion Premium,1200000,0,3,0,3
2023-02-23,Jakarta,SKU_HIJAB_INSTAN,Fashion,65000,0,141,0,141
2023-02-23,Jakarta,SKU_KOPI_GAYO,Food & Beverage,220000,0,78,0,78
2023-02-23,Jakarta,SKU_BATIK_TULIS,Fashion Premium,1200000,0,16,0,16
2023-02-23,Surabaya,SKU_HIJAB_INSTAN,Fashion,65000,0,110,0,110
2023-02-23,Surabaya,SKU_KOPI_GAYO,Food & Beverage,220000,0,44,0,44
2023-02-23,Surabaya,SKU_BATIK_TULIS,Fashion Premium,1200000,0,13,0,13
2023-02-23,Medan,SKU_HIJAB_INSTAN,Fashion,65000,0,71,0,71
2023-02-23,Medan,SKU_KOPI_GAYO,Food & Beverage,220000,0,35,0,35
2023-02-23,Medan,SKU_BATIK_TULIS,Fashion Premium,1200000,0,6,0,6
2023-02-23,Makassar,SKU_HIJAB_INSTAN,Fashion,65000,0,29,0,29
2023-02-23,Makassar,SKU_KOPI_GAYO,Food & Beverage,220000,0,12,0,12
2023-02-23,Makassar,SKU_BATIK_TULIS,Fashion Premium,1200000,0,2,0,2
2023-02-24,Jakarta,SKU_HIJAB_INSTAN,Fashion,65000,0,173,0,173
2023-02-24,Jakarta,SKU_KOPI_GAYO,Food & Beverage,220000,0,80,0,80
2023-02-24,Jakarta,SKU_BATIK_TULIS,Fashion Premium,1200000,0,21,0,21
2023-02-24,Surabaya,SKU_HIJAB_INSTAN,Fashion,65000,0,115,0,115
2023-02-24,Surabaya,SKU_KOPI_GAYO,Food & Beverage,220000,0,53,0,53
2023-02-24,Surabaya,SKU_BATIK_TULIS,Fashion Premium,1200000,0,11,0,11
2023-02-24,Medan,SKU_HIJAB_INSTAN,Fashion,65000,0,52,0,52
2023-02-24,Medan,SKU_KOPI_GAYO,Food & Beverage,220000,0,29,0,29
2023-02-24,Medan,SKU_BATIK_TULIS,Fashion Premium,1200000,0,6,0,6
2023-02-24,Makassar,SKU_HIJAB_INSTAN,Fashion,65000,0,33,0,33
2023-02-24,Makassar,SKU_KOPI_GAYO,Food & Beverage,220000,0,24,0,24
2023-02-24,Makassar,SKU_BATIK_TULIS,Fashion Premium,1200000,0,4,0,4
2023-02-25,Jakarta,SKU_HIJAB_INSTAN,Fashion,52000,1,310,0,310
2023-02-25,Jakarta,SKU_KOPI_GAYO,Food & Beverage,220000,0,112,0,112
2023-02-25,Jakarta,SKU_BATIK_TULIS,Fashion Premium,1200000,0,24,0,24
2023-02-25,Surabaya,SKU_HIJAB_INSTAN,Fashion,52000,1,191,0,191
2023-02-25,Surabaya,SKU_KOPI_GAYO,Food & Beverage,220000,0,68,0,68
2023-02-25,Surabaya,SKU_BATIK_TULIS,Fashion Premium,1200000,0,13,0,13
2023-02-25,Medan,SKU_HIJAB_INSTAN,Fashion,52000,1,119,0,119
2023-02-25,Medan,SKU_KOPI_GAYO,Food & Beverage,220000,0,44,0,44
2023-02-25,Medan,SKU_BATIK_TULIS,Fashion Premium,960000,1,13,0,13
2023-02-25,Makassar,SKU_HIJAB_INSTAN,Fashion,65000,0,46,0,46
2023-02-25,Makassar,SKU_KOPI_GAYO,Food & Beverage,176000,1,16,0,16
2023-02-25,Makassar,SKU_BATIK_TULIS,Fashion Premium,960000,1,4,0,4
2023-02-26,Jakarta,SKU_HIJAB_INSTAN,Fashion,52000,1,254,0,254
2023-02-26,Jakarta,SKU_KOPI_GAYO,Food & Beverage,220000,0,78,0,78
2023-02-26,Jakarta,SKU_BATIK_TULIS,Fashion Premium,1200000,0,24,0,24
2023-02-26,Surabaya,SKU_HIJAB_INSTAN,Fashion,65000,0,114,0,114
2023-02-26,Surabaya,SKU_KOPI_GAYO,Food & Beverage,220000,0,51,0,51
2023-02-26,Surabaya,SKU_BATIK_TULIS,Fashion Premium,1200000,0,16,0,16
2023-02-26,Medan,SKU_HIJAB_INSTAN,Fashion,65000,0,77,0,77
2023-02-26,Medan,SKU_KOPI_GAYO,Food & Beverage,220000,0,37,0,37
2023-02-26,Medan,SKU_BATIK_TULIS,Fashion Premium,1200000,0,9,0,9
2023-02-26,Makassar,SKU_HIJAB_INSTAN,Fashion,65000,0,51,0,51
2023-02-26,Makassar,SKU_KOPI_GAYO,Food & Beverage,220000,0,10,0,10
2023-02-26,Makassar,SKU_BATIK_TULIS,Fashion Premium,960000,1,6,0,6
2023-02-27,Jakarta,SKU_HIJAB_INSTAN,Fashion,65000,0,164,0,164
2023-02-27,Jakarta,SKU_KOPI_GAYO,Food & Beverage,176000,1,126,0,126
2023-02-27,Jakarta,SKU_BATIK_TULIS,Fashion Premium,1200000,0,16,0,16
2023-02-27,Surabaya,SKU_HIJAB_INSTAN,Fashion,65000,0,84,0,84
2023-02-27,Surabaya,SKU_KOPI_GAYO,Food & Beverage,176000,1,68,0,68
2023-02-27,Surabaya,SKU_BATIK_TULIS,Fashion Premium,960000,1,14,0,14
2023-02-27,Medan,SKU_HIJAB_INSTAN,Fashion,65000,0,56,0,56
2023-02-27,Medan,SKU_KOPI_GAYO,Food & Beverage,176000,1,46,0,46
2023-02-27,Medan,SKU_BATIK_TULIS,Fashion Premium,1200000,0,6,0,6
2023-02-27,Makassar,SKU_HIJAB_INSTAN,Fashion,65000,0,22,0,22
2023-02-27,Makassar,SKU_KOPI_GAYO,Food & Beverage,176000,1,30,0,30
2023-02-27,Makassar,SKU_BATIK_TULIS,Fashion Premium,960000,1,9,0,9
2023-02-28,Jakarta,SKU_HIJAB_INSTAN,Fashion,52000,1,214,0,214
2023-02-28,Jakarta,SKU_KOPI_GAYO,Food & Beverage,220000,0,75,0,75
2023-02-28,Jakarta,SKU_BATIK_TULIS,Fashion Premium,960000,1,23,1,0
2023-02-28,Surabaya,SKU_HIJAB_INSTAN,Fashion,52000,1,92,0,92
2023-02-28,Surabaya,SKU_KOPI_GAYO,Food & Beverage,176000,1,61,1,0
2023-02-28,Surabaya,SKU_BATIK_TULIS,Fashion Premium,960000,1,15,0,15
2023-02-28,Medan,SKU_HIJAB_INSTAN,Fashion,65000,0,64,0,64
2023-02-28,Medan,SKU_KOPI_GAYO,Food & Beverage,220000,0,39,0,39
2023-02-28,Medan,SKU_BATIK_TULIS,Fashion Premium,1200000,0,6,0,6
2023-02-28,Makassar,SKU_HIJAB_INSTAN,Fashion,52000,1,29,0,29
2023-02-28,Makassar,SKU_KOPI_GAYO,Food & Beverage,220000,0,7,0,7
2023-02-28,Makassar,SKU_BATIK_TULIS,Fashion Premium,1200000,0,2,0,2
2023-03-01,Jakarta,SKU_HIJAB_INSTAN,Fashion,65000,0,166,0,166
2023-03-01,Jakarta,SKU_KOPI_GAYO,Food & Beverage,220000,0,73,0,73
2023-03-01,Jakarta,SKU_BATIK_TULIS,Fashion Premium,1200000,0,15,0,15
2023-03-01,Surabaya,SKU_HIJAB_INSTAN,Fashion,65000,0,103,0,103
2023-03-01,Surabaya,SKU_KOPI_GAYO,Food & Beverage,220000,0,50,0,50
2023-03-01,Surabaya,SKU_BATIK_TULIS,Fashion Premium,1200000,0,10,0,10
2023-03-01,Medan,SKU_HIJAB_INSTAN,Fashion,65000,0,46,0,46
2023-03-01,Medan,SKU_KOPI_GAYO,Food & Beverage,220000,0,32,0,32
2023-03-01,Medan,SKU_BATIK_TULIS,Fashion Premium,1200000,0,5,0,5
2023-03-01,Makassar,SKU_HIJAB_INSTAN,Fashion,65000,0,31,0,31
2023-03-01,Makassar,SKU_KOPI_GAYO,Food & Beverage,220000,0,11,0,11
2023-03-01,Makassar,SKU_BATIK_TULIS,Fashion Premium,1200000,0,4,0,4
2023-03-02,Jakarta,SKU_HIJAB_INSTAN,Fashion,65000,0,166,0,166
2023-03-02,Jakarta,SKU_KOPI_GAYO,Food & Beverage,220000,0,90,0,90
2023-03-02,Jakarta,SKU_BATIK_TULIS,Fashion Premium,1200000,0,17,0,17
2023-03-02,Surabaya,SKU_HIJAB_INSTAN,Fashion,65000,0,85,0,85
2023-03-02,Surabaya,SKU_KOPI_GAYO,Food & Beverage,220000,0,53,0,53
2023-03-02,Surabaya,SKU_BATIK_TULIS,Fashion Premium,1200000,0,12,0,12
2023-03-02,Medan,SKU_HIJAB_INSTAN,Fashion,65000,0,66,0,66
2023-03-02,Medan,SKU_KOPI_GAYO,Food & Beverage,220000,0,27,0,27
2023-03-02,Medan,SKU_BATIK_TULIS,Fashion Premium,1200000,0,6,0,6
2023-03-02,Makassar,SKU_HIJAB_INSTAN,Fashion,65000,0,32,0,32
2023-03-02,Makassar,SKU_KOPI_GAYO,Food & Beverage,220000,0,26,0,26
2023-03-02,Makassar,SKU_BATIK_TULIS,Fashion Premium,1200000,0,5,0,5
2023-03-03,Jakarta,SKU_HIJAB_INSTAN,Fashion,65000,0,156,0,156
2023-03-03,Jakarta,SKU_KOPI_GAYO,Food & Beverage,220000,0,88,0,88
2023-03-03,Jakarta,SKU_BATIK_TULIS,Fashion Premium,1200000,0,19,0,19
2023-03-03,Surabaya,SKU_HIJAB_INSTAN,Fashion,65000,0,83,0,83
2023-03-03,Surabaya,SKU_KOPI_GAYO,Food & Beverage,220000,0,55,0,55
2023-03-03,Surabaya,SKU_BATIK_TULIS,Fashion Premium,1200000,0,12,0,12
2023-03-03,Medan,SKU_HIJAB_INSTAN,Fashion,65000,0,70,0,70
2023-03-03,Medan,SKU_KOPI_GAYO,Food & Beverage,220000,0,33,0,33
2023-03-03,Medan,SKU_BATIK_TULIS,Fashion Premium,1200000,0,8,0,8
2023-03-03,Makassar,SKU_HIJAB_INSTAN,Fashion,65000,0,37,0,37
2023-03-03,Makassar,SKU_KOPI_GAYO,Food & Beverage,220000,0,23,0,23
2023-03-03,Makassar,SKU_BATIK_TULIS,Fashion Premium,1200000,0,2,0,2
2023-03-04,Jakarta,SKU_HIJAB_INSTAN,Fashion,65000,0,201,0,201
2023-03-04,Jakarta,SKU_KOPI_GAYO,Food & Beverage,220000,0,94,0,94
2023-03-04,Jakarta,SKU_BATIK_TULIS,Fashion Premium,1200000,0,23,0,23
2023-03-04,Surabaya,SKU_HIJAB_INSTAN,Fashion,65000,0,113,0,113
2023-03-04,Surabaya,SKU_KOPI_GAYO,Food & Beverage,220000,0,52,0,52
2023-03-04,Surabaya,SKU_BATIK_TULIS,Fashion Premium,1200000,0,13,0,13
2023-03-04,Medan,SKU_HIJAB_INSTAN,Fashion,65000,0,75,0,75
2023-03-04,Medan,SKU_KOPI_GAYO,Food & Beverage,220000,0,25,0,25
2023-03-04,Medan,SKU_BATIK_TULIS,Fashion Premium,1200000,0,13,0,13
2023-03-04,Makassar,SKU_HIJAB_INSTAN,Fashion,65000,0,53,0,53
2023-03-04,Makassar,SKU_KOPI_GAYO,Food & Beverage,220000,0,30,0,30
2023-03-04,Makassar,SKU_BATIK_TULIS,Fashion Premium,1200000,0,5,0,5
2023-03-05,Jakarta,SKU_HIJAB_INSTAN,Fashion,65000,0,169,0,169
2023-03-05,Jakarta,SKU_KOPI_GAYO,Food & Beverage,220000,0,90,1,0
2023-03-05,Jakarta,SKU_BATIK_TULIS,Fashion Premium,1200000,0,22,0,22
2023-03-05,Surabaya,SKU_HIJAB_INSTAN,Fashion,65000,0,93,0,93
2023-03-05,Surabaya,SKU_KOPI_GAYO,Food & Beverage,220000,0,61,0,61
2023-03-05,Surabaya,SKU_BATIK_TULIS,Fashion Premium,1200000,0,12,0,12
2023-03-05,Medan,SKU_HIJAB_INSTAN,Fashion,65000,0,81,0,81
2023-03-05,Medan,SKU_KOPI_GAYO,Food & Beverage,220000,0,45,0,45
2023-03-05,Medan,SKU_BATIK_TULIS,Fashion Premium,1200000,0,9,1,0
2023-03-05,Makassar,SKU_HIJAB_INSTAN,Fashion,65000,0,56,0,56
2023-03-05,Makassar,SKU_KOPI_GAYO,Food & Beverage,220000,0,7,0,7
2023-03-05,Makassar,SKU_BATIK_TULIS,Fashion Premium,1200000,0,2,0,2
2023-03-06,Jakarta,SKU_HIJAB_INSTAN,Fashion,65000,0,133,0,133
2023-03-06,Jakarta,SKU_KOPI_GAYO,Food & Beverage,220000,0,65,0,65
2023-03-06,Jakarta,SKU_BATIK_TULIS,Fashion Premium,1200000,0,11,0,11
2023-03-06,Surabaya,SKU_HIJAB_INSTAN,Fashion,65000,0,102,0,102
2023-03-06,Surabaya,SKU_KOPI_GAYO,Food & Beverage,220000,0,54,0,54
2023-03-06,Surabaya,SKU_BATIK_TULIS,Fashion Premium,1200000,0,7,0,7
2023-03-06,Medan,SKU_HIJAB_INSTAN,Fashion,65000,0,82,0,82
2023-03-06,Medan,SKU_KOPI_GAYO,Food & Beverage,220000,0,29,0,29
2023-03-06,Medan,SKU_BATIK_TULIS,Fashion Premium,1200000,0,7,0,7
2023-03-06,Makassar,SKU_HIJAB_INSTAN,Fashion,65000,0,50,0,50
2023-03-06,Makassar,SKU_KOPI_GAYO,Food & Beverage,220000,0,11,0,11
2023-03-06,Makassar,SKU_BATIK_TULIS,Fashion Premium,1200000,0,3,0,3
2023-03-07,Jakarta,SKU_HIJAB_INSTAN,Fashion,65000,0,161,0,161
2023-03-07,Jakarta,SKU_KOPI_GAYO,Food & Beverage,220000,0,76,0,76
2023-03-07,Jakarta,SKU_BATIK_TULIS,Fashion Premium,1200000,0,11,0,11
2023-03-07,Surabaya,SKU_HIJAB_INSTAN,Fashion,65000,0,98,0,98
2023-03-07,Surabaya,SKU_KOPI_GAYO,Food & Beverage,220000,0,42,0,42
2023-03-07,Surabaya,SKU_BATIK_TULIS,Fashion Premium,1200000,0,8,0,8
2023-03-07,Medan,SKU_HIJAB_INSTAN,Fashion,65000,0,61,0,61
2023-03-07,Medan,SKU_KOPI_GAYO,Food & Beverage,220000,0,35,0,35
2023-03-07,Medan,SKU_BATIK_TULIS,Fashion Premium,1200000,0,5,0,5
2023-03-07,Makassar,SKU_HIJAB_INSTAN,Fashion,65000,0,32,0,32
2023-03-07,Makassar,SKU_KOPI_GAYO,Food & Beverage,220000,0,23,0,23
2023-03-07,Makassar,SKU_BATIK_TULIS,Fashion Premium,1200000,0,2,0,2
2023-03-08,Jakarta,SKU_HIJAB_INSTAN,Fashion,65000,0,135,0,135
2023-03-08,Jakarta,SKU_KOPI_GAYO,Food & Beverage,220000,0,73,0,73
2023-03-08,Jakarta,SKU_BATIK_TULIS,Fashion Premium,1200000,0,14,0,14
2023-03-08,Surabaya,SKU_HIJAB_INSTAN,Fashion,65000,0,101,0,101
2023-03-08,Surabaya,SKU_KOPI_GAYO,Food & Beverage,220000,0,55,0,55
2023-03-08,Surabaya,SKU_BATIK_TULIS,Fashion Premium,1200000,0,8,0,8
2023-03-08,Medan,SKU_HIJAB_INSTAN,Fashion,65000,0,58,0,58
2023-03-08,Medan,SKU_KOPI_GAYO,Food & Beverage,220000,0,41,0,41
2023-03-08,Medan,SKU_BATIK_TULIS,Fashion Premium,1200000,0,6,0,6
2023-03-08,Makassar,SKU_HIJAB_INSTAN,Fashion,65000,0,26,0,26
2023-03-08,Makassar,SKU_KOPI_GAYO,Food & Beverage,220000,0,22,0,22
2023-03-08,Makassar,SKU_BATIK_TULIS,Fashion Premium,1200000,0,4,0,4
2023-03-09,Jakarta,SKU_HIJAB_INSTAN,Fashion,65000,0,163,0,163
2023-03-09,Jakarta,SKU_KOPI_GAYO,Food & Beverage,220000,0,79,0,79
2023-03-09,Jakarta,SKU_BATIK_TULIS,Fashion Premium,1200000,0,15,0,15
2023-03-09,Surabaya,SKU_HIJAB_INSTAN,Fashion,65000,0,83,0,83
2023-03-09,Surabaya,SKU_KOPI_GAYO,Food & Beverage,220000,0,44,0,44
2023-03-09,Surabaya,SKU_BATIK_TULIS,Fashion Premium,1200000,0,9,0,9
2023-03-09,Medan,SKU_HIJAB_INSTAN,Fashion,65000,0,56,0,56
2023-03-09,Medan,SKU_KOPI_GAYO,Food & Beverage,220000,0,33,0,33
2023-03-09,Medan,SKU_BATIK_TULIS,Fashion Premium,1200000,0,7,0,7
2023-03-09,Makassar,SKU_HIJAB_INSTAN,Fashion,65000,0,17,0,17
2023-03-09,Makassar,SKU_KOPI_GAYO,Food & Beverage,220000,0,18,0,18
2023-03-09,Makassar,SKU_BATIK_TULIS,Fashion Premium,1200000,0,3,0,3
2023-03-10,Jakarta,SKU_HIJAB_INSTAN,Fashion,65000,0,166,0,166
2023-03-10,Jakarta,SKU_KOPI_GAYO,Food & Beverage,220000,0,82,0,82
2023-03-10,Jakarta,SKU_BATIK_TULIS,Fashion Premium,1200000,0,18,0,18
2023-03-10,Surabaya,SKU_HIJAB_INSTAN,Fashion,65000,0,108,0,108
2023-03-10,Surabaya,SKU_KOPI_GAYO,Food & Beverage,220000,0,52,0,52
2023-03-10,Surabaya,SKU_BATIK_TULIS,Fashion Premium,1200000,0,12,0,12
2023-03-10,Medan,SKU_HIJAB_INSTAN,Fashion,65000,0,61,0,61
2023-03-10,Medan,SKU_KOPI_GAYO,Food & Beverage,220000,0,30,0,30
2023-03-10,Medan,SKU_BATIK_TULIS,Fashion Premium,1200000,0,9,0,9
2023-03-10,Makassar,SKU_HIJAB_INSTAN,Fashion,65000,0,69,0,69
2023-03-10,Makassar,SKU_KOPI_GAYO,Food & Beverage,220000,0,15,0,15
2023-03-10,Makassar,SKU_BATIK_TULIS,Fashion Premium,1200000,0,4,0,4
2023-03-11,Jakarta,SKU_HIJAB_INSTAN,Fashion,65000,0,187,0,187
2023-03-11,Jakarta,SKU_KOPI_GAYO,Food & Beverage,220000,0,83,0,83
2023-03-11,Jakarta,SKU_BATIK_TULIS,Fashion Premium,1200000,0,22,0,22
2023-03-11,Surabaya,SKU_HIJAB_INSTAN,Fashion,65000,0,143,0,143
2023-03-11,Surabaya,SKU_KOPI_GAYO,Food & Beverage,220000,0,48,0,48
2023-03-11,Surabaya,SKU_BATIK_TULIS,Fashion Premium,1200000,0,14,0,14
2023-03-11,Medan,SKU_HIJAB_INSTAN,Fashion,65000,0,65,0,65
2023-03-11,Medan,SKU_KOPI_GAYO,Food & Beverage,220000,0,35,0,35
2023-03-11,Medan,SKU_BATIK_TULIS,Fashion Premium,1200000,0,8,0,8
2023-03-11,Makassar,SKU_HIJAB_INSTAN,Fashion,65000,0,29,0,29
2023-03-11,Makassar,SKU_KOPI_GAYO,Food & Beverage,220000,0,7,0,7
2023-03-11,Makassar,SKU_BATIK_TULIS,Fashion Premium,1200000,0,4,0,4
2023-03-12,Jakarta,SKU_HIJAB_INSTAN,Fashion,65000,0,173,0,173
2023-03-12,Jakarta,SKU_KOPI_GAYO,Food & Beverage,220000,0,90,0,90
2023-03-12,Jakarta,SKU_BATIK_TULIS,Fashion Premium,1200000,0,21,0,21
2023-03-12,Surabaya,SKU_HIJAB_INSTAN,Fashion,65000,0,96,0,96
2023-03-12,Surabaya,SKU_KOPI_GAYO,Food & Beverage,220000,0,45,0,45
2023-03-12,Surabaya,SKU_BATIK_TULIS,Fashion Premium,1200000,0,12,0,12
2023-03-12,Medan,SKU_HIJAB_INSTAN,Fashion,65000,0,90,0,90
2023-03-12,Medan,SKU_KOPI_GAYO,Food & Beverage,220000,0,30,0,30
2023-03-12,Medan,SKU_BATIK_TULIS,Fashion Premium,1200000,0,5,0,5
2023-03-12,Makassar,SKU_HIJAB_INSTAN,Fashion,65000,0,38,0,38
2023-03-12,Makassar,SKU_KOPI_GAYO,Food & Beverage,220000,0,25,0,25
2023-03-12,Makassar,SKU_BATIK_TULIS,Fashion Premium,1200000,0,5,0,5
2023-03-13,Jakarta,SKU_HIJAB_INSTAN,Fashion,65000,0,129,0,129
2023-03-13,Jakarta,SKU_KOPI_GAYO,Food & Beverage,220000,0,80,0,80
2023-03-13,Jakarta,SKU_BATIK_TULIS,Fashion Premium,1200000,0,14,0,14
2023-03-13,Surabaya,SKU_HIJAB_INSTAN,Fashion,65000,0,81,0,81
2023-03-13,Surabaya,SKU_KOPI_GAYO,Food & Beverage,220000,0,44,0,44
2023-03-13,Surabaya,SKU_BATIK_TULIS,Fashion Premium,1200000,0,7,0,7
2023-03-13,Medan,SKU_HIJAB_INSTAN,Fashion,65000,0,55,0,55
2023-03-13,Medan,SKU_KOPI_GAYO,Food & Beverage,220000,0,24,0,24
2023-03-13,Medan,SKU_BATIK_TULIS,Fashion Premium,1200000,0,5,0,5
2023-03-13,Makassar,SKU_HIJAB_INSTAN,Fashion,65000,0,31,0,31
2023-03-13,Makassar,SKU_KOPI_GAYO,Food & Beverage,220000,0,17,0,17
2023-03-13,Makassar,SKU_BATIK_TULIS,Fashion Premium,1200000,0,2,0,2
2023-03-14,Jakarta,SKU_HIJAB_INSTAN,Fashion,65000,0,134,1,0
2023-03-14,Jakarta,SKU_KOPI_GAYO,Food & Beverage,220000,0,78,0,78
2023-03-14,Jakarta,SKU_BATIK_TULIS,Fashion Premium,1200000,0,16,0,16
2023-03-14,Surabaya,SKU_HIJAB_INSTAN,Fashion,65000,0,91,0,91
2023-03-14,Surabaya,SKU_KOPI_GAYO,Food & Beverage,220000,0,43,0,43
2023-03-14,Surabaya,SKU_BATIK_TULIS,Fashion Premium,1200000,0,9,0,9
2023-03-14,Medan,SKU_HIJAB_INSTAN,Fashion,65000,0,80,0,80
2023-03-14,Medan,SKU_KOPI_GAYO,Food & Beverage,220000,0,34,0,34
2023-03-14,Medan,SKU_BATIK_TULIS,Fashion Premium,1200000,0,5,0,5
2023-03-14,Makassar,SKU_HIJAB_INSTAN,Fashion,65000,0,45,0,45
2023-03-14,Makassar,SKU_KOPI_GAYO,Food & Beverage,220000,0,12,0,12
2023-03-14,Makassar,SKU_BATIK_TULIS,Fashion Premium,1200000,0,4,0,4
2023-03-15,Jakarta,SKU_HIJAB_INSTAN,Fashion,65000,0,146,0,146
2023-03-15,Jakarta,SKU_KOPI_GAYO,Food & Beverage,220000,0,78,0,78
2023-03-15,Jakarta,SKU_BATIK_TULIS,Fashion Premium,1200000,0,16,0,16
2023-03-15,Surabaya,SKU_HIJAB_INSTAN,Fashion,65000,0,107,0,107
2023-03-15,Surabaya,SKU_KOPI_GAYO,Food & Beverage,220000,0,48,0,48
2023-03-15,Surabaya,SKU_BATIK_TULIS,Fashion Premium,1200000,0,10,0,10
2023-03-15,Medan,SKU_HIJAB_INSTAN,Fashion,65000,0,66,0,66
2023-03-15,Medan,SKU_KOPI_GAYO,Food & Beverage,220000,0,27,0,27
2023-03-15,Medan,SKU_BATIK_TULIS,Fashion Premium,1200000,0,5,0,5
2023-03-15,Makassar,SKU_HIJAB_INSTAN,Fashion,65000,0,37,0,37
2023-03-15,Makassar,SKU_KOPI_GAYO,Food & Beverage,220000,0,25,0,25
2023-03-15,Makassar,SKU_BATIK_TULIS,Fashion Premium,1200000,0,4,0,4
2023-03-16,Jakarta,SKU_HIJAB_INSTAN,Fashion,65000,0,171,0,171
2023-03-16,Jakarta,SKU_KOPI_GAYO,Food & Beverage,220000,0,74,0,74
2023-03-16,Jakarta,SKU_BATIK_TULIS,Fashion Premium,1200000,0,18,0,18
2023-03-16,Surabaya,SKU_HIJAB_INSTAN,Fashion,65000,0,103,0,103
2023-03-16,Surabaya,SKU_KOPI_GAYO,Food & Beverage,220000,0,51,0,51
2023-03-16,Surabaya,SKU_BATIK_TULIS,Fashion Premium,1200000,0,11,0,11
2023-03-16,Medan,SKU_HIJAB_INSTAN,Fashion,65000,0,41,0,41
2023-03-16,Medan,SKU_KOPI_GAYO,Food & Beverage,220000,0,18,0,18
2023-03-16,Medan,SKU_BATIK_TULIS,Fashion Premium,1200000,0,7,0,7
2023-03-16,Makassar,SKU_HIJAB_INSTAN,Fashion,65000,0,30,0,30
2023-03-16,Makassar,SKU_KOPI_GAYO,Food & Beverage,220000,0,15,0,15
2023-03-16,Makassar,SKU_BATIK_TULIS,Fashion Premium,1200000,0,4,0,4
2023-03-17,Jakarta,SKU_HIJAB_INSTAN,Fashion,65000,0,171,0,171
2023-03-17,Jakarta,SKU_KOPI_GAYO,Food & Beverage,220000,0,88,1,0
2023-03-17,Jakarta,SKU_BATIK_TULIS,Fashion Premium,1200000,0,21,0,21
2023-03-17,Surabaya,SKU_HIJAB_INSTAN,Fashion,65000,0,94,0,94
2023-03-17,Surabaya,SKU_KOPI_GAYO,Food & Beverage,220000,0,54,0,54
2023-03-17,Surabaya,SKU_BATIK_TULIS,Fashion Premium,1200000,0,11,0,11
2023-03-17,Medan,SKU_HIJAB_INSTAN,Fashion,65000,0,42,0,42
2023-03-17,Medan,SKU_KOPI_GAYO,Food & Beverage,220000,0,32,0,32
2023-03-17,Medan,SKU_BATIK_TULIS,Fashion Premium,1200000,0,9,0,9
2023-03-17,Makassar,SKU_HIJAB_INSTAN,Fashion,65000,0,22,0,22
2023-03-17,Makassar,SKU_KOPI_GAYO,Food & Beverage,220000,0,20,0,20
2023-03-17,Makassar,SKU_BATIK_TULIS,Fashion Premium,1200000,0,5,0,5
2023-03-18,Jakarta,SKU_HIJAB_INSTAN,Fashion,65000,0,199,0,199
2023-03-18,Jakarta,SKU_KOPI_GAYO,Food & Beverage,220000,0,84,0,84
2023-03-18,Jakarta,SKU_BATIK_TULIS,Fashion Premium,1200000,0,22,0,22
2023-03-18,Surabaya,SKU_HIJAB_INSTAN,Fashion,65000,0,113,0,113
2023-03-18,Surabaya,SKU_KOPI_GAYO,Food & Beverage,220000,0,55,0,55
2023-03-18,Surabaya,SKU_BATIK_TULIS,Fashion Premium,1200000,0,15,0,15
2023-03-18,Medan,SKU_HIJAB_INSTAN,Fashion,65000,0,85,0,85
2023-03-18,Medan,SKU_KOPI_GAYO,Food & Beverage,220000,0,55,0,55
2023-03-18,Medan,SKU_BATIK_TULIS,Fashion Premium,1200000,0,12,0,12
2023-03-18,Makassar,SKU_HIJAB_INSTAN,Fashion,65000,0,32,0,32
2023-03-18,Makassar,SKU_KOPI_GAYO,Food & Beverage,220000,0,32,0,32
2023-03-18,Makassar,SKU_BATIK_TULIS,Fashion Premium,1200000,0,2,0,2
2023-03-19,Jakarta,SKU_HIJAB_INSTAN,Fashion,65000,0,164,0,164
2023-03-19,Jakarta,SKU_KOPI_GAYO,Food & Beverage,220000,0,93,0,93
2023-03-19,Jakarta,SKU_BATIK_TULIS,Fashion Premium,1200000,0,20,0,20
2023-03-19,Surabaya,SKU_HIJAB_INSTAN,Fashion,65000,0,72,0,72
2023-03-19,Surabaya,SKU_KOPI_GAYO,Food & Beverage,220000,0,62,0,62
2023-03-19,Surabaya,SKU_BATIK_TULIS,Fashion Premium,1200000,0,13,0,13
2023-03-19,Medan,SKU_HIJAB_INSTAN,Fashion,65000,0,70,0,70
2023-03-19,Medan,SKU_KOPI_GAYO,Food & Beverage,220000,0,33,0,33
2023-03-19,Medan,SKU_BATIK_TULIS,Fashion Premium,1200000,0,8,0,8
2023-03-19,Makassar,SKU_HIJAB_INSTAN,Fashion,65000,0,6,0,6
2023-03-19,Makassar,SKU_KOPI_GAYO,Food & Beverage,220000,0,11,0,11
2023-03-19,Makassar,SKU_BATIK_TULIS,Fashion Premium,1200000,0,3,1,0
2023-03-20,Jakarta,SKU_HIJAB_INSTAN,Fashion,65000,0,156,0,156
2023-03-20,Jakarta,SKU_KOPI_GAYO,Food & Beverage,220000,0,75,0,75
2023-03-20,Jakarta,SKU_BATIK_TULIS,Fashion Premium,1200000,0,13,0,13
2023-03-20,Surabaya,SKU_HIJAB_INSTAN,Fashion,65000,0,84,0,84
2023-03-20,Surabaya,SKU_KOPI_GAYO,Food & Beverage,220000,0,42,0,42
2023-03-20,Surabaya,SKU_BATIK_TULIS,Fashion Premium,1200000,0,8,0,8
2023-03-20,Medan,SKU_HIJAB_INSTAN,Fashion,65000,0,57,0,57
2023-03-20,Medan,SKU_KOPI_GAYO,Food & Beverage,220000,0,38,0,38
2023-03-20,Medan,SKU_BATIK_TULIS,Fashion Premium,1200000,0,4,0,4
2023-03-20,Makassar,SKU_HIJAB_INSTAN,Fashion,65000,0,21,0,21
2023-03-20,Makassar,SKU_KOPI_GAYO,Food & Beverage,220000,0,21,0,21
2023-03-20,Makassar,SKU_BATIK_TULIS,Fashion Premium,1200000,0,2,0,2
2023-03-21,Jakarta,SKU_HIJAB_INSTAN,Fashion,65000,0,159,0,159
2023-03-21,Jakarta,SKU_KOPI_GAYO,Food & Beverage,220000,0,77,0,77
2023-03-21,Jakarta,SKU_BATIK_TULIS,Fashion Premium,1200000,0,14,0,14
2023-03-21,Surabaya,SKU_HIJAB_INSTAN,Fashion,65000,0,82,0,82
2023-03-21,Surabaya,SKU_KOPI_GAYO,Food & Beverage,220000,0,42,0,42
2023-03-21,Surabaya,SKU_BATIK_TULIS,Fashion Premium,1200000,0,6,0,6
2023-03-21,Medan,SKU_HIJAB_INSTAN,Fashion,65000,0,77,0,77
2023-03-21,Medan,SKU_KOPI_GAYO,Food & Beverage,220000,0,29,0,29
2023-03-21,Medan,SKU_BATIK_TULIS,Fashion Premium,1200000,0,6,0,6
2023-03-21,Makassar,SKU_HIJAB_INSTAN,Fashion,65000,0,27,0,27
2023-03-21,Makassar,SKU_KOPI_GAYO,Food & Beverage,220000,0,23,1,0
2023-03-21,Makassar,SKU_BATIK_TULIS,Fashion Premium,1200000,0,2,0,2
2023-03-22,Jakarta,SKU_HIJAB_INSTAN,Fashion,65000,0,156,0,156
2023-03-22,Jakarta,SKU_KOPI_GAYO,Food & Beverage,220000,0,86,0,86
2023-03-22,Jakarta,SKU_BATIK_TULIS,Fashion Premium,1200000,0,15,0,15
2023-03-22,Surabaya,SKU_HIJAB_INSTAN,Fashion,65000,0,83,1,0
2023-03-22,Surabaya,SKU_KOPI_GAYO,Food & Beverage,220000,0,37,0,37
2023-03-22,Surabaya,SKU_BATIK_TULIS,Fashion Premium,1200000,0,8,0,8
2023-03-22,Medan,SKU_HIJAB_INSTAN,Fashion,65000,0,37,0,37
2023-03-22,Medan,SKU_KOPI_GAYO,Food & Beverage,220000,0,37,0,37
2023-03-22,Medan,SKU_BATIK_TULIS,Fashion Premium,1200000,0,6,0,6
2023-03-22,Makassar,SKU_HIJAB_INSTAN,Fashion,65000,0,41,0,41
2023-03-22,Makassar,SKU_KOPI_GAYO,Food & Beverage,220000,0,10,0,10
2023-03-22,Makassar,SKU_BATIK_TULIS,Fashion Premium,1200000,0,2,0,2
2023-03-23,Jakarta,SKU_HIJAB_INSTAN,Fashion,65000,0,165,0,165
2023-03-23,Jakarta,SKU_KOPI_GAYO,Food & Beverage,220000,0,86,0,86
2023-03-23,Jakarta,SKU_BATIK_TULIS,Fashion Premium,1200000,0,14,0,14
2023-03-23,Surabaya,SKU_HIJAB_INSTAN,Fashion,65000,0,86,0,86
2023-03-23,Surabaya,SKU_KOPI_GAYO,Food & Beverage,220000,0,60,0,60
2023-03-23,Surabaya,SKU_BATIK_TULIS,Fashion Premium,1200000,0,11,0,11
2023-03-23,Medan,SKU_HIJAB_INSTAN,Fashion,65000,0,60,0,60
2023-03-23,Medan,SKU_KOPI_GAYO,Food & Beverage,220000,0,25,0,25
2023-03-23,Medan,SKU_BATIK_TULIS,Fashion Premium,1200000,0,5,0,5
2023-03-23,Makassar,SKU_HIJAB_INSTAN,Fashion,65000,0,26,0,26
2023-03-23,Makassar,SKU_KOPI_GAYO,Food & Beverage,220000,0,7,0,7
2023-03-23,Makassar,SKU_BATIK_TULIS,Fashion Premium,1200000,0,5,0,5
2023-03-24,Jakarta,SKU_HIJAB_INSTAN,Fashion,65000,0,184,0,184
2023-03-24,Jakarta,SKU_KOPI_GAYO,Food & Beverage,220000,0,78,0,78
2023-03-24,Jakarta,SKU_BATIK_TULIS,Fashion Premium,1200000,0,23,0,23
2023-03-24,Surabaya,SKU_HIJAB_INSTAN,Fashion,65000,0,95,0,95
2023-03-24,Surabaya,SKU_KOPI_GAYO,Food & Beverage,220000,0,52,0,52
2023-03-24,Surabaya,SKU_BATIK_TULIS,Fashion Premium,1200000,0,11,0,11
2023-03-24,Medan,SKU_HIJAB_INSTAN,Fashion,65000,0,52,0,52
2023-03-24,Medan,SKU_KOPI_GAYO,Food & Beverage,220000,0,32,0,32
2023-03-24,Medan,SKU_BATIK_TULIS,Fashion Premium,1200000,0,5,0,5
2023-03-24,Makassar,SKU_HIJAB_INSTAN,Fashion,65000,0,29,0,29
2023-03-24,Makassar,SKU_KOPI_GAYO,Food & Beverage,220000,0,16,0,16
2023-03-24,Makassar,SKU_BATIK_TULIS,Fashion Premium,1200000,0,4,0,4
2023-03-25,Jakarta,SKU_HIJAB_INSTAN,Fashion,65000,0,202,0,202
2023-03-25,Jakarta,SKU_KOPI_GAYO,Food & Beverage,176000,1,146,0,146
2023-03-25,Jakarta,SKU_BATIK_TULIS,Fashion Premium,960000,1,43,0,43
2023-03-25,Surabaya,SKU_HIJAB_INSTAN,Fashion,65000,0,158,0,158
2023-03-25,Surabaya,SKU_KOPI_GAYO,Food & Beverage,176000,1,76,0,76
2023-03-25,Surabaya,SKU_BATIK_TULIS,Fashion Premium,960000,1,21,0,21
2023-03-25,Medan,SKU_HIJAB_INSTAN,Fashion,65000,0,49,0,49
2023-03-25,Medan,SKU_KOPI_GAYO,Food & Beverage,176000,1,65,0,65
2023-03-25,Medan,SKU_BATIK_TULIS,Fashion Premium,1200000,0,5,0,5
2023-03-25,Makassar,SKU_HIJAB_INSTAN,Fashion,65000,0,36,0,36
2023-03-25,Makassar,SKU_KOPI_GAYO,Food & Beverage,220000,0,9,0,9
2023-03-25,Makassar,SKU_BATIK_TULIS,Fashion Premium,960000,1,9,0,9
2023-03-26,Jakarta,SKU_HIJAB_INSTAN,Fashion,65000,0,198,0,198
2023-03-26,Jakarta,SKU_KOPI_GAYO,Food & Beverage,220000,0,99,0,99
2023-03-26,Jakarta,SKU_BATIK_TULIS,Fashion Premium,1200000,0,24,0,24
2023-03-26,Surabaya,SKU_HIJAB_INSTAN,Fashion,65000,0,111,0,111
2023-03-26,Surabaya,SKU_KOPI_GAYO,Food & Beverage,176000,1,87,0,87
2023-03-26,Surabaya,SKU_BATIK_TULIS,Fashion Premium,1200000,0,14,0,14
2023-03-26,Medan,SKU_HIJAB_INSTAN,Fashion,52000,1,92,0,92
2023-03-26,Medan,SKU_KOPI_GAYO,Food & Beverage,176000,1,48,0,48
2023-03-26,Medan,SKU_BATIK_TULIS,Fashion Premium,1200000,0,11,0,11
2023-03-26,Makassar,SKU_HIJAB_INSTAN,Fashion,65000,0,42,0,42
2023-03-26,Makassar,SKU_KOPI_GAYO,Food & Beverage,220000,0,23,0,23
2023-03-26,Makassar,SKU_BATIK_TULIS,Fashion Premium,960000,1,7,0,7
2023-03-27,Jakarta,SKU_HIJAB_INSTAN,Fashion,65000,0,166,0,166
2023-03-27,Jakarta,SKU_KOPI_GAYO,Food & Beverage,220000,0,67,1,0
2023-03-27,Jakarta,SKU_BATIK_TULIS,Fashion Premium,1200000,0,17,0,17
2023-03-27,Surabaya,SKU_HIJAB_INSTAN,Fashion,52000,1,156,0,156
2023-03-27,Surabaya,SKU_KOPI_GAYO,Food & Beverage,176000,1,69,0,69
2023-03-27,Surabaya,SKU_BATIK_TULIS,Fashion Premium,1200000,0,10,1,0
2023-03-27,Medan,SKU_HIJAB_INSTAN,Fashion,65000,0,75,0,75
2023-03-27,Medan,SKU_KOPI_GAYO,Food & Beverage,176000,1,56,0,56
2023-03-27,Medan,SKU_BATIK_TULIS,Fashion Premium,1200000,0,5,0,5
2023-03-27,Makassar,SKU_HIJAB_INSTAN,Fashion,65000,0,37,0,37
2023-03-27,Makassar,SKU_KOPI_GAYO,Food & Beverage,220000,0,20,0,20
2023-03-27,Makassar,SKU_BATIK_TULIS,Fashion Premium,1200000,0,4,0,4
2023-03-28,Jakarta,SKU_HIJAB_INSTAN,Fashion,65000,0,338,0,338
2023-03-28,Jakarta,SKU_KOPI_GAYO,Food & Beverage,220000,0,96,0,96
2023-03-28,Jakarta,SKU_BATIK_TULIS,Fashion Premium,1200000,0,27,0,27
2023-03-28,Surabaya,SKU_HIJAB_INSTAN,Fashion,65000,0,200,0,200
2023-03-28,Surabaya,SKU_KOPI_GAYO,Food & Beverage,176000,1,68,0,68
2023-03-28,Surabaya,SKU_BATIK_TULIS,Fashion Premium,960000,1,22,0,22
2023-03-28,Medan,SKU_HIJAB_INSTAN,Fashion,65000,0,129,0,129
2023-03-28,Medan,SKU_KOPI_GAYO,Food & Beverage,176000,1,65,0,65
2023-03-28,Medan,SKU_BATIK_TULIS,Fashion Premium,1200000,0,14,0,14
2023-03-28,Makassar,SKU_HIJAB_INSTAN,Fashion,65000,0,32,0,32
2023-03-28,Makassar,SKU_KOPI_GAYO,Food & Beverage,220000,0,21,0,21
2023-03-28,Makassar,SKU_BATIK_TULIS,Fashion Premium,1200000,0,4,0,4
2023-03-29,Jakarta,SKU_HIJAB_INSTAN,Fashion,65000,0,308,0,308
2023-03-29,Jakarta,SKU_KOPI_GAYO,Food & Beverage,176000,1,137,0,137
2023-03-29,Jakarta,SKU_BATIK_TULIS,Fashion Premium,960000,1,41,0,41
2023-03-29,Surabaya,SKU_HIJAB_INSTAN,Fashion,65000,0,178,0,178
2023-03-29,Surabaya,SKU_KOPI_GAYO,Food & Beverage,176000,1,74,0,74
2023-03-29,Surabaya,SKU_BATIK_TULIS,Fashion Premium,1200000,0,16,0,16
2023-03-29,Medan,SKU_HIJAB_INSTAN,Fashion,65000,0,112,0,112
2023-03-29,Medan,SKU_KOPI_GAYO,Food & Beverage,220000,0,46,0,46
2023-03-29,Medan,SKU_BATIK_TULIS,Fashion Premium,1200000,0,13,0,13
2023-03-29,Makassar,SKU_HIJAB_INSTAN,Fashion,65000,0,49,0,49
2023-03-29,Makassar,SKU_KOPI_GAYO,Food & Beverage,220000,0,18,0,18
2023-03-29,Makassar,SKU_BATIK_TULIS,Fashion Premium,1200000,0,9,0,9
2023-03-30,Jakarta,SKU_HIJAB_INSTAN,Fashion,52000,1,529,0,529
2023-03-30,Jakarta,SKU_KOPI_GAYO,Food & Beverage,220000,0,90,0,90
2023-03-30,Jakarta,SKU_BATIK_TULIS,Fashion Premium,1200000,0,28,0,28
2023-03-30,Surabaya,SKU_HIJAB_INSTAN,Fashion,65000,0,240,0,240
2023-03-30,Surabaya,SKU_KOPI_GAYO,Food & Beverage,176000,1,88,0,88
2023-03-30,Surabaya,SKU_BATIK_TULIS,Fashion Premium,1200000,0,18,0,18
2023-03-30,Medan,SKU_HIJAB_INSTAN,Fashion,52000,1,146,0,146
2023-03-30,Medan,SKU_KOPI_GAYO,Food & Beverage,220000,0,27,0,27
2023-03-30,Medan,SKU_BATIK_TULIS,Fashion Premium,1200000,0,11,0,11
2023-03-30,Makassar,SKU_HIJAB_INSTAN,Fashion,65000,0,83,0,83
2023-03-30,Makassar,SKU_KOPI_GAYO,Food & Beverage,176000,1,38,0,38
2023-03-30,Makassar,SKU_BATIK_TULIS,Fashion Premium,960000,1,14,0,14
2023-03-31,Jakarta,SKU_HIJAB_INSTAN,Fashion,65000,0,404,0,404
2023-03-31,Jakarta,SKU_KOPI_GAYO,Food & Beverage,220000,0,88,0,88
2023-03-31,Jakarta,SKU_BATIK_TULIS,Fashion Premium,1200000,0,34,0,34
2023-03-31,Surabaya,SKU_HIJAB_INSTAN,Fashion,52000,1,263,0,263
2023-03-31,Surabaya,SKU_KOPI_GAYO,Food & Beverage,176000,1,69,1,0
2023-03-31,Surabaya,SKU_BATIK_TULIS,Fashion Premium,960000,1,27,0,27
2023-03-31,Medan,SKU_HIJAB_INSTAN,Fashion,65000,0,172,0,172
2023-03-31,Medan,SKU_KOPI_GAYO,Food & Beverage,176000,1,29,0,29
2023-03-31,Medan,SKU_BATIK_TULIS,Fashion Premium,1200000,0,20,0,20
2023-03-31,Makassar,SKU_HIJAB_INSTAN,Fashion,65000,0,81,0,81
2023-03-31,Makassar,SKU_KOPI_GAYO,Food & Beverage,220000,0,18,0,18
2023-03-31,Makassar,SKU_BATIK_TULIS,Fashion Premium,960000,1,11,0,11
2023-04-01,Jakarta,SKU_HIJAB_INSTAN,Fashion,65000,0,344,0,344
2023-04-01,Jakarta,SKU_KOPI_GAYO,Food & Beverage,176000,1,152,0,152
2023-04-01,Jakarta,SKU_BATIK_TULIS,Fashion Premium,1200000,0,44,0,44
2023-04-01,Surabaya,SKU_HIJAB_INSTAN,Fashion,65000,0,272,0,272
2023-04-01,Surabaya,SKU_KOPI_GAYO,Food & Beverage,176000,1,80,0,80
2023-04-01,Surabaya,SKU_BATIK_TULIS,Fashion Premium,1200000,0,22,0,22
2023-04-01,Medan,SKU_HIJAB_INSTAN,Fashion,52000,1,267,0,267
2023-04-01,Medan,SKU_KOPI_GAYO,Food & Beverage,220000,0,41,0,41
2023-04-01,Medan,SKU_BATIK_TULIS,Fashion Premium,960000,1,26,0,26
2023-04-01,Makassar,SKU_HIJAB_INSTAN,Fashion,65000,0,50,0,50
2023-04-01,Makassar,SKU_KOPI_GAYO,Food & Beverage,220000,0,9,0,9
2023-04-01,Makassar,SKU_BATIK_TULIS,Fashion Premium,960000,1,19,0,19
2023-04-02,Jakarta,SKU_HIJAB_INSTAN,Fashion,65000,0,386,0,386
2023-04-02,Jakarta,SKU_KOPI_GAYO,Food & Beverage,220000,0,86,0,86
2023-04-02,Jakarta,SKU_BATIK_TULIS,Fashion Premium,960000,1,51,0,51
2023-04-02,Surabaya,SKU_HIJAB_INSTAN,Fashion,65000,0,232,0,232
2023-04-02,Surabaya,SKU_KOPI_GAYO,Food & Beverage,220000,0,56,0,56
2023-04-02,Surabaya,SKU_BATIK_TULIS,Fashion Premium,1200000,0,23,0,23
2023-04-02,Medan,SKU_HIJAB_INSTAN,Fashion,65000,0,140,0,140
2023-04-02,Medan,SKU_KOPI_GAYO,Food & Beverage,220000,0,39,0,39
2023-04-02,Medan,SKU_BATIK_TULIS,Fashion Premium,960000,1,24,0,24
2023-04-02,Makassar,SKU_HIJAB_INSTAN,Fashion,65000,0,90,0,90
2023-04-02,Makassar,SKU_KOPI_GAYO,Food & Beverage,220000,0,20,0,20
2023-04-02,Makassar,SKU_BATIK_TULIS,Fashion Premium,1200000,0,8,0,8
2023-04-03,Jakarta,SKU_HIJAB_INSTAN,Fashion,52000,1,467,0,467
2023-04-03,Jakarta,SKU_KOPI_GAYO,Food & Beverage,220000,0,92,0,92
2023-04-03,Jakarta,SKU_BATIK_TULIS,Fashion Premium,1200000,0,24,0,24
2023-04-03,Surabaya,SKU_HIJAB_INSTAN,Fashion,65000,0,205,0,205
2023-04-03,Surabaya,SKU_KOPI_GAYO,Food & Beverage,220000,0,48,0,48
2023-04-03,Surabaya,SKU_BATIK_TULIS,Fashion Premium,1200000,0,16,0,16
2023-04-03,Medan,SKU_HIJAB_INSTAN,Fashion,65000,0,127,1,0
2023-04-03,Medan,SKU_KOPI_GAYO,Food & Beverage,176000,1,69,0,69
2023-04-03,Medan,SKU_BATIK_TULIS,Fashion Premium,1200000,0,10,0,10
2023-04-03,Makassar,SKU_HIJAB_INSTAN,Fashion,65000,0,31,0,31
2023-04-03,Makassar,SKU_KOPI_GAYO,Food & Beverage,220000,0,17,0,17
2023-04-03,Makassar,SKU_BATIK_TULIS,Fashion Premium,1200000,0,3,0,3
2023-04-04,Jakarta,SKU_HIJAB_INSTAN,Fashion,52000,1,448,0,448
2023-04-04,Jakarta,SKU_KOPI_GAYO,Food & Beverage,220000,0,81,0,81
2023-04-04,Jakarta,SKU_BATIK_TULIS,Fashion Premium,1200000,0,23,0,23
2023-04-04,Surabaya,SKU_HIJAB_INSTAN,Fashion,65000,0,155,0,155
2023-04-04,Surabaya,SKU_KOPI_GAYO,Food & Beverage,220000,0,64,0,64
2023-04-04,Surabaya,SKU_BATIK_TULIS,Fashion Premium,1200000,0,14,0,14
2023-04-04,Medan,SKU_HIJAB_INSTAN,Fashion,65000,0,112,0,112
2023-04-04,Medan,SKU_KOPI_GAYO,Food & Beverage,176000,1,47,0,47
2023-04-04,Medan,SKU_BATIK_TULIS,Fashion Premium,960000,1,15,0,15
2023-04-04,Makassar,SKU_HIJAB_INSTAN,Fashion,65000,0,60,0,60
2023-04-04,Makassar,SKU_KOPI_GAYO,Food & Beverage,220000,0,22,0,22
2023-04-04,Makassar,SKU_BATIK_TULIS,Fashion Premium,960000,1,15,0,15
2023-04-05,Jakarta,SKU_HIJAB_INSTAN,Fashion,65000,0,378,0,378
2023-04-05,Jakarta,SKU_KOPI_GAYO,Food & Beverage,220000,0,91,0,91
2023-04-05,Jakarta,SKU_BATIK_TULIS,Fashion Premium,1200000,0,26,0,26
2023-04-05,Surabaya,SKU_HIJAB_INSTAN,Fashion,52000,1,255,0,255
2023-04-05,Surabaya,SKU_KOPI_GAYO,Food & Beverage,176000,1,82,0,82
2023-04-05,Surabaya,SKU_BATIK_TULIS,Fashion Premium,1200000,0,18,0,18
2023-04-05,Medan,SKU_HIJAB_INSTAN,Fashion,65000,0,164,0,164
2023-04-05,Medan,SKU_KOPI_GAYO,Food & Beverage,176000,1,62,0,62
2023-04-05,Medan,SKU_BATIK_TULIS,Fashion Premium,1200000,0,9,0,9
2023-04-05,Makassar,SKU_HIJAB_INSTAN,Fashion,52000,1,32,0,32
2023-04-05,Makassar,SKU_KOPI_GAYO,Food & Beverage,176000,1,34,0,34
2023-04-05,Makassar,SKU_BATIK_TULIS,Fashion Premium,1200000,0,2,0,2
2023-04-06,Jakarta,SKU_HIJAB_INSTAN,Fashion,65000,0,322,1,0
2023-04-06,Jakarta,SKU_KOPI_GAYO,Food & Beverage,220000,0,90,0,90
2023-04-06,Jakarta,SKU_BATIK_TULIS,Fashion Premium,960000,1,50,0,50
2023-04-06,Surabaya,SKU_HIJAB_INSTAN,Fashion,65000,0,233,0,233
2023-04-06,Surabaya,SKU_KOPI_GAYO,Food & Beverage,220000,0,64,0,64
2023-04-06,Surabaya,SKU_BATIK_TULIS,Fashion Premium,1200000,0,20,0,20
2023-04-06,Medan,SKU_HIJAB_INSTAN,Fashion,65000,0,181,0,181
2023-04-06,Medan,SKU_KOPI_GAYO,Food & Beverage,176000,1,36,0,36
2023-04-06,Medan,SKU_BATIK_TULIS,Fashion Premium,1200000,0,13,0,13
2023-04-06,Makassar,SKU_HIJAB_INSTAN,Fashion,65000,0,54,0,54
2023-04-06,Makassar,SKU_KOPI_GAYO,Food & Beverage,176000,1,10,0,10
2023-04-06,Makassar,SKU_BATIK_TULIS,Fashion Premium,1200000,0,8,0,8
2023-04-07,Jakarta,SKU_HIJAB_INSTAN,Fashion,65000,0,304,0,304
2023-04-07,Jakarta,SKU_KOPI_GAYO,Food & Beverage,220000,0,101,0,101
2023-04-07,Jakarta,SKU_BATIK_TULIS,Fashion Premium,1200000,0,39,0,39
2023-04-07,Surabaya,SKU_HIJAB_INSTAN,Fashion,65000,0,221,0,221
2023-04-07,Surabaya,SKU_KOPI_GAYO,Food & Beverage,176000,1,80,0,80
2023-04-07,Surabaya,SKU_BATIK_TULIS,Fashion Premium,1200000,0,23,0,23
2023-04-07,Medan,SKU_HIJAB_INSTAN,Fashion,65000,0,181,0,181
2023-04-07,Medan,SKU_KOPI_GAYO,Food & Beverage,220000,0,47,0,47
2023-04-07,Medan,SKU_BATIK_TULIS,Fashion Premium,1200000,0,16,0,16
2023-04-07,Makassar,SKU_HIJAB_INSTAN,Fashion,65000,0,58,0,58
2023-04-07,Makassar,SKU_KOPI_GAYO,Food & Beverage,220000,0,19,0,19
2023-04-07,Makassar,SKU_BATIK_TULIS,Fashion Premium,1200000,0,8,0,8
2023-04-08,Jakarta,SKU_HIJAB_INSTAN,Fashion,65000,0,478,0,478
2023-04-08,Jakarta,SKU_KOPI_GAYO,Food & Beverage,176000,1,150,0,150
2023-04-08,Jakarta,SKU_BATIK_TULIS,Fashion Premium,1200000,0,38,0,38
2023-04-08,Surabaya,SKU_HIJAB_INSTAN,Fashion,52000,1,349,0,349
2023-04-08,Surabaya,SKU_KOPI_GAYO,Food & Beverage,176000,1,94,0,94
2023-04-08,Surabaya,SKU_BATIK_TULIS,Fashion Premium,960000,1,40,0,40
2023-04-08,Medan,SKU_HIJAB_INSTAN,Fashion,65000,0,169,0,169
2023-04-08,Medan,SKU_KOPI_GAYO,Food & Beverage,220000,0,36,0,36
2023-04-08,Medan,SKU_BATIK_TULIS,Fashion Premium,1200000,0,21,0,21
2023-04-08,Makassar,SKU_HIJAB_INSTAN,Fashion,52000,1,79,0,79
2023-04-08,Makassar,SKU_KOPI_GAYO,Food & Beverage,176000,1,51,0,51
2023-04-08,Makassar,SKU_BATIK_TULIS,Fashion Premium,960000,1,9,0,9
2023-04-09,Jakarta,SKU_HIJAB_INSTAN,Fashion,65000,0,439,0,439
2023-04-09,Jakarta,SKU_KOPI_GAYO,Food & Beverage,176000,1,160,0,160
2023-04-09,Jakarta,SKU_BATIK_TULIS,Fashion Premium,1200000,0,37,0,37
2023-04-09,Surabaya,SKU_HIJAB_INSTAN,Fashion,65000,0,220,0,220
2023-04-09,Surabaya,SKU_KOPI_GAYO,Food & Beverage,176000,1,72,0,72
2023-04-09,Surabaya,SKU_BATIK_TULIS,Fashion Premium,960000,1,34,0,34
2023-04-09,Medan,SKU_HIJAB_INSTAN,Fashion,65000,0,137,0,137
2023-04-09,Medan,SKU_KOPI_GAYO,Food & Beverage,220000,0,54,0,54
2023-04-09,Medan,SKU_BATIK_TULIS,Fashion Premium,960000,1,14,0,14
2023-04-09,Makassar,SKU_HIJAB_INSTAN,Fashion,65000,0,75,0,75
2023-04-09,Makassar,SKU_KOPI_GAYO,Food & Beverage,220000,0,19,0,19
2023-04-09,Makassar,SKU_BATIK_TULIS,Fashion Premium,1200000,0,8,0,8
2023-04-10,Jakarta,SKU_HIJAB_INSTAN,Fashion,65000,0,349,0,349
2023-04-10,Jakarta,SKU_KOPI_GAYO,Food & Beverage,220000,0,99,0,99
2023-04-10,Jakarta,SKU_BATIK_TULIS,Fashion Premium,1200000,0,23,0,23
2023-04-10,Surabaya,SKU_HIJAB_INSTAN,Fashion,65000,0,198,0,198
2023-04-10,Surabaya,SKU_KOPI_GAYO,Food & Beverage,220000,0,55,0,55
2023-04-10,Surabaya,SKU_BATIK_TULIS,Fashion Premium,1200000,0,14,0,14
2023-04-10,Medan,SKU_HIJAB_INSTAN,Fashion,65000,0,117,0,117
2023-04-10,Medan,SKU_KOPI_GAYO,Food & Beverage,220000,0,39,0,39
2023-04-10,Medan,SKU_BATIK_TULIS,Fashion Premium,960000,1,11,0,11
2023-04-10,Makassar,SKU_HIJAB_INSTAN,Fashion,65000,0,60,0,60
2023-04-10,Makassar,SKU_KOPI_GAYO,Food & Beverage,176000,1,44,1,0
2023-04-10,Makassar,SKU_BATIK_TULIS,Fashion Premium,1200000,0,3,0,3
2023-04-11,Jakarta,SKU_HIJAB_INSTAN,Fashion,65000,0,351,0,351
2023-04-11,Jakarta,SKU_KOPI_GAYO,Food & Beverage,176000,1,124,0,124
2023-04-11,Jakarta,SKU_BATIK_TULIS,Fashion Premium,1200000,0,24,0,24
2023-04-11,Surabaya,SKU_HIJAB_INSTAN,Fashion,52000,1,253,0,253
2023-04-11,Surabaya,SKU_KOPI_GAYO,Food & Beverage,220000,0,67,0,67
2023-04-11,Surabaya,SKU_BATIK_TULIS,Fashion Premium,1200000,0,17,0,17
2023-04-11,Medan,SKU_HIJAB_INSTAN,Fashion,65000,0,95,0,95
2023-04-11,Medan,SKU_KOPI_GAYO,Food & Beverage,220000,0,38,0,38
2023-04-11,Medan,SKU_BATIK_TULIS,Fashion Premium,1200000,0,10,0,10
2023-04-11,Makassar,SKU_HIJAB_INSTAN,Fashion,65000,0,49,0,49
2023-04-11,Makassar,SKU_KOPI_GAYO,Food & Beverage,176000,1,35,0,35
2023-04-11,Makassar,SKU_BATIK_TULIS,Fashion Premium,1200000,0,4,0,4
2023-04-12,Jakarta,SKU_HIJAB_INSTAN,Fashion,65000,0,363,0,363
2023-04-12,Jakarta,SKU_KOPI_GAYO,Food & Beverage,220000,0,86,0,86
2023-04-12,Jakarta,SKU_BATIK_TULIS,Fashion Premium,1200000,0,26,0,26
2023-04-12,Surabaya,SKU_HIJAB_INSTAN,Fashion,65000,0,156,0,156
2023-04-12,Surabaya,SKU_KOPI_GAYO,Food & Beverage,176000,1,90,0,90
2023-04-12,Surabaya,SKU_BATIK_TULIS,Fashion Premium,1200000,0,16,0,16
2023-04-12,Medan,SKU_HIJAB_INSTAN,Fashion,65000,0,117,0,117
2023-04-12,Medan,SKU_KOPI_GAYO,Food & Beverage,176000,1,49,0,49
2023-04-12,Medan,SKU_BATIK_TULIS,Fashion Premium,1200000,0,11,0,11
2023-04-12,Makassar,SKU_HIJAB_INSTAN,Fashion,52000,1,105,0,105
2023-04-12,Makassar,SKU_KOPI_GAYO,Food & Beverage,220000,0,19,0,19
2023-04-12,Makassar,SKU_BATIK_TULIS,Fashion Premium,1200000,0,2,0,2
2023-04-13,Jakarta,SKU_HIJAB_INSTAN,Fashion,65000,0,333,0,333
2023-04-13,Jakarta,SKU_KOPI_GAYO,Food & Beverage,220000,0,104,0,104
2023-04-13,Jakarta,SKU_BATIK_TULIS,Fashion Premium,1200000,0,33,0,33
2023-04-13,Surabaya,SKU_HIJAB_INSTAN,Fashion,52000,1,306,0,306
2023-04-13,Surabaya,SKU_KOPI_GAYO,Food & Beverage,220000,0,47,0,47
2023-04-13,Surabaya,SKU_BATIK_TULIS,Fashion Premium,1200000,0,18,0,18
2023-04-13,Medan,SKU_HIJAB_INSTAN,Fashion,65000,0,129,0,129
2023-04-13,Medan,SKU_KOPI_GAYO,Food & Beverage,176000,1,73,0,73
2023-04-13,Medan,SKU_BATIK_TULIS,Fashion Premium,960000,1,14,0,14
2023-04-13,Makassar,SKU_HIJAB_INSTAN,Fashion,52000,1,132,1,0
2023-04-13,Makassar,SKU_KOPI_GAYO,Food & Beverage,220000,0,20,0,20
2023-04-13,Makassar,SKU_BATIK_TULIS,Fashion Premium,960000,1,15,1,0
2023-04-14,Jakarta,SKU_HIJAB_INSTAN,Fashion,52000,1,530,0,530
2023-04-14,Jakarta,SKU_KOPI_GAYO,Food & Beverage,176000,1,150,0,150
2023-04-14,Jakarta,SKU_BATIK_TULIS,Fashion Premium,1200000,0,32,0,32
2023-04-14,Surabaya,SKU_HIJAB_INSTAN,Fashion,65000,0,242,0,242
2023-04-14,Surabaya,SKU_KOPI_GAYO,Food & Beverage,176000,1,88,0,88
2023-04-14,Surabaya,SKU_BATIK_TULIS,Fashion Premium,1200000,0,23,0,23
2023-04-14,Medan,SKU_HIJAB_INSTAN,Fashion,65000,0,182,0,182
2023-04-14,Medan,SKU_KOPI_GAYO,Food & Beverage,220000,0,48,0,48
2023-04-14,Medan,SKU_BATIK_TULIS,Fashion Premium,1200000,0,16,0,16
2023-04-14,Makassar,SKU_HIJAB_INSTAN,Fashion,65000,0,141,0,141
2023-04-14,Makassar,SKU_KOPI_GAYO,Food & Beverage,220000,0,23,0,23
2023-04-14,Makassar,SKU_BATIK_TULIS,Fashion Premium,1200000,0,5,0,5
2023-04-15,Jakarta,SKU_HIJAB_INSTAN,Fashion,52000,1,476,1,0
2023-04-15,Jakarta,SKU_KOPI_GAYO,Food & Beverage,220000,0,105,0,105
2023-04-15,Jakarta,SKU_BATIK_TULIS,Fashion Premium,1200000,0,49,0,49
2023-04-15,Surabaya,SKU_HIJAB_INSTAN,Fashion,52000,1,410,1,0
2023-04-15,Surabaya,SKU_KOPI_GAYO,Food & Beverage,220000,0,72,0,72
2023-04-15,Surabaya,SKU_BATIK_TULIS,Fashion Premium,1200000,0,25,0,25
2023-04-15,Medan,SKU_HIJAB_INSTAN,Fashion,65000,0,159,1,0
2023-04-15,Medan,SKU_KOPI_GAYO,Food & Beverage,220000,0,53,0,53
2023-04-15,Medan,SKU_BATIK_TULIS,Fashion Premium,960000,1,30,0,30
2023-04-15,Makassar,SKU_HIJAB_INSTAN,Fashion,52000,1,99,0,99
2023-04-15,Makassar,SKU_KOPI_GAYO,Food & Beverage,220000,0,15,1,0
2023-04-15,Makassar,SKU_BATIK_TULIS,Fashion Premium,1200000,0,9,0,9
2023-04-16,Jakarta,SKU_HIJAB_INSTAN,Fashion,65000,0,362,0,362
2023-04-16,Jakarta,SKU_KOPI_GAYO,Food & Beverage,220000,0,95,0,95
2023-04-16,Jakarta,SKU_BATIK_TULIS,Fashion Premium,1200000,0,44,0,44
2023-04-16,Surabaya,SKU_HIJAB_INSTAN,Fashion,65000,0,228,1,0
2023-04-16,Surabaya,SKU_KOPI_GAYO,Food & Beverage,176000,1,85,1,0
2023-04-16,Surabaya,SKU_BATIK_TULIS,Fashion Premium,1200000,0,29,0,29
2023-04-16,Medan,SKU_HIJAB_INSTAN,Fashion,65000,0,202,0,202
2023-04-16,Medan,SKU_KOPI_GAYO,Food & Beverage,220000,0,43,1,0
2023-04-16,Medan,SKU_BATIK_TULIS,Fashion Premium,1200000,0,19,1,0
2023-04-16,Makassar,SKU_HIJAB_INSTAN,Fashion,52000,1,147,0,147
2023-04-16,Makassar,SKU_KOPI_GAYO,Food & Beverage,220000,0,24,0,24
2023-04-16,Makassar,SKU_BATIK_TULIS,Fashion Premium,1200000,0,12,0,12
2023-04-17,Jakarta,SKU_HIJAB_INSTAN,Fashion,65000,0,294,0,294
2023-04-17,Jakarta,SKU_KOPI_GAYO,Food & Beverage,220000,0,99,0,99
2023-04-17,Jakarta,SKU_BATIK_TULIS,Fashion Premium,960000,1,37,0,37
2023-04-17,Surabaya,SKU_HIJAB_INSTAN,Fashion,52000,1,272,0,272
2023-04-17,Surabaya,SKU_KOPI_GAYO,Food & Beverage,220000,0,63,0,63
2023-04-17,Surabaya,SKU_BATIK_TULIS,Fashion Premium,1200000,0,13,0,13
2023-04-17,Medan,SKU_HIJAB_INSTAN,Fashion,65000,0,130,0,130
2023-04-17,Medan,SKU_KOPI_GAYO,Food & Beverage,176000,1,52,1,0
2023-04-17,Medan,SKU_BATIK_TULIS,Fashion Premium,1200000,0,10,1,0
2023-04-17,Makassar,SKU_HIJAB_INSTAN,Fashion,65000,0,28,0,28
2023-04-17,Makassar,SKU_KOPI_GAYO,Food & Beverage,220000,0,11,0,11
2023-04-17,Makassar,SKU_BATIK_TULIS,Fashion Premium,960000,1,11,1,0
2023-04-18,Jakarta,SKU_HIJAB_INSTAN,Fashion,65000,0,340,0,340
2023-04-18,Jakarta,SKU_KOPI_GAYO,Food & Beverage,220000,0,81,0,81
2023-04-18,Jakarta,SKU_BATIK_TULIS,Fashion Premium,1200000,0,25,0,25
2023-04-18,Surabaya,SKU_HIJAB_INSTAN,Fashion,65000,0,217,0,217
2023-04-18,Surabaya,SKU_KOPI_GAYO,Food & Beverage,220000,0,59,0,59
2023-04-18,Surabaya,SKU_BATIK_TULIS,Fashion Premium,960000,1,18,0,18
2023-04-18,Medan,SKU_HIJAB_INSTAN,Fashion,65000,0,152,0,152
2023-04-18,Medan,SKU_KOPI_GAYO,Food & Beverage,176000,1,60,1,0
2023-04-18,Medan,SKU_BATIK_TULIS,Fashion Premium,1200000,0,13,0,13
2023-04-18,Makassar,SKU_HIJAB_INSTAN,Fashion,65000,0,50,1,0
2023-04-18,Makassar,SKU_KOPI_GAYO,Food & Beverage,176000,1,33,0,33
2023-04-18,Makassar,SKU_BATIK_TULIS,Fashion Premium,1200000,0,8,0,8
2023-04-19,Jakarta,SKU_HIJAB_INSTAN,Fashion,65000,0,348,0,348
2023-04-19,Jakarta,SKU_KOPI_GAYO,Food & Beverage,220000,0,102,0,102
2023-04-19,Jakarta,SKU_BATIK_TULIS,Fashion Premium,1200000,0,26,0,26
2023-04-19,Surabaya,SKU_HIJAB_INSTAN,Fashion,65000,0,247,0,247
2023-04-19,Surabaya,SKU_KOPI_GAYO,Food & Beverage,220000,0,59,0,59
2023-04-19,Surabaya,SKU_BATIK_TULIS,Fashion Premium,1200000,0,12,0,12
2023-04-19,Medan,SKU_HIJAB_INSTAN,Fashion,65000,0,153,0,153
2023-04-19,Medan,SKU_KOPI_GAYO,Food & Beverage,220000,0,44,0,44
2023-04-19,Medan,SKU_BATIK_TULIS,Fashion Premium,1200000,0,15,0,15
2023-04-19,Makassar,SKU_HIJAB_INSTAN,Fashion,52000,1,99,1,0
2023-04-19,Makassar,SKU_KOPI_GAYO,Food & Beverage,220000,0,9,0,9
2023-04-19,Makassar,SKU_BATIK_TULIS,Fashion Premium,1200000,0,6,0,6
2023-04-20,Jakarta,SKU_HIJAB_INSTAN,Fashion,52000,1,533,0,533
2023-04-20,Jakarta,SKU_KOPI_GAYO,Food & Beverage,220000,0,107,0,107
2023-04-20,Jakarta,SKU_BATIK_TULIS,Fashion Premium,1200000,0,29,0,29
2023-04-20,Surabaya,SKU_HIJAB_INSTAN,Fashion,52000,1,432,0,432
2023-04-20,Surabaya,SKU_KOPI_GAYO,Food & Beverage,176000,1,85,0,85
2023-04-20,Surabaya,SKU_BATIK_TULIS,Fashion Premium,1200000,0,20,0,20
2023-04-20,Medan,SKU_HIJAB_INSTAN,Fashion,52000,1,171,0,171
2023-04-20,Medan,SKU_KOPI_GAYO,Food & Beverage,220000,0,37,0,37
2023-04-20,Medan,SKU_BATIK_TULIS,Fashion Premium,1200000,0,12,0,12
2023-04-20,Makassar,SKU_HIJAB_INSTAN,Fashion,65000,0,76,0,76
2023-04-20,Makassar,SKU_KOPI_GAYO,Food & Beverage,220000,0,21,0,21
2023-04-20,Makassar,SKU_BATIK_TULIS,Fashion Premium,960000,1,9,1,0
2023-04-21,Jakarta,SKU_HIJAB_INSTAN,Fashion,52000,1,534,0,534
2023-04-21,Jakarta,SKU_KOPI_GAYO,Food & Beverage,176000,1,136,0,136
2023-04-21,Jakarta,SKU_BATIK_TULIS,Fashion Premium,1200000,0,35,0,35
2023-04-21,Surabaya,SKU_HIJAB_INSTAN,Fashion,52000,1,313,0,313
2023-04-21,Surabaya,SKU_KOPI_GAYO,Food & Beverage,220000,0,59,0,59
2023-04-21,Surabaya,SKU_BATIK_TULIS,Fashion Premium,1200000,0,23,0,23
2023-04-21,Medan,SKU_HIJAB_INSTAN,Fashion,52000,1,196,1,0
2023-04-21,Medan,SKU_KOPI_GAYO,Food & Beverage,220000,0,37,0,37
2023-04-21,Medan,SKU_BATIK_TULIS,Fashion Premium,960000,1,19,1,0
2023-04-21,Makassar,SKU_HIJAB_INSTAN,Fashion,65000,0,84,1,0
2023-04-21,Makassar,SKU_KOPI_GAYO,Food & Beverage,176000,1,6,0,6
2023-04-21,Makassar,SKU_BATIK_TULIS,Fashion Premium,960000,1,10,0,10
2023-04-22,Jakarta,SKU_HIJAB_INSTAN,Fashion,52000,1,538,0,538
2023-04-22,Jakarta,SKU_KOPI_GAYO,Food & Beverage,176000,1,159,0,159
2023-04-22,Jakarta,SKU_BATIK_TULIS,Fashion Premium,1200000,0,38,0,38
2023-04-22,Surabaya,SKU_HIJAB_INSTAN,Fashion,65000,0,173,0,173
2023-04-22,Surabaya,SKU_KOPI_GAYO,Food & Beverage,220000,0,58,0,58
2023-04-22,Surabaya,SKU_BATIK_TULIS,Fashion Premium,1200000,0,28,0,28
2023-04-22,Medan,SKU_HIJAB_INSTAN,Fashion,65000,0,127,0,127
2023-04-22,Medan,SKU_KOPI_GAYO,Food & Beverage,220000,0,37,0,37
2023-04-22,Medan,SKU_BATIK_TULIS,Fashion Premium,1200000,0,15,0,15
2023-04-22,Makassar,SKU_HIJAB_INSTAN,Fashion,65000,0,118,0,118
2023-04-22,Makassar,SKU_KOPI_GAYO,Food & Beverage,220000,0,16,0,16
2023-04-22,Makassar,SKU_BATIK_TULIS,Fashion Premium,1200000,0,9,0,9
2023-04-23,Jakarta,SKU_HIJAB_INSTAN,Fashion,65000,0,31,0,31
2023-04-23,Jakarta,SKU_KOPI_GAYO,Food & Beverage,220000,0,14,0,14
2023-04-23,Jakarta,SKU_BATIK_TULIS,Fashion Premium,1200000,0,3,0,3
2023-04-23,Surabaya,SKU_HIJAB_INSTAN,Fashion,65000,0,12,0,12
2023-04-23,Surabaya,SKU_KOPI_GAYO,Food & Beverage,220000,0,8,0,8
2023-04-23,Surabaya,SKU_BATIK_TULIS,Fashion Premium,1200000,0,2,0,2
2023-04-23,Medan,SKU_HIJAB_INSTAN,Fashion,65000,0,9,0,9
2023-04-23,Medan,SKU_KOPI_GAYO,Food & Beverage,220000,0,4,0,4
2023-04-23,Medan,SKU_BATIK_TULIS,Fashion Premium,1200000,0,2,0,2
2023-04-23,Makassar,SKU_HIJAB_INSTAN,Fashion,65000,0,5,0,5
2023-04-23,Makassar,SKU_KOPI_GAYO,Food & Beverage,220000,0,2,0,2
2023-04-23,Makassar,SKU_BATIK_TULIS,Fashion Premium,1200000,0,2,0,2
2023-04-24,Jakarta,SKU_HIJAB_INSTAN,Fashion,65000,0,20,0,20
2023-04-24,Jakarta,SKU_KOPI_GAYO,Food & Beverage,220000,0,12,0,12
2023-04-24,Jakarta,SKU_BATIK_TULIS,Fashion Premium,1200000,0,2,0,2
2023-04-24,Surabaya,SKU_HIJAB_INSTAN,Fashion,65000,0,12,0,12
2023-04-24,Surabaya,SKU_KOPI_GAYO,Food & Beverage,220000,0,7,0,7
2023-04-24,Surabaya,SKU_BATIK_TULIS,Fashion Premium,1200000,0,2,0,2
2023-04-24,Medan,SKU_HIJAB_INSTAN,Fashion,65000,0,5,0,5
2023-04-24,Medan,SKU_KOPI_GAYO,Food & Beverage,220000,0,4,0,4
2023-04-24,Medan,SKU_BATIK_TULIS,Fashion Premium,1200000,0,2,0,2
2023-04-24,Makassar,SKU_HIJAB_INSTAN,Fashion,65000,0,3,0,3
2023-04-24,Makassar,SKU_KOPI_GAYO,Food & Beverage,220000,0,2,0,2
2023-04-24,Makassar,SKU_BATIK_TULIS,Fashion Premium,1200000,0,2,0,2
2023-04-25,Jakarta,SKU_HIJAB_INSTAN,Fashion,65000,0,43,0,43
2023-04-25,Jakarta,SKU_KOPI_GAYO,Food & Beverage,220000,0,17,0,17
2023-04-25,Jakarta,SKU_BATIK_TULIS,Fashion Premium,1200000,0,4,0,4
2023-04-25,Surabaya,SKU_HIJAB_INSTAN,Fashion,65000,0,19,0,19
2023-04-25,Surabaya,SKU_KOPI_GAYO,Food & Beverage,220000,0,11,0,11
2023-04-25,Surabaya,SKU_BATIK_TULIS,Fashion Premium,1200000,0,3,0,3
2023-04-25,Medan,SKU_HIJAB_INSTAN,Fashion,65000,0,10,0,10
2023-04-25,Medan,SKU_KOPI_GAYO,Food & Beverage,220000,0,7,0,7
2023-04-25,Medan,SKU_BATIK_TULIS,Fashion Premium,1200000,0,2,0,2
2023-04-25,Makassar,SKU_HIJAB_INSTAN,Fashion,65000,0,5,0,5
2023-04-25,Makassar,SKU_KOPI_GAYO,Food & Beverage,220000,0,4,0,4
2023-04-25,Makassar,SKU_BATIK_TULIS,Fashion Premium,1200000,0,2,0,2
2023-04-26,Jakarta,SKU_HIJAB_INSTAN,Fashion,65000,0,162,1,0
2023-04-26,Jakarta,SKU_KOPI_GAYO,Food & Beverage,220000,0,89,0,89
2023-04-26,Jakarta,SKU_BATIK_TULIS,Fashion Premium,1200000,0,17,0,17
2023-04-26,Surabaya,SKU_HIJAB_INSTAN,Fashion,65000,0,85,0,85
2023-04-26,Surabaya,SKU_KOPI_GAYO,Food & Beverage,220000,0,59,0,59
2023-04-26,Surabaya,SKU_BATIK_TULIS,Fashion Premium,960000,1,13,0,13
2023-04-26,Medan,SKU_HIJAB_INSTAN,Fashion,65000,0,72,0,72
2023-04-26,Medan,SKU_KOPI_GAYO,Food & Beverage,176000,1,57,0,57
2023-04-26,Medan,SKU_BATIK_TULIS,Fashion Premium,960000,1,12,0,12
2023-04-26,Makassar,SKU_HIJAB_INSTAN,Fashion,65000,0,48,0,48
2023-04-26,Makassar,SKU_KOPI_GAYO,Food & Beverage,176000,1,25,0,25
2023-04-26,Makassar,SKU_BATIK_TULIS,Fashion Premium,960000,1,3,0,3
2023-04-27,Jakarta,SKU_HIJAB_INSTAN,Fashion,65000,0,169,0,169
2023-04-27,Jakarta,SKU_KOPI_GAYO,Food & Beverage,176000,1,121,0,121
2023-04-27,Jakarta,SKU_BATIK_TULIS,Fashion Premium,960000,1,27,0,27
2023-04-27,Surabaya,SKU_HIJAB_INSTAN,Fashion,65000,0,109,0,109
2023-04-27,Surabaya,SKU_KOPI_GAYO,Food & Beverage,176000,1,102,0,102
2023-04-27,Surabaya,SKU_BATIK_TULIS,Fashion Premium,1200000,0,11,0,11
2023-04-27,Medan,SKU_HIJAB_INSTAN,Fashion,65000,0,78,0,78
2023-04-27,Medan,SKU_KOPI_GAYO,Food & Beverage,176000,1,61,0,61
2023-04-27,Medan,SKU_BATIK_TULIS,Fashion Premium,1200000,0,5,0,5
2023-04-27,Makassar,SKU_HIJAB_INSTAN,Fashion,65000,0,13,0,13
2023-04-27,Makassar,SKU_KOPI_GAYO,Food & Beverage,176000,1,14,0,14
2023-04-27,Makassar,SKU_BATIK_TULIS,Fashion Premium,960000,1,8,0,8
2023-04-28,Jakarta,SKU_HIJAB_INSTAN,Fashion,65000,0,189,0,189
2023-04-28,Jakarta,SKU_KOPI_GAYO,Food & Beverage,220000,0,108,0,108
2023-04-28,Jakarta,SKU_BATIK_TULIS,Fashion Premium,1200000,0,21,0,21
2023-04-28,Surabaya,SKU_HIJAB_INSTAN,Fashion,65000,0,107,0,107
2023-04-28,Surabaya,SKU_KOPI_GAYO,Food & Beverage,176000,1,92,0,92
2023-04-28,Surabaya,SKU_BATIK_TULIS,Fashion Premium,1200000,0,16,0,16
2023-04-28,Medan,SKU_HIJAB_INSTAN,Fashion,65000,0,71,0,71
2023-04-28,Medan,SKU_KOPI_GAYO,Food & Beverage,176000,1,64,0,64
2023-04-28,Medan,SKU_BATIK_TULIS,Fashion Premium,1200000,0,9,0,9
2023-04-28,Makassar,SKU_HIJAB_INSTAN,Fashion,52000,1,34,0,34
2023-04-28,Makassar,SKU_KOPI_GAYO,Food & Beverage,176000,1,29,0,29
2023-04-28,Makassar,SKU_BATIK_TULIS,Fashion Premium,960000,1,4,0,4
2023-04-29,Jakarta,SKU_HIJAB_INSTAN,Fashion,65000,0,176,0,176
2023-04-29,Jakarta,SKU_KOPI_GAYO,Food & Beverage,220000,0,90,0,90
2023-04-29,Jakarta,SKU_BATIK_TULIS,Fashion Premium,1200000,0,24,0,24
2023-04-29,Surabaya,SKU_HIJAB_INSTAN,Fashion,65000,0,112,0,112
2023-04-29,Surabaya,SKU_KOPI_GAYO,Food & Beverage,220000,0,40,0,40
2023-04-29,Surabaya,SKU_BATIK_TULIS,Fashion Premium,1200000,0,12,0,12
2023-04-29,Medan,SKU_HIJAB_INSTAN,Fashion,65000,0,70,0,70
2023-04-29,Medan,SKU_KOPI_GAYO,Food & Beverage,220000,0,49,0,49
2023-04-29,Medan,SKU_BATIK_TULIS,Fashion Premium,1200000,0,10,0,10
2023-04-29,Makassar,SKU_HIJAB_INSTAN,Fashion,65000,0,14,0,14
2023-04-29,Makassar,SKU_KOPI_GAYO,Food & Beverage,220000,0,17,0,17
2023-04-29,Makassar,SKU_BATIK_TULIS,Fashion Premium,1200000,0,7,0,7
2023-04-30,Jakarta,SKU_HIJAB_INSTAN,Fashion,65000,0,172,0,172
2023-04-30,Jakarta,SKU_KOPI_GAYO,Food & Beverage,220000,0,95,0,95
2023-04-30,Jakarta,SKU_BATIK_TULIS,Fashion Premium,1200000,0,18,0,18
2023-04-30,Surabaya,SKU_HIJAB_INSTAN,Fashion,65000,0,67,0,67
2023-04-30,Surabaya,SKU_KOPI_GAYO,Food & Beverage,220000,0,61,0,61
2023-04-30,Surabaya,SKU_BATIK_TULIS,Fashion Premium,1200000,0,12,0,12
2023-04-30,Medan,SKU_HIJAB_INSTAN,Fashion,65000,0,45,0,45
2023-04-30,Medan,SKU_KOPI_GAYO,Food & Beverage,220000,0,32,0,32
2023-04-30,Medan,SKU_BATIK_TULIS,Fashion Premium,1200000,0,8,0,8
2023-04-30,Makassar,SKU_HIJAB_INSTAN,Fashion,65000,0,42,0,42
2023-04-30,Makassar,SKU_KOPI_GAYO,Food & Beverage,220000,0,2,0,2
2023-04-30,Makassar,SKU_BATIK_TULIS,Fashion Premium,1200000,0,3,0,3
2023-05-01,Jakarta,SKU_HIJAB_INSTAN,Fashion,65000,0,146,0,146
2023-05-01,Jakarta,SKU_KOPI_GAYO,Food & Beverage,220000,0,83,0,83
2023-05-01,Jakarta,SKU_BATIK_TULIS,Fashion Premium,1200000,0,12,0,12
2023-05-01,Surabaya,SKU_HIJAB_INSTAN,Fashion,65000,0,85,0,85
2023-05-01,Surabaya,SKU_KOPI_GAYO,Food & Beverage,220000,0,44,0,44
2023-05-01,Surabaya,SKU_BATIK_TULIS,Fashion Premium,1200000,0,8,0,8
2023-05-01,Medan,SKU_HIJAB_INSTAN,Fashion,65000,0,71,0,71
2023-05-01,Medan,SKU_KOPI_GAYO,Food & Beverage,220000,0,29,0,29
2023-05-01,Medan,SKU_BATIK_TULIS,Fashion Premium,1200000,0,3,0,3
2023-05-01,Makassar,SKU_HIJAB_INSTAN,Fashion,65000,0,20,0,20
2023-05-01,Makassar,SKU_KOPI_GAYO,Food & Beverage,220000,0,27,0,27
2023-05-01,Makassar,SKU_BATIK_TULIS,Fashion Premium,1200000,0,2,0,2
2023-05-02,Jakarta,SKU_HIJAB_INSTAN,Fashion,65000,0,136,0,136
2023-05-02,Jakarta,SKU_KOPI_GAYO,Food & Beverage,220000,0,78,0,78
2023-05-02,Jakarta,SKU_BATIK_TULIS,Fashion Premium,1200000,0,14,0,14
2023-05-02,Surabaya,SKU_HIJAB_INSTAN,Fashion,65000,0,84,0,84
2023-05-02,Surabaya,SKU_KOPI_GAYO,Food & Beverage,220000,0,38,0,38
2023-05-02,Surabaya,SKU_BATIK_TULIS,Fashion Premium,1200000,0,9,0,9
2023-05-02,Medan,SKU_HIJAB_INSTAN,Fashion,65000,0,63,0,63
2023-05-02,Medan,SKU_KOPI_GAYO,Food & Beverage,220000,0,37,0,37
2023-05-02,Medan,SKU_BATIK_TULIS,Fashion Premium,1200000,0,6,0,6
2023-05-02,Makassar,SKU_HIJAB_INSTAN,Fashion,65000,0,49,0,49
2023-05-02,Makassar,SKU_KOPI_GAYO,Food & Beverage,220000,0,21,0,21
2023-05-02,Makassar,SKU_BATIK_TULIS,Fashion Premium,1200000,0,3,0,3
2023-05-03,Jakarta,SKU_HIJAB_INSTAN,Fashion,65000,0,171,0,171
2023-05-03,Jakarta,SKU_KOPI_GAYO,Food & Beverage,220000,0,83,0,83
2023-05-03,Jakarta,SKU_BATIK_TULIS,Fashion Premium,1200000,0,15,0,15
2023-05-03,Surabaya,SKU_HIJAB_INSTAN,Fashion,65000,0,97,0,97
2023-05-03,Surabaya,SKU_KOPI_GAYO,Food & Beverage,220000,0,36,0,36
2023-05-03,Surabaya,SKU_BATIK_TULIS,Fashion Premium,1200000,0,9,0,9
2023-05-03,Medan,SKU_HIJAB_INSTAN,Fashion,65000,0,61,0,61
2023-05-03,Medan,SKU_KOPI_GAYO,Food & Beverage,220000,0,35,0,35
2023-05-03,Medan,SKU_BATIK_TULIS,Fashion Premium,1200000,0,7,0,7
2023-05-03,Makassar,SKU_HIJAB_INSTAN,Fashion,65000,0,38,0,38
2023-05-03,Makassar,SKU_KOPI_GAYO,Food & Beverage,220000,0,11,0,11
2023-05-03,Makassar,SKU_BATIK_TULIS,Fashion Premium,1200000,0,4,0,4
2023-05-04,Jakarta,SKU_HIJAB_INSTAN,Fashion,65000,0,182,0,182
2023-05-04,Jakarta,SKU_KOPI_GAYO,Food & Beverage,220000,0,91,0,91
2023-05-04,Jakarta,SKU_BATIK_TULIS,Fashion Premium,1200000,0,15,0,15
2023-05-04,Surabaya,SKU_HIJAB_INSTAN,Fashion,65000,0,104,0,104
2023-05-04,Surabaya,SKU_KOPI_GAYO,Food & Beverage,220000,0,42,0,42
2023-05-04,Surabaya,SKU_BATIK_TULIS,Fashion Premium,1200000,0,10,0,10
2023-05-04,Medan,SKU_HIJAB_INSTAN,Fashion,65000,0,69,0,69
2023-05-04,Medan,SKU_KOPI_GAYO,Food & Beverage,220000,0,35,0,35
2023-05-04,Medan,SKU_BATIK_TULIS,Fashion Premium,1200000,0,8,0,8
2023-05-04,Makassar,SKU_HIJAB_INSTAN,Fashion,65000,0,53,0,53
2023-05-04,Makassar,SKU_KOPI_GAYO,Food & Beverage,220000,0,20,0,20
2023-05-04,Makassar,SKU_BATIK_TULIS,Fashion Premium,1200000,0,3,0,3
2023-05-05,Jakarta,SKU_HIJAB_INSTAN,Fashion,65000,0,145,0,145
2023-05-05,Jakarta,SKU_KOPI_GAYO,Food & Beverage,220000,0,96,0,96
2023-05-05,Jakarta,SKU_BATIK_TULIS,Fashion Premium,1200000,0,20,0,20
2023-05-05,Surabaya,SKU_HIJAB_INSTAN,Fashion,65000,0,102,0,102
2023-05-05,Surabaya,SKU_KOPI_GAYO,Food & Beverage,220000,0,52,0,52
2023-05-05,Surabaya,SKU_BATIK_TULIS,Fashion Premium,1200000,0,13,0,13
2023-05-05,Medan,SKU_HIJAB_INSTAN,Fashion,65000,0,74,0,74
2023-05-05,Medan,SKU_KOPI_GAYO,Food & Beverage,220000,0,33,0,33
2023-05-05,Medan,SKU_BATIK_TULIS,Fashion Premium,1200000,0,8,0,8
2023-05-05,Makassar,SKU_HIJAB_INSTAN,Fashion,65000,0,25,0,25
2023-05-05,Makassar,SKU_KOPI_GAYO,Food & Beverage,220000,0,12,0,12
2023-05-05,Makassar,SKU_BATIK_TULIS,Fashion Premium,1200000,0,2,0,2
2023-05-06,Jakarta,SKU_HIJAB_INSTAN,Fashion,65000,0,189,0,189
2023-05-06,Jakarta,SKU_KOPI_GAYO,Food & Beverage,220000,0,84,0,84
2023-05-06,Jakarta,SKU_BATIK_TULIS,Fashion Premium,1200000,0,18,0,18
2023-05-06,Surabaya,SKU_HIJAB_INSTAN,Fashion,65000,0,109,0,109
2023-05-06,Surabaya,SKU_KOPI_GAYO,Food & Beverage,220000,0,45,0,45
2023-05-06,Surabaya,SKU_BATIK_TULIS,Fashion Premium,1200000,0,14,0,14
2023-05-06,Medan,SKU_HIJAB_INSTAN,Fashion,65000,0,67,0,67
2023-05-06,Medan,SKU_KOPI_GAYO,Food & Beverage,220000,0,39,0,39
2023-05-06,Medan,SKU_BATIK_TULIS,Fashion Premium,1200000,0,7,0,7
2023-05-06,Makassar,SKU_HIJAB_INSTAN,Fashion,65000,0,11,0,11
2023-05-06,Makassar,SKU_KOPI_GAYO,Food & Beverage,220000,0,17,0,17
2023-05-06,Makassar,SKU_BATIK_TULIS,Fashion Premium,1200000,0,3,0,3
2023-05-07,Jakarta,SKU_HIJAB_INSTAN,Fashion,65000,0,162,0,162
2023-05-07,Jakarta,SKU_KOPI_GAYO,Food & Beverage,220000,0,94,0,94
2023-05-07,Jakarta,SKU_BATIK_TULIS,Fashion Premium,1200000,0,19,0,19
2023-05-07,Surabaya,SKU_HIJAB_INSTAN,Fashion,65000,0,97,0,97
2023-05-07,Surabaya,SKU_KOPI_GAYO,Food & Beverage,220000,0,60,0,60
2023-05-07,Surabaya,SKU_BATIK_TULIS,Fashion Premium,1200000,0,13,0,13
2023-05-07,Medan,SKU_HIJAB_INSTAN,Fashion,65000,0,56,0,56
2023-05-07,Medan,SKU_KOPI_GAYO,Food & Beverage,220000,0,33,0,33
2023-05-07,Medan,SKU_BATIK_TULIS,Fashion Premium,1200000,0,6,0,6
2023-05-07,Makassar,SKU_HIJAB_INSTAN,Fashion,65000,0,49,0,49
2023-05-07,Makassar,SKU_KOPI_GAYO,Food & Beverage,220000,0,24,0,24
2023-05-07,Makassar,SKU_BATIK_TULIS,Fashion Premium,1200000,0,7,0,7
2023-05-08,Jakarta,SKU_HIJAB_INSTAN,Fashion,65000,0,173,0,173
2023-05-08,Jakarta,SKU_KOPI_GAYO,Food & Beverage,220000,0,76,0,76
2023-05-08,Jakarta,SKU_BATIK_TULIS,Fashion Premium,1200000,0,14,0,14
2023-05-08,Surabaya,SKU_HIJAB_INSTAN,Fashion,65000,0,65,0,65
2023-05-08,Surabaya,SKU_KOPI_GAYO,Food & Beverage,220000,0,49,0,49
2023-05-08,Surabaya,SKU_BATIK_TULIS,Fashion Premium,1200000,0,8,0,8
2023-05-08,Medan,SKU_HIJAB_INSTAN,Fashion,65000,0,47,0,47
2023-05-08,Medan,SKU_KOPI_GAYO,Food & Beverage,220000,0,27,0,27
2023-05-08,Medan,SKU_BATIK_TULIS,Fashion Premium,1200000,0,6,0,6
2023-05-08,Makassar,SKU_HIJAB_INSTAN,Fashion,65000,0,34,0,34
2023-05-08,Makassar,SKU_KOPI_GAYO,Food & Beverage,220000,0,26,0,26
2023-05-08,Makassar,SKU_BATIK_TULIS,Fashion Premium,1200000,0,4,0,4
2023-05-09,Jakarta,SKU_HIJAB_INSTAN,Fashion,65000,0,131,0,131
2023-05-09,Jakarta,SKU_KOPI_GAYO,Food & Beverage,220000,0,78,0,78
2023-05-09,Jakarta,SKU_BATIK_TULIS,Fashion Premium,1200000,0,13,0,13
2023-05-09,Surabaya,SKU_HIJAB_INSTAN,Fashion,65000,0,100,0,100
2023-05-09,Surabaya,SKU_KOPI_GAYO,Food & Beverage,220000,0,50,0,50
2023-05-09,Surabaya,SKU_BATIK_TULIS,Fashion Premium,1200000,0,7,0,7
2023-05-09,Medan,SKU_HIJAB_INSTAN,Fashion,65000,0,50,0,50
2023-05-09,Medan,SKU_KOPI_GAYO,Food & Beverage,220000,0,40,0,40
2023-05-09,Medan,SKU_BATIK_TULIS,Fashion Premium,1200000,0,5,1,0
2023-05-09,Makassar,SKU_HIJAB_INSTAN,Fashion,65000,0,5,0,5
2023-05-09,Makassar,SKU_KOPI_GAYO,Food & Beverage,220000,0,9,0,9
2023-05-09,Makassar,SKU_BATIK_TULIS,Fashion Premium,1200000,0,5,0,5
2023-05-10,Jakarta,SKU_HIJAB_INSTAN,Fashion,65000,0,169,0,169
2023-05-10,Jakarta,SKU_KOPI_GAYO,Food & Beverage,220000,0,74,0,74
2023-05-10,Jakarta,SKU_BATIK_TULIS,Fashion Premium,1200000,0,15,0,15
2023-05-10,Surabaya,SKU_HIJAB_INSTAN,Fashion,65000,0,105,0,105
2023-05-10,Surabaya,SKU_KOPI_GAYO,Food & Beverage,220000,0,38,0,38
2023-05-10,Surabaya,SKU_BATIK_TULIS,Fashion Premium,1200000,0,10,0,10
2023-05-10,Medan,SKU_HIJAB_INSTAN,Fashion,65000,0,68,0,68
2023-05-10,Medan,SKU_KOPI_GAYO,Food & Beverage,220000,0,28,0,28
2023-05-10,Medan,SKU_BATIK_TULIS,Fashion Premium,1200000,0,7,0,7
2023-05-10,Makassar,SKU_HIJAB_INSTAN,Fashion,65000,0,35,0,35
2023-05-10,Makassar,SKU_KOPI_GAYO,Food & Beverage,220000,0,18,0,18
2023-05-10,Makassar,SKU_BATIK_TULIS,Fashion Premium,1200000,0,3,1,0
2023-05-11,Jakarta,SKU_HIJAB_INSTAN,Fashion,65000,0,150,0,150
2023-05-11,Jakarta,SKU_KOPI_GAYO,Food & Beverage,220000,0,79,0,79
2023-05-11,Jakarta,SKU_BATIK_TULIS,Fashion Premium,1200000,0,17,0,17
2023-05-11,Surabaya,SKU_HIJAB_INSTAN,Fashion,65000,0,97,0,97
2023-05-11,Surabaya,SKU_KOPI_GAYO,Food & Beverage,220000,0,55,0,55
2023-05-11,Surabaya,SKU_BATIK_TULIS,Fashion Premium,1200000,0,13,0,13
2023-05-11,Medan,SKU_HIJAB_INSTAN,Fashion,65000,0,67,0,67
2023-05-11,Medan,SKU_KOPI_GAYO,Food & Beverage,220000,0,38,0,38
2023-05-11,Medan,SKU_BATIK_TULIS,Fashion Premium,1200000,0,8,0,8
2023-05-11,Makassar,SKU_HIJAB_INSTAN,Fashion,65000,0,41,1,0
2023-05-11,Makassar,SKU_KOPI_GAYO,Food & Beverage,220000,0,10,0,10
2023-05-11,Makassar,SKU_BATIK_TULIS,Fashion Premium,1200000,0,5,1,0
2023-05-12,Jakarta,SKU_HIJAB_INSTAN,Fashion,65000,0,187,0,187
2023-05-12,Jakarta,SKU_KOPI_GAYO,Food & Beverage,220000,0,88,0,88
2023-05-12,Jakarta,SKU_BATIK_TULIS,Fashion Premium,1200000,0,19,0,19
2023-05-12,Surabaya,SKU_HIJAB_INSTAN,Fashion,65000,0,103,0,103
2023-05-12,Surabaya,SKU_KOPI_GAYO,Food & Beverage,220000,0,41,0,41
2023-05-12,Surabaya,SKU_BATIK_TULIS,Fashion Premium,1200000,0,14,0,14
2023-05-12,Medan,SKU_HIJAB_INSTAN,Fashion,65000,0,60,0,60
2023-05-12,Medan,SKU_KOPI_GAYO,Food & Beverage,220000,0,33,0,33
2023-05-12,Medan,SKU_BATIK_TULIS,Fashion Premium,1200000,0,10,0,10
2023-05-12,Makassar,SKU_HIJAB_INSTAN,Fashion,65000,0,2,0,2
2023-05-12,Makassar,SKU_KOPI_GAYO,Food & Beverage,220000,0,26,0,26
2023-05-12,Makassar,SKU_BATIK_TULIS,Fashion Premium,1200000,0,4,0,4
2023-05-13,Jakarta,SKU_HIJAB_INSTAN,Fashion,65000,0,217,0,217
2023-05-13,Jakarta,SKU_KOPI_GAYO,Food & Beverage,220000,0,83,0,83
2023-05-13,Jakarta,SKU_BATIK_TULIS,Fashion Premium,1200000,0,24,0,24
2023-05-13,Surabaya,SKU_HIJAB_INSTAN,Fashion,65000,0,100,0,100
2023-05-13,Surabaya,SKU_KOPI_GAYO,Food & Beverage,220000,0,62,0,62
2023-05-13,Surabaya,SKU_BATIK_TULIS,Fashion Premium,1200000,0,16,0,16
2023-05-13,Medan,SKU_HIJAB_INSTAN,Fashion,65000,0,103,0,103
2023-05-13,Medan,SKU_KOPI_GAYO,Food & Beverage,220000,0,36,0,36
2023-05-13,Medan,SKU_BATIK_TULIS,Fashion Premium,1200000,0,13,0,13
2023-05-13,Makassar,SKU_HIJAB_INSTAN,Fashion,65000,0,22,0,22
2023-05-13,Makassar,SKU_KOPI_GAYO,Food & Beverage,220000,0,17,0,17
2023-05-13,Makassar,SKU_BATIK_TULIS,Fashion Premium,1200000,0,2,0,2
2023-05-14,Jakarta,SKU_HIJAB_INSTAN,Fashion,65000,0,184,0,184
2023-05-14,Jakarta,SKU_KOPI_GAYO,Food & Beverage,220000,0,82,0,82
2023-05-14,Jakarta,SKU_BATIK_TULIS,Fashion Premium,1200000,0,23,0,23
2023-05-14,Surabaya,SKU_HIJAB_INSTAN,Fashion,65000,0,115,0,115
2023-05-14,Surabaya,SKU_KOPI_GAYO,Food & Beverage,220000,0,45,0,45
2023-05-14,Surabaya,SKU_BATIK_TULIS,Fashion Premium,1200000,0,14,0,14
2023-05-14,Medan,SKU_HIJAB_INSTAN,Fashion,65000,0,95,0,95
2023-05-14,Medan,SKU_KOPI_GAYO,Food & Beverage,220000,0,39,0,39
2023-05-14,Medan,SKU_BATIK_TULIS,Fashion Premium,1200000,0,6,0,6
2023-05-14,Makassar,SKU_HIJAB_INSTAN,Fashion,65000,0,34,0,34
2023-05-14,Makassar,SKU_KOPI_GAYO,Food & Beverage,220000,0,22,0,22
2023-05-14,Makassar,SKU_BATIK_TULIS,Fashion Premium,1200000,0,3,0,3
2023-05-15,Jakarta,SKU_HIJAB_INSTAN,Fashion,65000,0,134,0,134
2023-05-15,Jakarta,SKU_KOPI_GAYO,Food & Beverage,220000,0,88,0,88
2023-05-15,Jakarta,SKU_BATIK_TULIS,Fashion Premium,1200000,0,13,0,13
2023-05-15,Surabaya,SKU_HIJAB_INSTAN,Fashion,65000,0,106,0,106
2023-05-15,Surabaya,SKU_KOPI_GAYO,Food & Beverage,220000,0,45,0,45
2023-05-15,Surabaya,SKU_BATIK_TULIS,Fashion Premium,1200000,0,7,0,7
2023-05-15,Medan,SKU_HIJAB_INSTAN,Fashion,65000,0,51,0,51
2023-05-15,Medan,SKU_KOPI_GAYO,Food & Beverage,220000,0,31,0,31
2023-05-15,Medan,SKU_BATIK_TULIS,Fashion Premium,1200000,0,5,0,5
2023-05-15,Makassar,SKU_HIJAB_INSTAN,Fashion,65000,0,17,0,17
2023-05-15,Makassar,SKU_KOPI_GAYO,Food & Beverage,220000,0,8,0,8
2023-05-15,Makassar,SKU_BATIK_TULIS,Fashion Premium,1200000,0,2,0,2
2023-05-16,Jakarta,SKU_HIJAB_INSTAN,Fashion,65000,0,129,0,129
2023-05-16,Jakarta,SKU_KOPI_GAYO,Food & Beverage,220000,0,72,0,72
2023-05-16,Jakarta,SKU_BATIK_TULIS,Fashion Premium,1200000,0,14,0,14
2023-05-16,Surabaya,SKU_HIJAB_INSTAN,Fashion,65000,0,93,0,93
2023-05-16,Surabaya,SKU_KOPI_GAYO,Food & Beverage,220000,0,51,0,51
2023-05-16,Surabaya,SKU_BATIK_TULIS,Fashion Premium,1200000,0,8,0,8
2023-05-16,Medan,SKU_HIJAB_INSTAN,Fashion,65000,0,78,0,78
2023-05-16,Medan,SKU_KOPI_GAYO,Food & Beverage,220000,0,44,0,44
2023-05-16,Medan,SKU_BATIK_TULIS,Fashion Premium,1200000,0,5,0,5
2023-05-16,Makassar,SKU_HIJAB_INSTAN,Fashion,65000,0,18,0,18
2023-05-16,Makassar,SKU_KOPI_GAYO,Food & Beverage,220000,0,30,0,30
2023-05-16,Makassar,SKU_BATIK_TULIS,Fashion Premium,1200000,0,4,0,4
2023-05-17,Jakarta,SKU_HIJAB_INSTAN,Fashion,65000,0,170,0,170
2023-05-17,Jakarta,SKU_KOPI_GAYO,Food & Beverage,220000,0,78,0,78
2023-05-17,Jakarta,SKU_BATIK_TULIS,Fashion Premium,1200000,0,16,0,16
2023-05-17,Surabaya,SKU_HIJAB_INSTAN,Fashion,65000,0,95,0,95
2023-05-17,Surabaya,SKU_KOPI_GAYO,Food & Beverage,220000,0,49,0,49
2023-05-17,Surabaya,SKU_BATIK_TULIS,Fashion Premium,1200000,0,9,0,9
2023-05-17,Medan,SKU_HIJAB_INSTAN,Fashion,65000,0,69,0,69
2023-05-17,Medan,SKU_KOPI_GAYO,Food & Beverage,220000,0,42,0,42
2023-05-17,Medan,SKU_BATIK_TULIS,Fashion Premium,1200000,0,9,0,9
2023-05-17,Makassar,SKU_HIJAB_INSTAN,Fashion,65000,0,26,0,26
2023-05-17,Makassar,SKU_KOPI_GAYO,Food & Beverage,220000,0,17,0,17
2023-05-17,Makassar,SKU_BATIK_TULIS,Fashion Premium,1200000,0,3,0,3
2023-05-18,Jakarta,SKU_HIJAB_INSTAN,Fashion,65000,0,167,0,167
2023-05-18,Jakarta,SKU_KOPI_GAYO,Food & Beverage,220000,0,67,0,67
2023-05-18,Jakarta,SKU_BATIK_TULIS,Fashion Premium,1200000,0,17,0,17
2023-05-18,Surabaya,SKU_HIJAB_INSTAN,Fashion,65000,0,123,0,123
2023-05-18,Surabaya,SKU_KOPI_GAYO,Food & Beverage,220000,0,46,0,46
2023-05-18,Surabaya,SKU_BATIK_TULIS,Fashion Premium,1200000,0,10,0,10
2023-05-18,Medan,SKU_HIJAB_INSTAN,Fashion,65000,0,57,0,57
2023-05-18,Medan,SKU_KOPI_GAYO,Food & Beverage,220000,0,32,0,32
2023-05-18,Medan,SKU_BATIK_TULIS,Fashion Premium,1200000,0,5,0,5
2023-05-18,Makassar,SKU_HIJAB_INSTAN,Fashion,65000,0,25,0,25
2023-05-18,Makassar,SKU_KOPI_GAYO,Food & Beverage,220000,0,19,0,19
2023-05-18,Makassar,SKU_BATIK_TULIS,Fashion Premium,1200000,0,4,0,4
2023-05-19,Jakarta,SKU_HIJAB_INSTAN,Fashion,65000,0,175,0,175
2023-05-19,Jakarta,SKU_KOPI_GAYO,Food & Beverage,220000,0,97,0,97
2023-05-19,Jakarta,SKU_BATIK_TULIS,Fashion Premium,1200000,0,21,0,21
2023-05-19,Surabaya,SKU_HIJAB_INSTAN,Fashion,65000,0,121,0,121
2023-05-19,Surabaya,SKU_KOPI_GAYO,Food & Beverage,220000,0,68,0,68
2023-05-19,Surabaya,SKU_BATIK_TULIS,Fashion Premium,1200000,0,13,0,13
2023-05-19,Medan,SKU_HIJAB_INSTAN,Fashion,65000,0,51,0,51
2023-05-19,Medan,SKU_KOPI_GAYO,Food & Beverage,220000,0,37,0,37
2023-05-19,Medan,SKU_BATIK_TULIS,Fashion Premium,1200000,0,8,0,8
2023-05-19,Makassar,SKU_HIJAB_INSTAN,Fashion,65000,0,56,0,56
2023-05-19,Makassar,SKU_KOPI_GAYO,Food & Beverage,220000,0,16,0,16
2023-05-19,Makassar,SKU_BATIK_TULIS,Fashion Premium,1200000,0,2,0,2
2023-05-20,Jakarta,SKU_HIJAB_INSTAN,Fashion,65000,0,184,0,184
2023-05-20,Jakarta,SKU_KOPI_GAYO,Food & Beverage,220000,0,81,0,81
2023-05-20,Jakarta,SKU_BATIK_TULIS,Fashion Premium,1200000,0,18,0,18
2023-05-20,Surabaya,SKU_HIJAB_INSTAN,Fashion,65000,0,146,0,146
2023-05-20,Surabaya,SKU_KOPI_GAYO,Food & Beverage,220000,0,54,0,54
2023-05-20,Surabaya,SKU_BATIK_TULIS,Fashion Premium,1200000,0,11,0,11
2023-05-20,Medan,SKU_HIJAB_INSTAN,Fashion,65000,0,102,0,102
2023-05-20,Medan,SKU_KOPI_GAYO,Food & Beverage,220000,0,50,0,50
2023-05-20,Medan,SKU_BATIK_TULIS,Fashion Premium,1200000,0,9,0,9
2023-05-20,Makassar,SKU_HIJAB_INSTAN,Fashion,65000,0,17,0,17
2023-05-20,Makassar,SKU_KOPI_GAYO,Food & Beverage,220000,0,14,0,14
2023-05-20,Makassar,SKU_BATIK_TULIS,Fashion Premium,1200000,0,4,0,4
2023-05-21,Jakarta,SKU_HIJAB_INSTAN,Fashion,65000,0,182,0,182
2023-05-21,Jakarta,SKU_KOPI_GAYO,Food & Beverage,220000,0,81,0,81
2023-05-21,Jakarta,SKU_BATIK_TULIS,Fashion Premium,1200000,0,23,0,23
2023-05-21,Surabaya,SKU_HIJAB_INSTAN,Fashion,65000,0,78,1,0
2023-05-21,Surabaya,SKU_KOPI_GAYO,Food & Beverage,220000,0,61,0,61
2023-05-21,Surabaya,SKU_BATIK_TULIS,Fashion Premium,1200000,0,15,0,15
2023-05-21,Medan,SKU_HIJAB_INSTAN,Fashion,65000,0,67,0,67
2023-05-21,Medan,SKU_KOPI_GAYO,Food & Beverage,220000,0,35,0,35
2023-05-21,Medan,SKU_BATIK_TULIS,Fashion Premium,1200000,0,11,0,11
2023-05-21,Makassar,SKU_HIJAB_INSTAN,Fashion,65000,0,46,0,46
2023-05-21,Makassar,SKU_KOPI_GAYO,Food & Beverage,220000,0,15,0,15
2023-05-21,Makassar,SKU_BATIK_TULIS,Fashion Premium,1200000,0,3,0,3
2023-05-22,Jakarta,SKU_HIJAB_INSTAN,Fashion,65000,0,153,0,153
2023-05-22,Jakarta,SKU_KOPI_GAYO,Food & Beverage,220000,0,93,0,93
2023-05-22,Jakarta,SKU_BATIK_TULIS,Fashion Premium,1200000,0,13,0,13
2023-05-22,Surabaya,SKU_HIJAB_INSTAN,Fashion,65000,0,84,0,84
2023-05-22,Surabaya,SKU_KOPI_GAYO,Food & Beverage,220000,0,48,0,48
2023-05-22,Surabaya,SKU_BATIK_TULIS,Fashion Premium,1200000,0,8,0,8
2023-05-22,Medan,SKU_HIJAB_INSTAN,Fashion,65000,0,62,0,62
2023-05-22,Medan,SKU_KOPI_GAYO,Food & Beverage,220000,0,31,0,31
2023-05-22,Medan,SKU_BATIK_TULIS,Fashion Premium,1200000,0,6,0,6
2023-05-22,Makassar,SKU_HIJAB_INSTAN,Fashion,65000,0,19,0,19
2023-05-22,Makassar,SKU_KOPI_GAYO,Food & Beverage,220000,0,18,0,18
2023-05-22,Makassar,SKU_BATIK_TULIS,Fashion Premium,1200000,0,3,0,3
2023-05-23,Jakarta,SKU_HIJAB_INSTAN,Fashion,65000,0,142,0,142
2023-05-23,Jakarta,SKU_KOPI_GAYO,Food & Beverage,220000,0,84,0,84
2023-05-23,Jakarta,SKU_BATIK_TULIS,Fashion Premium,1200000,0,15,0,15
2023-05-23,Surabaya,SKU_HIJAB_INSTAN,Fashion,65000,0,60,0,60
2023-05-23,Surabaya,SKU_KOPI_GAYO,Food & Beverage,220000,0,42,0,42
2023-05-23,Surabaya,SKU_BATIK_TULIS,Fashion Premium,1200000,0,10,0,10
2023-05-23,Medan,SKU_HIJAB_INSTAN,Fashion,65000,0,53,0,53
2023-05-23,Medan,SKU_KOPI_GAYO,Food & Beverage,220000,0,25,0,25
2023-05-23,Medan,SKU_BATIK_TULIS,Fashion Premium,1200000,0,3,0,3
2023-05-23,Makassar,SKU_HIJAB_INSTAN,Fashion,65000,0,17,0,17
2023-05-23,Makassar,SKU_KOPI_GAYO,Food & Beverage,220000,0,15,0,15
2023-05-23,Makassar,SKU_BATIK_TULIS,Fashion Premium,1200000,0,2,0,2
2023-05-24,Jakarta,SKU_HIJAB_INSTAN,Fashion,65000,0,165,0,165
2023-05-24,Jakarta,SKU_KOPI_GAYO,Food & Beverage,220000,0,77,0,77
2023-05-24,Jakarta,SKU_BATIK_TULIS,Fashion Premium,1200000,0,16,0,16
2023-05-24,Surabaya,SKU_HIJAB_INSTAN,Fashion,65000,0,112,0,112
2023-05-24,Surabaya,SKU_KOPI_GAYO,Food & Beverage,220000,0,58,0,58
2023-05-24,Surabaya,SKU_BATIK_TULIS,Fashion Premium,1200000,0,9,0,9
2023-05-24,Medan,SKU_HIJAB_INSTAN,Fashion,65000,0,48,0,48
2023-05-24,Medan,SKU_KOPI_GAYO,Food & Beverage,220000,0,32,0,32
2023-05-24,Medan,SKU_BATIK_TULIS,Fashion Premium,1200000,0,6,0,6
2023-05-24,Makassar,SKU_HIJAB_INSTAN,Fashion,65000,0,63,1,0
2023-05-24,Makassar,SKU_KOPI_GAYO,Food & Beverage,220000,0,4,0,4
2023-05-24,Makassar,SKU_BATIK_TULIS,Fashion Premium,1200000,0,3,0,3
2023-05-25,Jakarta,SKU_HIJAB_INSTAN,Fashion,65000,0,164,0,164
2023-05-25,Jakarta,SKU_KOPI_GAYO,Food & Beverage,220000,0,92,0,92
2023-05-25,Jakarta,SKU_BATIK_TULIS,Fashion Premium,1200000,0,20,0,20
2023-05-25,Surabaya,SKU_HIJAB_INSTAN,Fashion,65000,0,107,0,107
2023-05-25,Surabaya,SKU_KOPI_GAYO,Food & Beverage,220000,0,65,0,65
2023-05-25,Surabaya,SKU_BATIK_TULIS,Fashion Premium,1200000,0,13,0,13
2023-05-25,Medan,SKU_HIJAB_INSTAN,Fashion,65000,0,62,0,62
2023-05-25,Medan,SKU_KOPI_GAYO,Food & Beverage,176000,1,45,0,45
2023-05-25,Medan,SKU_BATIK_TULIS,Fashion Premium,1200000,0,5,0,5
2023-05-25,Makassar,SKU_HIJAB_INSTAN,Fashion,52000,1,89,0,89
2023-05-25,Makassar,SKU_KOPI_GAYO,Food & Beverage,176000,1,10,0,10
2023-05-25,Makassar,SKU_BATIK_TULIS,Fashion Premium,1200000,0,4,0,4
2023-05-26,Jakarta,SKU_HIJAB_INSTAN,Fashion,52000,1,300,0,300
2023-05-26,Jakarta,SKU_KOPI_GAYO,Food & Beverage,220000,0,104,0,104
2023-05-26,Jakarta,SKU_BATIK_TULIS,Fashion Premium,960000,1,34,0,34
2023-05-26,Surabaya,SKU_HIJAB_INSTAN,Fashion,65000,0,127,0,127
2023-05-26,Surabaya,SKU_KOPI_GAYO,Food & Beverage,220000,0,62,0,62
2023-05-26,Surabaya,SKU_BATIK_TULIS,Fashion Premium,960000,1,19,0,19
2023-05-26,Medan,SKU_HIJAB_INSTAN,Fashion,52000,1,98,0,98
2023-05-26,Medan,SKU_KOPI_GAYO,Food & Beverage,220000,0,35,0,35
2023-05-26,Medan,SKU_BATIK_TULIS,Fashion Premium,960000,1,15,0,15
2023-05-26,Makassar,SKU_HIJAB_INSTAN,Fashion,65000,0,49,0,49
2023-05-26,Makassar,SKU_KOPI_GAYO,Food & Beverage,220000,0,23,0,23
2023-05-26,Makassar,SKU_BATIK_TULIS,Fashion Premium,1200000,0,5,0,5
2023-05-27,Jakarta,SKU_HIJAB_INSTAN,Fashion,65000,0,205,0,205
2023-05-27,Jakarta,SKU_KOPI_GAYO,Food & Beverage,220000,0,102,0,102
2023-05-27,Jakarta,SKU_BATIK_TULIS,Fashion Premium,1200000,0,26,0,26
2023-05-27,Surabaya,SKU_HIJAB_INSTAN,Fashion,65000,0,100,0,100
2023-05-27,Surabaya,SKU_KOPI_GAYO,Food & Beverage,220000,0,55,0,55
2023-05-27,Surabaya,SKU_BATIK_TULIS,Fashion Premium,960000,1,18,0,18
2023-05-27,Medan,SKU_HIJAB_INSTAN,Fashion,65000,0,105,0,105
2023-05-27,Medan,SKU_KOPI_GAYO,Food & Beverage,220000,0,34,0,34
2023-05-27,Medan,SKU_BATIK_TULIS,Fashion Premium,1200000,0,7,0,7
2023-05-27,Makassar,SKU_HIJAB_INSTAN,Fashion,65000,0,22,0,22
2023-05-27,Makassar,SKU_KOPI_GAYO,Food & Beverage,176000,1,40,0,40
2023-05-27,Makassar,SKU_BATIK_TULIS,Fashion Premium,960000,1,5,0,5
2023-05-28,Jakarta,SKU_HIJAB_INSTAN,Fashion,65000,0,188,0,188
2023-05-28,Jakarta,SKU_KOPI_GAYO,Food & Beverage,220000,0,100,0,100
2023-05-28,Jakarta,SKU_BATIK_TULIS,Fashion Premium,960000,1,42,0,42
2023-05-28,Surabaya,SKU_HIJAB_INSTAN,Fashion,52000,1,171,0,171
2023-05-28,Surabaya,SKU_KOPI_GAYO,Food & Beverage,220000,0,57,0,57
2023-05-28,Surabaya,SKU_BATIK_TULIS,Fashion Premium,1200000,0,15,0,15
2023-05-28,Medan,SKU_HIJAB_INSTAN,Fashion,65000,0,91,0,91
2023-05-28,Medan,SKU_KOPI_GAYO,Food & Beverage,220000,0,35,0,35
2023-05-28,Medan,SKU_BATIK_TULIS,Fashion Premium,1200000,0,10,0,10
2023-05-28,Makassar,SKU_HIJAB_INSTAN,Fashion,52000,1,48,0,48
2023-05-28,Makassar,SKU_KOPI_GAYO,Food & Beverage,220000,0,16,0,16
2023-05-28,Makassar,SKU_BATIK_TULIS,Fashion Premium,1200000,0,7,0,7
2023-05-29,Jakarta,SKU_HIJAB_INSTAN,Fashion,65000,0,154,0,154
2023-05-29,Jakarta,SKU_KOPI_GAYO,Food & Beverage,220000,0,75,0,75
2023-05-29,Jakarta,SKU_BATIK_TULIS,Fashion Premium,1200000,0,15,0,15
2023-05-29,Surabaya,SKU_HIJAB_INSTAN,Fashion,65000,0,86,0,86
2023-05-29,Surabaya,SKU_KOPI_GAYO,Food & Beverage,220000,0,56,0,56
2023-05-29,Surabaya,SKU_BATIK_TULIS,Fashion Premium,1200000,0,9,0,9
2023-05-29,Medan,SKU_HIJAB_INSTAN,Fashion,65000,0,52,0,52
2023-05-29,Medan,SKU_KOPI_GAYO,Food & Beverage,220000,0,34,0,34
2023-05-29,Medan,SKU_BATIK_TULIS,Fashion Premium,1200000,0,6,0,6
2023-05-29,Makassar,SKU_HIJAB_INSTAN,Fashion,65000,0,46,0,46
2023-05-29,Makassar,SKU_KOPI_GAYO,Food & Beverage,220000,0,15,0,15
2023-05-29,Makassar,SKU_BATIK_TULIS,Fashion Premium,1200000,0,3,0,3
2023-05-30,Jakarta,SKU_HIJAB_INSTAN,Fashion,65000,0,157,0,157
2023-05-30,Jakarta,SKU_KOPI_GAYO,Food & Beverage,220000,0,82,0,82
2023-05-30,Jakarta,SKU_BATIK_TULIS,Fashion Premium,1200000,0,15,0,15
2023-05-30,Surabaya,SKU_HIJAB_INSTAN,Fashion,65000,0,65,0,65
2023-05-30,Surabaya,SKU_KOPI_GAYO,Food & Beverage,220000,0,70,0,70
2023-05-30,Surabaya,SKU_BATIK_TULIS,Fashion Premium,1200000,0,11,0,11
2023-05-30,Medan,SKU_HIJAB_INSTAN,Fashion,65000,0,58,0,58
2023-05-30,Medan,SKU_KOPI_GAYO,Food & Beverage,220000,0,32,0,32
2023-05-30,Medan,SKU_BATIK_TULIS,Fashion Premium,1200000,0,3,0,3
2023-05-30,Makassar,SKU_HIJAB_INSTAN,Fashion,65000,0,8,0,8
2023-05-30,Makassar,SKU_KOPI_GAYO,Food & Beverage,220000,0,19,0,19
2023-05-30,Makassar,SKU_BATIK_TULIS,Fashion Premium,1200000,0,4,0,4
2023-05-31,Jakarta,SKU_HIJAB_INSTAN,Fashion,65000,0,168,0,168
2023-05-31,Jakarta,SKU_KOPI_GAYO,Food & Beverage,220000,0,77,0,77
2023-05-31,Jakarta,SKU_BATIK_TULIS,Fashion Premium,1200000,0,16,0,16
2023-05-31,Surabaya,SKU_HIJAB_INSTAN,Fashion,65000,0,92,0,92
2023-05-31,Surabaya,SKU_KOPI_GAYO,Food & Beverage,220000,0,47,0,47
2023-05-31,Surabaya,SKU_BATIK_TULIS,Fashion Premium,1200000,0,7,1,0
2023-05-31,Medan,SKU_HIJAB_INSTAN,Fashion,65000,0,53,0,53
2023-05-31,Medan,SKU_KOPI_GAYO,Food & Beverage,220000,0,36,0,36
2023-05-31,Medan,SKU_BATIK_TULIS,Fashion Premium,1200000,0,6,0,6
2023-05-31,Makassar,SKU_HIJAB_INSTAN,Fashion,65000,0,33,0,33
2023-05-31,Makassar,SKU_KOPI_GAYO,Food & Beverage,220000,0,2,0,2
2023-05-31,Makassar,SKU_BATIK_TULIS,Fashion Premium,1200000,0,3,0,3
2023-06-01,Jakarta,SKU_HIJAB_INSTAN,Fashion,65000,0,154,0,154
2023-06-01,Jakarta,SKU_KOPI_GAYO,Food & Beverage,220000,0,87,0,87
2023-06-01,Jakarta,SKU_BATIK_TULIS,Fashion Premium,1200000,0,19,0,19
2023-06-01,Surabaya,SKU_HIJAB_INSTAN,Fashion,65000,0,91,0,91
2023-06-01,Surabaya,SKU_KOPI_GAYO,Food & Beverage,220000,0,51,0,51
2023-06-01,Surabaya,SKU_BATIK_TULIS,Fashion Premium,1200000,0,13,0,13
2023-06-01,Medan,SKU_HIJAB_INSTAN,Fashion,65000,0,68,0,68
2023-06-01,Medan,SKU_KOPI_GAYO,Food & Beverage,220000,0,33,0,33
2023-06-01,Medan,SKU_BATIK_TULIS,Fashion Premium,1200000,0,5,0,5
2023-06-01,Makassar,SKU_HIJAB_INSTAN,Fashion,65000,0,43,0,43
2023-06-01,Makassar,SKU_KOPI_GAYO,Food & Beverage,220000,0,10,1,0
2023-06-01,Makassar,SKU_BATIK_TULIS,Fashion Premium,1200000,0,5,0,5
2023-06-02,Jakarta,SKU_HIJAB_INSTAN,Fashion,65000,0,181,0,181
2023-06-02,Jakarta,SKU_KOPI_GAYO,Food & Beverage,220000,0,84,0,84
2023-06-02,Jakarta,SKU_BATIK_TULIS,Fashion Premium,1200000,0,19,0,19
2023-06-02,Surabaya,SKU_HIJAB_INSTAN,Fashion,65000,0,93,0,93
2023-06-02,Surabaya,SKU_KOPI_GAYO,Food & Beverage,220000,0,40,0,40
2023-06-02,Surabaya,SKU_BATIK_TULIS,Fashion Premium,1200000,0,13,0,13
2023-06-02,Medan,SKU_HIJAB_INSTAN,Fashion,65000,0,40,0,40
2023-06-02,Medan,SKU_KOPI_GAYO,Food & Beverage,220000,0,34,0,34
2023-06-02,Medan,SKU_BATIK_TULIS,Fashion Premium,1200000,0,8,0,8
2023-06-02,Makassar,SKU_HIJAB_INSTAN,Fashion,65000,0,30,0,30
2023-06-02,Makassar,SKU_KOPI_GAYO,Food & Beverage,220000,0,20,0,20
2023-06-02,Makassar,SKU_BATIK_TULIS,Fashion Premium,1200000,0,3,0,3
2023-06-03,Jakarta,SKU_HIJAB_INSTAN,Fashion,65000,0,195,0,195
2023-06-03,Jakarta,SKU_KOPI_GAYO,Food & Beverage,220000,0,100,0,100
2023-06-03,Jakarta,SKU_BATIK_TULIS,Fashion Premium,1200000,0,24,0,24
2023-06-03,Surabaya,SKU_HIJAB_INSTAN,Fashion,65000,0,109,0,109
2023-06-03,Surabaya,SKU_KOPI_GAYO,Food & Beverage,220000,0,54,0,54
2023-06-03,Surabaya,SKU_BATIK_TULIS,Fashion Premium,1200000,0,13,0,13
2023-06-03,Medan,SKU_HIJAB_INSTAN,Fashion,65000,0,74,0,74
2023-06-03,Medan,SKU_KOPI_GAYO,Food & Beverage,220000,0,37,0,37
2023-06-03,Medan,SKU_BATIK_TULIS,Fashion Premium,1200000,0,6,0,6
2023-06-03,Makassar,SKU_HIJAB_INSTAN,Fashion,65000,0,13,0,13
2023-06-03,Makassar,SKU_KOPI_GAYO,Food & Beverage,220000,0,11,0,11
2023-06-03,Makassar,SKU_BATIK_TULIS,Fashion Premium,1200000,0,5,0,5
2023-06-04,Jakarta,SKU_HIJAB_INSTAN,Fashion,65000,0,192,0,192
2023-06-04,Jakarta,SKU_KOPI_GAYO,Food & Beverage,220000,0,94,0,94
2023-06-04,Jakarta,SKU_BATIK_TULIS,Fashion Premium,1200000,0,20,0,20
2023-06-04,Surabaya,SKU_HIJAB_INSTAN,Fashion,65000,0,111,0,111
2023-06-04,Surabaya,SKU_KOPI_GAYO,Food & Beverage,220000,0,50,0,50
2023-06-04,Surabaya,SKU_BATIK_TULIS,Fashion Premium,1200000,0,12,0,12
2023-06-04,Medan,SKU_HIJAB_INSTAN,Fashion,65000,0,67,0,67
2023-06-04,Medan,SKU_KOPI_GAYO,Food & Beverage,220000,0,37,0,37
2023-06-04,Medan,SKU_BATIK_TULIS,Fashion Premium,1200000,0,7,0,7
2023-06-04,Makassar,SKU_HIJAB_INSTAN,Fashion,65000,0,53,0,53
2023-06-04,Makassar,SKU_KOPI_GAYO,Food & Beverage,220000,0,26,0,26
2023-06-04,Makassar,SKU_BATIK_TULIS,Fashion Premium,1200000,0,5,0,5
2023-06-05,Jakarta,SKU_HIJAB_INSTAN,Fashion,65000,0,159,0,159
2023-06-05,Jakarta,SKU_KOPI_GAYO,Food & Beverage,220000,0,71,0,71
2023-06-05,Jakarta,SKU_BATIK_TULIS,Fashion Premium,1200000,0,15,0,15
2023-06-05,Surabaya,SKU_HIJAB_INSTAN,Fashion,65000,0,93,0,93
2023-06-05,Surabaya,SKU_KOPI_GAYO,Food & Beverage,220000,0,44,0,44
2023-06-05,Surabaya,SKU_BATIK_TULIS,Fashion Premium,1200000,0,7,0,7
2023-06-05,Medan,SKU_HIJAB_INSTAN,Fashion,65000,0,78,0,78
2023-06-05,Medan,SKU_KOPI_GAYO,Food & Beverage,220000,0,37,0,37
2023-06-05,Medan,SKU_BATIK_TULIS,Fashion Premium,1200000,0,5,0,5
2023-06-05,Makassar,SKU_HIJAB_INSTAN,Fashion,65000,0,12,0,12
2023-06-05,Makassar,SKU_KOPI_GAYO,Food & Beverage,220000,0,24,0,24
2023-06-05,Makassar,SKU_BATIK_TULIS,Fashion Premium,1200000,0,2,0,2
2023-06-06,Jakarta,SKU_HIJAB_INSTAN,Fashion,65000,0,148,0,148
2023-06-06,Jakarta,SKU_KOPI_GAYO,Food & Beverage,220000,0,81,0,81
2023-06-06,Jakarta,SKU_BATIK_TULIS,Fashion Premium,1200000,0,13,0,13
2023-06-06,Surabaya,SKU_HIJAB_INSTAN,Fashion,65000,0,89,0,89
2023-06-06,Surabaya,SKU_KOPI_GAYO,Food & Beverage,220000,0,49,0,49
2023-06-06,Surabaya,SKU_BATIK_TULIS,Fashion Premium,1200000,0,8,0,8
2023-06-06,Medan,SKU_HIJAB_INSTAN,Fashion,65000,0,65,0,65
2023-06-06,Medan,SKU_KOPI_GAYO,Food & Beverage,220000,0,43,0,43
2023-06-06,Medan,SKU_BATIK_TULIS,Fashion Premium,1200000,0,4,0,4
2023-06-06,Makassar,SKU_HIJAB_INSTAN,Fashion,65000,0,32,0,32
2023-06-06,Makassar,SKU_KOPI_GAYO,Food & Beverage,220000,0,9,0,9
2023-06-06,Makassar,SKU_BATIK_TULIS,Fashion Premium,1200000,0,2,0,2
2023-06-07,Jakarta,SKU_HIJAB_INSTAN,Fashion,65000,0,169,0,169
2023-06-07,Jakarta,SKU_KOPI_GAYO,Food & Beverage,220000,0,84,0,84
2023-06-07,Jakarta,SKU_BATIK_TULIS,Fashion Premium,1200000,0,13,0,13
2023-06-07,Surabaya,SKU_HIJAB_INSTAN,Fashion,65000,0,92,0,92
2023-06-07,Surabaya,SKU_KOPI_GAYO,Food & Beverage,220000,0,37,0,37
2023-06-07,Surabaya,SKU_BATIK_TULIS,Fashion Premium,1200000,0,8,0,8
2023-06-07,Medan,SKU_HIJAB_INSTAN,Fashion,65000,0,35,0,35
2023-06-07,Medan,SKU_KOPI_GAYO,Food & Beverage,220000,0,32,0,32
2023-06-07,Medan,SKU_BATIK_TULIS,Fashion Premium,1200000,0,7,0,7
2023-06-07,Makassar,SKU_HIJAB_INSTAN,Fashion,65000,0,38,0,38
2023-06-07,Makassar,SKU_KOPI_GAYO,Food & Beverage,220000,0,14,0,14
2023-06-07,Makassar,SKU_BATIK_TULIS,Fashion Premium,1200000,0,4,0,4
2023-06-08,Jakarta,SKU_HIJAB_INSTAN,Fashion,65000,0,181,0,181
2023-06-08,Jakarta,SKU_KOPI_GAYO,Food & Beverage,220000,0,90,0,90
2023-06-08,Jakarta,SKU_BATIK_TULIS,Fashion Premium,1200000,0,16,0,16
2023-06-08,Surabaya,SKU_HIJAB_INSTAN,Fashion,65000,0,96,0,96
2023-06-08,Surabaya,SKU_KOPI_GAYO,Food & Beverage,220000,0,62,0,62
2023-06-08,Surabaya,SKU_BATIK_TULIS,Fashion Premium,1200000,0,10,0,10
2023-06-08,Medan,SKU_HIJAB_INSTAN,Fashion,65000,0,72,0,72
2023-06-08,Medan,SKU_KOPI_GAYO,Food & Beverage,220000,0,29,0,29
2023-06-08,Medan,SKU_BATIK_TULIS,Fashion Premium,1200000,0,8,0,8
2023-06-08,Makassar,SKU_HIJAB_INSTAN,Fashion,65000,0,21,0,21
2023-06-08,Makassar,SKU_KOPI_GAYO,Food & Beverage,220000,0,16,0,16
2023-06-08,Makassar,SKU_BATIK_TULIS,Fashion Premium,1200000,0,4,0,4
2023-06-09,Jakarta,SKU_HIJAB_INSTAN,Fashion,65000,0,198,0,198
2023-06-09,Jakarta,SKU_KOPI_GAYO,Food & Beverage,220000,0,89,0,89
2023-06-09,Jakarta,SKU_BATIK_TULIS,Fashion Premium,1200000,0,20,1,0
2023-06-09,Surabaya,SKU_HIJAB_INSTAN,Fashion,65000,0,99,0,99
2023-06-09,Surabaya,SKU_KOPI_GAYO,Food & Beverage,220000,0,59,0,59
2023-06-09,Surabaya,SKU_BATIK_TULIS,Fashion Premium,1200000,0,13,0,13
2023-06-09,Medan,SKU_HIJAB_INSTAN,Fashion,65000,0,78,0,78
2023-06-09,Medan,SKU_KOPI_GAYO,Food & Beverage,220000,0,46,0,46
2023-06-09,Medan,SKU_BATIK_TULIS,Fashion Premium,1200000,0,8,0,8
2023-06-09,Makassar,SKU_HIJAB_INSTAN,Fashion,65000,0,39,0,39
2023-06-09,Makassar,SKU_KOPI_GAYO,Food & Beverage,220000,0,15,0,15
2023-06-09,Makassar,SKU_BATIK_TULIS,Fashion Premium,1200000,0,2,0,2
2023-06-10,Jakarta,SKU_HIJAB_INSTAN,Fashion,65000,0,183,0,183
2023-06-10,Jakarta,SKU_KOPI_GAYO,Food & Beverage,220000,0,73,0,73
2023-06-10,Jakarta,SKU_BATIK_TULIS,Fashion Premium,1200000,0,24,0,24
2023-06-10,Surabaya,SKU_HIJAB_INSTAN,Fashion,65000,0,122,0,122
2023-06-10,Surabaya,SKU_KOPI_GAYO,Food & Beverage,220000,0,58,0,58
2023-06-10,Surabaya,SKU_BATIK_TULIS,Fashion Premium,1200000,0,12,0,12
2023-06-10,Medan,SKU_HIJAB_INSTAN,Fashion,65000,0,68,0,68
2023-06-10,Medan,SKU_KOPI_GAYO,Food & Beverage,220000,0,32,0,32
2023-06-10,Medan,SKU_BATIK_TULIS,Fashion Premium,1200000,0,11,0,11
2023-06-10,Makassar,SKU_HIJAB_INSTAN,Fashion,65000,0,41,0,41
2023-06-10,Makassar,SKU_KOPI_GAYO,Food & Beverage,220000,0,18,0,18
2023-06-10,Makassar,SKU_BATIK_TULIS,Fashion Premium,1200000,0,6,0,6
2023-06-11,Jakarta,SKU_HIJAB_INSTAN,Fashion,65000,0,174,0,174
2023-06-11,Jakarta,SKU_KOPI_GAYO,Food & Beverage,220000,0,91,0,91
2023-06-11,Jakarta,SKU_BATIK_TULIS,Fashion Premium,1200000,0,25,0,25
2023-06-11,Surabaya,SKU_HIJAB_INSTAN,Fashion,65000,0,128,0,128
2023-06-11,Surabaya,SKU_KOPI_GAYO,Food & Beverage,220000,0,56,0,56
2023-06-11,Surabaya,SKU_BATIK_TULIS,Fashion Premium,1200000,0,13,0,13
2023-06-11,Medan,SKU_HIJAB_INSTAN,Fashion,65000,0,80,0,80
2023-06-11,Medan,SKU_KOPI_GAYO,Food & Beverage,220000,0,46,0,46
2023-06-11,Medan,SKU_BATIK_TULIS,Fashion Premium,1200000,0,11,0,11
2023-06-11,Makassar,SKU_HIJAB_INSTAN,Fashion,65000,0,60,0,60
2023-06-11,Makassar,SKU_KOPI_GAYO,Food & Beverage,220000,0,19,0,19
2023-06-11,Makassar,SKU_BATIK_TULIS,Fashion Premium,1200000,0,2,0,2
2023-06-12,Jakarta,SKU_HIJAB_INSTAN,Fashion,65000,0,170,0,170
2023-06-12,Jakarta,SKU_KOPI_GAYO,Food & Beverage,220000,0,76,0,76
2023-06-12,Jakarta,SKU_BATIK_TULIS,Fashion Premium,1200000,0,11,0,11
2023-06-12,Surabaya,SKU_HIJAB_INSTAN,Fashion,65000,0,97,0,97
2023-06-12,Surabaya,SKU_KOPI_GAYO,Food & Beverage,220000,0,35,0,35
2023-06-12,Surabaya,SKU_BATIK_TULIS,Fashion Premium,1200000,0,8,0,8
2023-06-12,Medan,SKU_HIJAB_INSTAN,Fashion,65000,0,34,0,34
2023-06-12,Medan,SKU_KOPI_GAYO,Food & Beverage,220000,0,30,1,0
2023-06-12,Medan,SKU_BATIK_TULIS,Fashion Premium,1200000,0,7,0,7
2023-06-12,Makassar,SKU_HIJAB_INSTAN,Fashion,65000,0,33,0,33
2023-06-12,Makassar,SKU_KOPI_GAYO,Food & Beverage,220000,0,16,0,16
2023-06-12,Makassar,SKU_BATIK_TULIS,Fashion Premium,1200000,0,3,0,3
2023-06-13,Jakarta,SKU_HIJAB_INSTAN,Fashion,65000,0,120,0,120
2023-06-13,Jakarta,SKU_KOPI_GAYO,Food & Beverage,220000,0,78,0,78
2023-06-13,Jakarta,SKU_BATIK_TULIS,Fashion Premium,1200000,0,14,0,14
2023-06-13,Surabaya,SKU_HIJAB_INSTAN,Fashion,65000,0,99,0,99
2023-06-13,Surabaya,SKU_KOPI_GAYO,Food & Beverage,220000,0,42,0,42
2023-06-13,Surabaya,SKU_BATIK_TULIS,Fashion Premium,1200000,0,9,0,9
2023-06-13,Medan,SKU_HIJAB_INSTAN,Fashion,65000,0,60,0,60
2023-06-13,Medan,SKU_KOPI_GAYO,Food & Beverage,220000,0,29,0,29
2023-06-13,Medan,SKU_BATIK_TULIS,Fashion Premium,1200000,0,5,0,5
2023-06-13,Makassar,SKU_HIJAB_INSTAN,Fashion,65000,0,29,0,29
2023-06-13,Makassar,SKU_KOPI_GAYO,Food & Beverage,220000,0,4,0,4
2023-06-13,Makassar,SKU_BATIK_TULIS,Fashion Premium,1200000,0,3,0,3
2023-06-14,Jakarta,SKU_HIJAB_INSTAN,Fashion,65000,0,148,0,148
2023-06-14,Jakarta,SKU_KOPI_GAYO,Food & Beverage,220000,0,81,0,81
2023-06-14,Jakarta,SKU_BATIK_TULIS,Fashion Premium,1200000,0,17,0,17
2023-06-14,Surabaya,SKU_HIJAB_INSTAN,Fashion,65000,0,105,0,105
2023-06-14,Surabaya,SKU_KOPI_GAYO,Food & Beverage,220000,0,42,0,42
2023-06-14,Surabaya,SKU_BATIK_TULIS,Fashion Premium,1200000,0,5,0,5
2023-06-14,Medan,SKU_HIJAB_INSTAN,Fashion,65000,0,69,0,69
2023-06-14,Medan,SKU_KOPI_GAYO,Food & Beverage,220000,0,31,0,31
2023-06-14,Medan,SKU_BATIK_TULIS,Fashion Premium,1200000,0,6,0,6
2023-06-14,Makassar,SKU_HIJAB_INSTAN,Fashion,65000,0,41,0,41
2023-06-14,Makassar,SKU_KOPI_GAYO,Food & Beverage,220000,0,22,0,22
2023-06-14,Makassar,SKU_BATIK_TULIS,Fashion Premium,1200000,0,2,0,2
2023-06-15,Jakarta,SKU_HIJAB_INSTAN,Fashion,65000,0,161,0,161
2023-06-15,Jakarta,SKU_KOPI_GAYO,Food & Beverage,220000,0,87,0,87
2023-06-15,Jakarta,SKU_BATIK_TULIS,Fashion Premium,1200000,0,18,0,18
2023-06-15,Surabaya,SKU_HIJAB_INSTAN,Fashion,65000,0,100,0,100
2023-06-15,Surabaya,SKU_KOPI_GAYO,Food & Beverage,220000,0,61,0,61
2023-06-15,Surabaya,SKU_BATIK_TULIS,Fashion Premium,1200000,0,11,0,11
2023-06-15,Medan,SKU_HIJAB_INSTAN,Fashion,65000,0,75,0,75
2023-06-15,Medan,SKU_KOPI_GAYO,Food & Beverage,220000,0,36,0,36
2023-06-15,Medan,SKU_BATIK_TULIS,Fashion Premium,1200000,0,5,0,5
2023-06-15,Makassar,SKU_HIJAB_INSTAN,Fashion,65000,0,24,0,24
2023-06-15,Makassar,SKU_KOPI_GAYO,Food & Beverage,220000,0,8,0,8
2023-06-15,Makassar,SKU_BATIK_TULIS,Fashion Premium,1200000,0,5,0,5
2023-06-16,Jakarta,SKU_HIJAB_INSTAN,Fashion,65000,0,151,0,151
2023-06-16,Jakarta,SKU_KOPI_GAYO,Food & Beverage,220000,0,87,0,87
2023-06-16,Jakarta,SKU_BATIK_TULIS,Fashion Premium,1200000,0,20,0,20
2023-06-16,Surabaya,SKU_HIJAB_INSTAN,Fashion,65000,0,76,0,76
2023-06-16,Surabaya,SKU_KOPI_GAYO,Food & Beverage,220000,0,50,0,50
2023-06-16,Surabaya,SKU_BATIK_TULIS,Fashion Premium,1200000,0,11,0,11
2023-06-16,Medan,SKU_HIJAB_INSTAN,Fashion,65000,0,92,0,92
2023-06-16,Medan,SKU_KOPI_GAYO,Food & Beverage,220000,0,21,0,21
2023-06-16,Medan,SKU_BATIK_TULIS,Fashion Premium,1200000,0,10,0,10
2023-06-16,Makassar,SKU_HIJAB_INSTAN,Fashion,65000,0,31,0,31
2023-06-16,Makassar,SKU_KOPI_GAYO,Food & Beverage,220000,0,23,0,23
2023-06-16,Makassar,SKU_BATIK_TULIS,Fashion Premium,1200000,0,4,0,4
2023-06-17,Jakarta,SKU_HIJAB_INSTAN,Fashion,65000,0,176,0,176
2023-06-17,Jakarta,SKU_KOPI_GAYO,Food & Beverage,220000,0,101,0,101
2023-06-17,Jakarta,SKU_BATIK_TULIS,Fashion Premium,1200000,0,26,0,26
2023-06-17,Surabaya,SKU_HIJAB_INSTAN,Fashion,65000,0,100,0,100
2023-06-17,Surabaya,SKU_KOPI_GAYO,Food & Beverage,220000,0,59,0,59
2023-06-17,Surabaya,SKU_BATIK_TULIS,Fashion Premium,1200000,0,13,0,13
2023-06-17,Medan,SKU_HIJAB_INSTAN,Fashion,65000,0,54,0,54
2023-06-17,Medan,SKU_KOPI_GAYO,Food & Beverage,220000,0,30,0,30
2023-06-17,Medan,SKU_BATIK_TULIS,Fashion Premium,1200000,0,12,0,12
2023-06-17,Makassar,SKU_HIJAB_INSTAN,Fashion,65000,0,52,0,52
2023-06-17,Makassar,SKU_KOPI_GAYO,Food & Beverage,220000,0,16,0,16
2023-06-17,Makassar,SKU_BATIK_TULIS,Fashion Premium,1200000,0,7,0,7
2023-06-18,Jakarta,SKU_HIJAB_INSTAN,Fashion,65000,0,200,0,200
2023-06-18,Jakarta,SKU_KOPI_GAYO,Food & Beverage,220000,0,83,0,83
2023-06-18,Jakarta,SKU_BATIK_TULIS,Fashion Premium,1200000,0,24,0,24
2023-06-18,Surabaya,SKU_HIJAB_INSTAN,Fashion,65000,0,104,0,104
2023-06-18,Surabaya,SKU_KOPI_GAYO,Food & Beverage,220000,0,51,0,51
2023-06-18,Surabaya,SKU_BATIK_TULIS,Fashion Premium,1200000,0,9,0,9
2023-06-18,Medan,SKU_HIJAB_INSTAN,Fashion,65000,0,64,0,64
2023-06-18,Medan,SKU_KOPI_GAYO,Food & Beverage,220000,0,34,0,34
2023-06-18,Medan,SKU_BATIK_TULIS,Fashion Premium,1200000,0,9,0,9
2023-06-18,Makassar,SKU_HIJAB_INSTAN,Fashion,65000,0,20,0,20
2023-06-18,Makassar,SKU_KOPI_GAYO,Food & Beverage,220000,0,12,0,12
2023-06-18,Makassar,SKU_BATIK_TULIS,Fashion Premium,1200000,0,7,1,0
2023-06-19,Jakarta,SKU_HIJAB_INSTAN,Fashion,65000,0,161,0,161
2023-06-19,Jakarta,SKU_KOPI_GAYO,Food & Beverage,220000,0,89,0,89
2023-06-19,Jakarta,SKU_BATIK_TULIS,Fashion Premium,1200000,0,13,0,13
2023-06-19,Surabaya,SKU_HIJAB_INSTAN,Fashion,65000,0,93,0,93
2023-06-19,Surabaya,SKU_KOPI_GAYO,Food & Beverage,220000,0,52,0,52
2023-06-19,Surabaya,SKU_BATIK_TULIS,Fashion Premium,1200000,0,10,0,10
2023-06-19,Medan,SKU_HIJAB_INSTAN,Fashion,65000,0,41,0,41
2023-06-19,Medan,SKU_KOPI_GAYO,Food & Beverage,220000,0,15,0,15
2023-06-19,Medan,SKU_BATIK_TULIS,Fashion Premium,1200000,0,4,0,4
2023-06-19,Makassar,SKU_HIJAB_INSTAN,Fashion,65000,0,32,0,32
2023-06-19,Makassar,SKU_KOPI_GAYO,Food & Beverage,220000,0,16,0,16
2023-06-19,Makassar,SKU_BATIK_TULIS,Fashion Premium,1200000,0,2,0,2
2023-06-20,Jakarta,SKU_HIJAB_INSTAN,Fashion,65000,0,159,0,159
2023-06-20,Jakarta,SKU_KOPI_GAYO,Food & Beverage,220000,0,79,0,79
2023-06-20,Jakarta,SKU_BATIK_TULIS,Fashion Premium,1200000,0,14,0,14
2023-06-20,Surabaya,SKU_HIJAB_INSTAN,Fashion,65000,0,97,0,97
2023-06-20,Surabaya,SKU_KOPI_GAYO,Food & Beverage,220000,0,46,0,46
2023-06-20,Surabaya,SKU_BATIK_TULIS,Fashion Premium,1200000,0,9,0,9
2023-06-20,Medan,SKU_HIJAB_INSTAN,Fashion,65000,0,73,0,73
2023-06-20,Medan,SKU_KOPI_GAYO,Food & Beverage,220000,0,28,0,28
2023-06-20,Medan,SKU_BATIK_TULIS,Fashion Premium,1200000,0,5,0,5
2023-06-20,Makassar,SKU_HIJAB_INSTAN,Fashion,65000,0,18,0,18
2023-06-20,Makassar,SKU_KOPI_GAYO,Food & Beverage,220000,0,16,0,16
2023-06-20,Makassar,SKU_BATIK_TULIS,Fashion Premium,1200000,0,3,0,3
2023-06-21,Jakarta,SKU_HIJAB_INSTAN,Fashion,65000,0,181,0,181
2023-06-21,Jakarta,SKU_KOPI_GAYO,Food & Beverage,220000,0,81,0,81
2023-06-21,Jakarta,SKU_BATIK_TULIS,Fashion Premium,1200000,0,16,0,16
2023-06-21,Surabaya,SKU_HIJAB_INSTAN,Fashion,65000,0,88,0,88
2023-06-21,Surabaya,SKU_KOPI_GAYO,Food & Beverage,220000,0,46,0,46
2023-06-21,Surabaya,SKU_BATIK_TULIS,Fashion Premium,1200000,0,9,0,9
2023-06-21,Medan,SKU_HIJAB_INSTAN,Fashion,65000,0,58,0,58
2023-06-21,Medan,SKU_KOPI_GAYO,Food & Beverage,220000,0,32,1,0
2023-06-21,Medan,SKU_BATIK_TULIS,Fashion Premium,1200000,0,6,0,6
2023-06-21,Makassar,SKU_HIJAB_INSTAN,Fashion,65000,0,35,0,35
2023-06-21,Makassar,SKU_KOPI_GAYO,Food & Beverage,220000,0,2,0,2
2023-06-21,Makassar,SKU_BATIK_TULIS,Fashion Premium,1200000,0,2,0,2
2023-06-22,Jakarta,SKU_HIJAB_INSTAN,Fashion,65000,0,177,0,177
2023-06-22,Jakarta,SKU_KOPI_GAYO,Food & Beverage,220000,0,74,0,74
2023-06-22,Jakarta,SKU_BATIK_TULIS,Fashion Premium,1200000,0,13,0,13
2023-06-22,Surabaya,SKU_HIJAB_INSTAN,Fashion,65000,0,105,0,105
2023-06-22,Surabaya,SKU_KOPI_GAYO,Food & Beverage,220000,0,52,0,52
2023-06-22,Surabaya,SKU_BATIK_TULIS,Fashion Premium,1200000,0,9,0,9
2023-06-22,Medan,SKU_HIJAB_INSTAN,Fashion,65000,0,66,0,66
2023-06-22,Medan,SKU_KOPI_GAYO,Food & Beverage,220000,0,29,0,29
2023-06-22,Medan,SKU_BATIK_TULIS,Fashion Premium,1200000,0,7,0,7
2023-06-22,Makassar,SKU_HIJAB_INSTAN,Fashion,65000,0,2,0,2
2023-06-22,Makassar,SKU_KOPI_GAYO,Food & Beverage,220000,0,15,0,15
2023-06-22,Makassar,SKU_BATIK_TULIS,Fashion Premium,1200000,0,2,0,2
2023-06-23,Jakarta,SKU_HIJAB_INSTAN,Fashion,65000,0,184,0,184
2023-06-23,Jakarta,SKU_KOPI_GAYO,Food & Beverage,220000,0,75,1,0
2023-06-23,Jakarta,SKU_BATIK_TULIS,Fashion Premium,1200000,0,20,1,0
2023-06-23,Surabaya,SKU_HIJAB_INSTAN,Fashion,65000,0,111,0,111
2023-06-23,Surabaya,SKU_KOPI_GAYO,Food & Beverage,220000,0,66,0,66
2023-06-23,Surabaya,SKU_BATIK_TULIS,Fashion Premium,1200000,0,11,0,11
2023-06-23,Medan,SKU_HIJAB_INSTAN,Fashion,65000,0,73,0,73
2023-06-23,Medan,SKU_KOPI_GAYO,Food & Beverage,220000,0,22,0,22
2023-06-23,Medan,SKU_BATIK_TULIS,Fashion Premium,1200000,0,8,0,8
2023-06-23,Makassar,SKU_HIJAB_INSTAN,Fashion,65000,0,51,0,51
2023-06-23,Makassar,SKU_KOPI_GAYO,Food & Beverage,220000,0,30,0,30
2023-06-23,Makassar,SKU_BATIK_TULIS,Fashion Premium,1200000,0,4,0,4
2023-06-24,Jakarta,SKU_HIJAB_INSTAN,Fashion,65000,0,169,0,169
2023-06-24,Jakarta,SKU_KOPI_GAYO,Food & Beverage,220000,0,101,0,101
2023-06-24,Jakarta,SKU_BATIK_TULIS,Fashion Premium,1200000,0,20,0,20
2023-06-24,Surabaya,SKU_HIJAB_INSTAN,Fashion,65000,0,97,0,97
2023-06-24,Surabaya,SKU_KOPI_GAYO,Food & Beverage,220000,0,65,0,65
2023-06-24,Surabaya,SKU_BATIK_TULIS,Fashion Premium,1200000,0,14,0,14
2023-06-24,Medan,SKU_HIJAB_INSTAN,Fashion,65000,0,68,0,68
2023-06-24,Medan,SKU_KOPI_GAYO,Food & Beverage,220000,0,41,0,41
2023-06-24,Medan,SKU_BATIK_TULIS,Fashion Premium,1200000,0,9,0,9
2023-06-24,Makassar,SKU_HIJAB_INSTAN,Fashion,65000,0,72,0,72
2023-06-24,Makassar,SKU_KOPI_GAYO,Food & Beverage,220000,0,26,0,26
2023-06-24,Makassar,SKU_BATIK_TULIS,Fashion Premium,1200000,0,5,0,5
2023-06-25,Jakarta,SKU_HIJAB_INSTAN,Fashion,65000,0,224,0,224
2023-06-25,Jakarta,SKU_KOPI_GAYO,Food & Beverage,176000,1,148,0,148
2023-06-25,Jakarta,SKU_BATIK_TULIS,Fashion Premium,960000,1,34,0,34
2023-06-25,Surabaya,SKU_HIJAB_INSTAN,Fashion,65000,0,127,0,127
2023-06-25,Surabaya,SKU_KOPI_GAYO,Food & Beverage,176000,1,63,0,63
2023-06-25,Surabaya,SKU_BATIK_TULIS,Fashion Premium,1200000,0,13,0,13
2023-06-25,Medan,SKU_HIJAB_INSTAN,Fashion,65000,0,54,0,54
2023-06-25,Medan,SKU_KOPI_GAYO,Food & Beverage,220000,0,29,0,29
2023-06-25,Medan,SKU_BATIK_TULIS,Fashion Premium,960000,1,10,0,10
2023-06-25,Makassar,SKU_HIJAB_INSTAN,Fashion,65000,0,5,0,5
2023-06-25,Makassar,SKU_KOPI_GAYO,Food & Beverage,220000,0,25,0,25
2023-06-25,Makassar,SKU_BATIK_TULIS,Fashion Premium,1200000,0,8,0,8
2023-06-26,Jakarta,SKU_HIJAB_INSTAN,Fashion,65000,0,152,0,152
2023-06-26,Jakarta,SKU_KOPI_GAYO,Food & Beverage,176000,1,136,0,136
2023-06-26,Jakarta,SKU_BATIK_TULIS,Fashion Premium,1200000,0,16,0,16
2023-06-26,Surabaya,SKU_HIJAB_INSTAN,Fashion,52000,1,136,0,136
2023-06-26,Surabaya,SKU_KOPI_GAYO,Food & Beverage,176000,1,86,0,86
2023-06-26,Surabaya,SKU_BATIK_TULIS,Fashion Premium,960000,1,18,0,18
2023-06-26,Medan,SKU_HIJAB_INSTAN,Fashion,52000,1,126,0,126
2023-06-26,Medan,SKU_KOPI_GAYO,Food & Beverage,176000,1,44,0,44
2023-06-26,Medan,SKU_BATIK_TULIS,Fashion Premium,1200000,0,5,0,5
2023-06-26,Makassar,SKU_HIJAB_INSTAN,Fashion,65000,0,21,0,21
2023-06-26,Makassar,SKU_KOPI_GAYO,Food & Beverage,220000,0,27,0,27
2023-06-26,Makassar,SKU_BATIK_TULIS,Fashion Premium,960000,1,2,0,2
2023-06-27,Jakarta,SKU_HIJAB_INSTAN,Fashion,52000,1,211,0,211
2023-06-27,Jakarta,SKU_KOPI_GAYO,Food & Beverage,220000,0,83,0,83
2023-06-27,Jakarta,SKU_BATIK_TULIS,Fashion Premium,1200000,0,17,0,17
2023-06-27,Surabaya,SKU_HIJAB_INSTAN,Fashion,65000,0,77,0,77
2023-06-27,Surabaya,SKU_KOPI_GAYO,Food & Beverage,176000,1,90,0,90
2023-06-27,Surabaya,SKU_BATIK_TULIS,Fashion Premium,960000,1,18,0,18
2023-06-27,Medan,SKU_HIJAB_INSTAN,Fashion,65000,0,64,0,64
2023-06-27,Medan,SKU_KOPI_GAYO,Food & Beverage,220000,0,23,0,23
2023-06-27,Medan,SKU_BATIK_TULIS,Fashion Premium,1200000,0,7,0,7
2023-06-27,Makassar,SKU_HIJAB_INSTAN,Fashion,52000,1,93,0,93
2023-06-27,Makassar,SKU_KOPI_GAYO,Food & Beverage,176000,1,26,0,26
2023-06-27,Makassar,SKU_BATIK_TULIS,Fashion Premium,960000,1,2,0,2
2023-06-28,Jakarta,SKU_HIJAB_INSTAN,Fashion,52000,1,239,0,239
2023-06-28,Jakarta,SKU_KOPI_GAYO,Food & Beverage,220000,0,93,0,93
2023-06-28,Jakarta,SKU_BATIK_TULIS,Fashion Premium,960000,1,29,0,29
2023-06-28,Surabaya,SKU_HIJAB_INSTAN,Fashion,65000,0,110,0,110
2023-06-28,Surabaya,SKU_KOPI_GAYO,Food & Beverage,220000,0,55,0,55
2023-06-28,Surabaya,SKU_BATIK_TULIS,Fashion Premium,1200000,0,10,0,10
2023-06-28,Medan,SKU_HIJAB_INSTAN,Fashion,65000,0,75,0,75
2023-06-28,Medan,SKU_KOPI_GAYO,Food & Beverage,176000,1,44,0,44
2023-06-28,Medan,SKU_BATIK_TULIS,Fashion Premium,960000,1,11,0,11
2023-06-28,Makassar,SKU_HIJAB_INSTAN,Fashion,52000,1,71,0,71
2023-06-28,Makassar,SKU_KOPI_GAYO,Food & Beverage,220000,0,21,0,21
2023-06-28,Makassar,SKU_BATIK_TULIS,Fashion Premium,960000,1,7,0,7
2023-06-29,Jakarta,SKU_HIJAB_INSTAN,Fashion,65000,0,155,0,155
2023-06-29,Jakarta,SKU_KOPI_GAYO,Food & Beverage,220000,0,82,0,82
2023-06-29,Jakarta,SKU_BATIK_TULIS,Fashion Premium,1200000,0,18,0,18
2023-06-29,Surabaya,SKU_HIJAB_INSTAN,Fashion,65000,0,106,0,106
2023-06-29,Surabaya,SKU_KOPI_GAYO,Food & Beverage,220000,0,53,0,53
2023-06-29,Surabaya,SKU_BATIK_TULIS,Fashion Premium,1200000,0,9,0,9
2023-06-29,Medan,SKU_HIJAB_INSTAN,Fashion,65000,0,53,0,53
2023-06-29,Medan,SKU_KOPI_GAYO,Food & Beverage,220000,0,27,0,27
2023-06-29,Medan,SKU_BATIK_TULIS,Fashion Premium,1200000,0,8,0,8
2023-06-29,Makassar,SKU_HIJAB_INSTAN,Fashion,65000,0,45,0,45
2023-06-29,Makassar,SKU_KOPI_GAYO,Food & Beverage,220000,0,20,0,20
2023-06-29,Makassar,SKU_BATIK_TULIS,Fashion Premium,1200000,0,5,0,5
2023-06-30,Jakarta,SKU_HIJAB_INSTAN,Fashion,65000,0,172,0,172
2023-06-30,Jakarta,SKU_KOPI_GAYO,Food & Beverage,220000,0,94,0,94
2023-06-30,Jakarta,SKU_BATIK_TULIS,Fashion Premium,1200000,0,21,0,21
2023-06-30,Surabaya,SKU_HIJAB_INSTAN,Fashion,65000,0,116,0,116
2023-06-30,Surabaya,SKU_KOPI_GAYO,Food & Beverage,220000,0,45,0,45
2023-06-30,Surabaya,SKU_BATIK_TULIS,Fashion Premium,1200000,0,8,0,8
2023-06-30,Medan,SKU_HIJAB_INSTAN,Fashion,65000,0,73,0,73
2023-06-30,Medan,SKU_KOPI_GAYO,Food & Beverage,220000,0,21,0,21
2023-06-30,Medan,SKU_BATIK_TULIS,Fashion Premium,1200000,0,7,0,7
2023-06-30,Makassar,SKU_HIJAB_INSTAN,Fashion,65000,0,3,0,3
2023-06-30,Makassar,SKU_KOPI_GAYO,Food & Beverage,220000,0,26,0,26
2023-06-30,Makassar,SKU_BATIK_TULIS,Fashion Premium,1200000,0,5,0,5
2023-07-01,Jakarta,SKU_HIJAB_INSTAN,Fashion,65000,0,199,0,199
2023-07-01,Jakarta,SKU_KOPI_GAYO,Food & Beverage,220000,0,85,0,85
2023-07-01,Jakarta,SKU_BATIK_TULIS,Fashion Premium,1200000,0,20,0,20
2023-07-01,Surabaya,SKU_HIJAB_INSTAN,Fashion,65000,0,81,0,81
2023-07-01,Surabaya,SKU_KOPI_GAYO,Food & Beverage,220000,0,50,0,50
2023-07-01,Surabaya,SKU_BATIK_TULIS,Fashion Premium,1200000,0,15,0,15
2023-07-01,Medan,SKU_HIJAB_INSTAN,Fashion,65000,0,72,0,72
2023-07-01,Medan,SKU_KOPI_GAYO,Food & Beverage,220000,0,40,0,40
2023-07-01,Medan,SKU_BATIK_TULIS,Fashion Premium,1200000,0,10,0,10
2023-07-01,Makassar,SKU_HIJAB_INSTAN,Fashion,65000,0,49,0,49
2023-07-01,Makassar,SKU_KOPI_GAYO,Food & Beverage,220000,0,4,0,4
2023-07-01,Makassar,SKU_BATIK_TULIS,Fashion Premium,1200000,0,3,0,3
2023-07-02,Jakarta,SKU_HIJAB_INSTAN,Fashion,65000,0,191,0,191
2023-07-02,Jakarta,SKU_KOPI_GAYO,Food & Beverage,220000,0,100,0,100
2023-07-02,Jakarta,SKU_BATIK_TULIS,Fashion Premium,1200000,0,23,1,0
2023-07-02,Surabaya,SKU_HIJAB_INSTAN,Fashion,65000,0,114,0,114
2023-07-02,Surabaya,SKU_KOPI_GAYO,Food & Beverage,220000,0,62,0,62
2023-07-02,Surabaya,SKU_BATIK_TULIS,Fashion Premium,1200000,0,13,0,13
2023-07-02,Medan,SKU_HIJAB_INSTAN,Fashion,65000,0,50,0,50
2023-07-02,Medan,SKU_KOPI_GAYO,Food & Beverage,220000,0,40,0,40
2023-07-02,Medan,SKU_BATIK_TULIS,Fashion Premium,1200000,0,10,0,10
2023-07-02,Makassar,SKU_HIJAB_INSTAN,Fashion,65000,0,64,0,64
2023-07-02,Makassar,SKU_KOPI_GAYO,Food & Beverage,220000,0,13,0,13
2023-07-02,Makassar,SKU_BATIK_TULIS,Fashion Premium,1200000,0,2,0,2
2023-07-03,Jakarta,SKU_HIJAB_INSTAN,Fashion,65000,0,159,0,159
2023-07-03,Jakarta,SKU_KOPI_GAYO,Food & Beverage,220000,0,84,0,84
2023-07-03,Jakarta,SKU_BATIK_TULIS,Fashion Premium,1200000,0,14,0,14
2023-07-03,Surabaya,SKU_HIJAB_INSTAN,Fashion,65000,0,104,0,104
2023-07-03,Surabaya,SKU_KOPI_GAYO,Food & Beverage,220000,0,54,0,54
2023-07-03,Surabaya,SKU_BATIK_TULIS,Fashion Premium,1200000,0,8,0,8
2023-07-03,Medan,SKU_HIJAB_INSTAN,Fashion,65000,0,54,0,54
2023-07-03,Medan,SKU_KOPI_GAYO,Food & Beverage,220000,0,37,0,37
2023-07-03,Medan,SKU_BATIK_TULIS,Fashion Premium,1200000,0,4,0,4
2023-07-03,Makassar,SKU_HIJAB_INSTAN,Fashion,65000,0,33,0,33
2023-07-03,Makassar,SKU_KOPI_GAYO,Food & Beverage,220000,0,16,0,16
2023-07-03,Makassar,SKU_BATIK_TULIS,Fashion Premium,1200000,0,2,0,2
2023-07-04,Jakarta,SKU_HIJAB_INSTAN,Fashion,65000,0,159,0,159
2023-07-04,Jakarta,SKU_KOPI_GAYO,Food & Beverage,220000,0,78,0,78
2023-07-04,Jakarta,SKU_BATIK_TULIS,Fashion Premium,1200000,0,15,0,15
2023-07-04,Surabaya,SKU_HIJAB_INSTAN,Fashion,65000,0,80,0,80
2023-07-04,Surabaya,SKU_KOPI_GAYO,Food & Beverage,220000,0,55,0,55
2023-07-04,Surabaya,SKU_BATIK_TULIS,Fashion Premium,1200000,0,10,0,10
2023-07-04,Medan,SKU_HIJAB_INSTAN,Fashion,65000,0,34,0,34
2023-07-04,Medan,SKU_KOPI_GAYO,Food & Beverage,220000,0,25,0,25
2023-07-04,Medan,SKU_BATIK_TULIS,Fashion Premium,1200000,0,4,0,4
2023-07-04,Makassar,SKU_HIJAB_INSTAN,Fashion,65000,0,14,0,14
2023-07-04,Makassar,SKU_KOPI_GAYO,Food & Beverage,220000,0,15,0,15
2023-07-04,Makassar,SKU_BATIK_TULIS,Fashion Premium,1200000,0,3,0,3
2023-07-05,Jakarta,SKU_HIJAB_INSTAN,Fashion,65000,0,168,0,168
2023-07-05,Jakarta,SKU_KOPI_GAYO,Food & Beverage,220000,0,85,0,85
2023-07-05,Jakarta,SKU_BATIK_TULIS,Fashion Premium,1200000,0,16,0,16
2023-07-05,Surabaya,SKU_HIJAB_INSTAN,Fashion,65000,0,94,0,94
2023-07-05,Surabaya,SKU_KOPI_GAYO,Food & Beverage,220000,0,46,0,46
2023-07-05,Surabaya,SKU_BATIK_TULIS,Fashion Premium,1200000,0,8,0,8
2023-07-05,Medan,SKU_HIJAB_INSTAN,Fashion,65000,0,61,0,61
2023-07-05,Medan,SKU_KOPI_GAYO,Food & Beverage,220000,0,27,0,27
2023-07-05,Medan,SKU_BATIK_TULIS,Fashion Premium,1200000,0,6,0,6
2023-07-05,Makassar,SKU_HIJAB_INSTAN,Fashion,65000,0,20,0,20
2023-07-05,Makassar,SKU_KOPI_GAYO,Food & Beverage,220000,0,13,0,13
2023-07-05,Makassar,SKU_BATIK_TULIS,Fashion Premium,1200000,0,4,0,4
2023-07-06,Jakarta,SKU_HIJAB_INSTAN,Fashion,65000,0,179,0,179
2023-07-06,Jakarta,SKU_KOPI_GAYO,Food & Beverage,220000,0,93,0,93
2023-07-06,Jakarta,SKU_BATIK_TULIS,Fashion Premium,1200000,0,17,0,17
2023-07-06,Surabaya,SKU_HIJAB_INSTAN,Fashion,65000,0,91,0,91
2023-07-06,Surabaya,SKU_KOPI_GAYO,Food & Beverage,220000,0,54,0,54
2023-07-06,Surabaya,SKU_BATIK_TULIS,Fashion Premium,1200000,0,9,0,9
2023-07-06,Medan,SKU_HIJAB_INSTAN,Fashion,65000,0,75,0,75
2023-07-06,Medan,SKU_KOPI_GAYO,Food & Beverage,220000,0,29,0,29
2023-07-06,Medan,SKU_BATIK_TULIS,Fashion Premium,1200000,0,6,0,6
2023-07-06,Makassar,SKU_HIJAB_INSTAN,Fashion,65000,0,42,0,42
2023-07-06,Makassar,SKU_KOPI_GAYO,Food & Beverage,220000,0,4,0,4
2023-07-06,Makassar,SKU_BATIK_TULIS,Fashion Premium,1200000,0,2,0,2
2023-07-07,Jakarta,SKU_HIJAB_INSTAN,Fashion,65000,0,179,0,179
2023-07-07,Jakarta,SKU_KOPI_GAYO,Food & Beverage,220000,0,92,0,92
2023-07-07,Jakarta,SKU_BATIK_TULIS,Fashion Premium,1200000,0,21,0,21
2023-07-07,Surabaya,SKU_HIJAB_INSTAN,Fashion,65000,0,101,0,101
2023-07-07,Surabaya,SKU_KOPI_GAYO,Food & Beverage,220000,0,59,0,59
2023-07-07,Surabaya,SKU_BATIK_TULIS,Fashion Premium,1200000,0,10,0,10
2023-07-07,Medan,SKU_HIJAB_INSTAN,Fashion,65000,0,55,0,55
2023-07-07,Medan,SKU_KOPI_GAYO,Food & Beverage,220000,0,38,0,38
2023-07-07,Medan,SKU_BATIK_TULIS,Fashion Premium,1200000,0,6,0,6
2023-07-07,Makassar,SKU_HIJAB_INSTAN,Fashion,65000,0,58,0,58
2023-07-07,Makassar,SKU_KOPI_GAYO,Food & Beverage,220000,0,23,0,23
2023-07-07,Makassar,SKU_BATIK_TULIS,Fashion Premium,1200000,0,3,0,3
2023-07-08,Jakarta,SKU_HIJAB_INSTAN,Fashion,65000,0,207,0,207
2023-07-08,Jakarta,SKU_KOPI_GAYO,Food & Beverage,220000,0,82,0,82
2023-07-08,Jakarta,SKU_BATIK_TULIS,Fashion Premium,1200000,0,26,0,26
2023-07-08,Surabaya,SKU_HIJAB_INSTAN,Fashion,65000,0,116,0,116
2023-07-08,Surabaya,SKU_KOPI_GAYO,Food & Beverage,220000,0,50,0,50
2023-07-08,Surabaya,SKU_BATIK_TULIS,Fashion Premium,1200000,0,13,0,13
2023-07-08,Medan,SKU_HIJAB_INSTAN,Fashion,65000,0,66,0,66
2023-07-08,Medan,SKU_KOPI_GAYO,Food & Beverage,220000,0,35,0,35
2023-07-08,Medan,SKU_BATIK_TULIS,Fashion Premium,1200000,0,7,0,7
2023-07-08,Makassar,SKU_HIJAB_INSTAN,Fashion,65000,0,67,0,67
2023-07-08,Makassar,SKU_KOPI_GAYO,Food & Beverage,220000,0,14,0,14
2023-07-08,Makassar,SKU_BATIK_TULIS,Fashion Premium,1200000,0,6,0,6
2023-07-09,Jakarta,SKU_HIJAB_INSTAN,Fashion,65000,0,187,0,187
2023-07-09,Jakarta,SKU_KOPI_GAYO,Food & Beverage,220000,0,82,0,82
2023-07-09,Jakarta,SKU_BATIK_TULIS,Fashion Premium,1200000,0,21,0,21
2023-07-09,Surabaya,SKU_HIJAB_INSTAN,Fashion,65000,0,128,0,128
2023-07-09,Surabaya,SKU_KOPI_GAYO,Food & Beverage,220000,0,50,0,50
2023-07-09,Surabaya,SKU_BATIK_TULIS,Fashion Premium,1200000,0,11,0,11
2023-07-09,Medan,SKU_HIJAB_INSTAN,Fashion,65000,0,81,0,81
2023-07-09,Medan,SKU_KOPI_GAYO,Food & Beverage,220000,0,20,0,20
2023-07-09,Medan,SKU_BATIK_TULIS,Fashion Premium,1200000,0,8,0,8
2023-07-09,Makassar,SKU_HIJAB_INSTAN,Fashion,65000,0,55,0,55
2023-07-09,Makassar,SKU_KOPI_GAYO,Food & Beverage,220000,0,16,0,16
2023-07-09,Makassar,SKU_BATIK_TULIS,Fashion Premium,1200000,0,6,0,6
2023-07-10,Jakarta,SKU_HIJAB_INSTAN,Fashion,65000,0,136,0,136
2023-07-10,Jakarta,SKU_KOPI_GAYO,Food & Beverage,220000,0,80,1,0
2023-07-10,Jakarta,SKU_BATIK_TULIS,Fashion Premium,1200000,0,13,0,13
2023-07-10,Surabaya,SKU_HIJAB_INSTAN,Fashion,65000,0,95,0,95
2023-07-10,Surabaya,SKU_KOPI_GAYO,Food & Beverage,220000,0,49,0,49
2023-07-10,Surabaya,SKU_BATIK_TULIS,Fashion Premium,1200000,0,6,0,6
2023-07-10,Medan,SKU_HIJAB_INSTAN,Fashion,65000,0,77,0,77
2023-07-10,Medan,SKU_KOPI_GAYO,Food & Beverage,220000,0,29,1,0
2023-07-10,Medan,SKU_BATIK_TULIS,Fashion Premium,1200000,0,5,0,5
2023-07-10,Makassar,SKU_HIJAB_INSTAN,Fashion,65000,0,26,0,26
2023-07-10,Makassar,SKU_KOPI_GAYO,Food & Beverage,220000,0,16,0,16
2023-07-10,Makassar,SKU_BATIK_TULIS,Fashion Premium,1200000,0,2,0,2
2023-07-11,Jakarta,SKU_HIJAB_INSTAN,Fashion,65000,0,143,0,143
2023-07-11,Jakarta,SKU_KOPI_GAYO,Food & Beverage,220000,0,87,0,87
2023-07-11,Jakarta,SKU_BATIK_TULIS,Fashion Premium,1200000,0,14,0,14
2023-07-11,Surabaya,SKU_HIJAB_INSTAN,Fashion,65000,0,83,0,83
2023-07-11,Surabaya,SKU_KOPI_GAYO,Food & Beverage,220000,0,39,0,39
2023-07-11,Surabaya,SKU_BATIK_TULIS,Fashion Premium,1200000,0,8,0,8
2023-07-11,Medan,SKU_HIJAB_INSTAN,Fashion,65000,0,53,0,53
2023-07-11,Medan,SKU_KOPI_GAYO,Food & Beverage,220000,0,13,0,13
2023-07-11,Medan,SKU_BATIK_TULIS,Fashion Premium,1200000,0,3,0,3
2023-07-11,Makassar,SKU_HIJAB_INSTAN,Fashion,65000,0,2,0,2
2023-07-11,Makassar,SKU_KOPI_GAYO,Food & Beverage,220000,0,15,0,15
2023-07-11,Makassar,SKU_BATIK_TULIS,Fashion Premium,1200000,0,4,0,4
2023-07-12,Jakarta,SKU_HIJAB_INSTAN,Fashion,65000,0,141,0,141
2023-07-12,Jakarta,SKU_KOPI_GAYO,Food & Beverage,220000,0,83,0,83
2023-07-12,Jakarta,SKU_BATIK_TULIS,Fashion Premium,1200000,0,15,0,15
2023-07-12,Surabaya,SKU_HIJAB_INSTAN,Fashion,65000,0,103,0,103
2023-07-12,Surabaya,SKU_KOPI_GAYO,Food & Beverage,220000,0,55,0,55
2023-07-12,Surabaya,SKU_BATIK_TULIS,Fashion Premium,1200000,0,12,0,12
2023-07-12,Medan,SKU_HIJAB_INSTAN,Fashion,65000,0,66,0,66
2023-07-12,Medan,SKU_KOPI_GAYO,Food & Beverage,220000,0,28,0,28
2023-07-12,Medan,SKU_BATIK_TULIS,Fashion Premium,1200000,0,5,0,5
2023-07-12,Makassar,SKU_HIJAB_INSTAN,Fashion,65000,0,25,0,25
2023-07-12,Makassar,SKU_KOPI_GAYO,Food & Beverage,220000,0,12,0,12
2023-07-12,Makassar,SKU_BATIK_TULIS,Fashion Premium,1200000,0,5,0,5
2023-07-13,Jakarta,SKU_HIJAB_INSTAN,Fashion,65000,0,173,0,173
2023-07-13,Jakarta,SKU_KOPI_GAYO,Food & Beverage,220000,0,74,0,74
2023-07-13,Jakarta,SKU_BATIK_TULIS,Fashion Premium,1200000,0,18,0,18
2023-07-13,Surabaya,SKU_HIJAB_INSTAN,Fashion,65000,0,84,0,84
2023-07-13,Surabaya,SKU_KOPI_GAYO,Food & Beverage,220000,0,56,0,56
2023-07-13,Surabaya,SKU_BATIK_TULIS,Fashion Premium,1200000,0,12,0,12
2023-07-13,Medan,SKU_HIJAB_INSTAN,Fashion,65000,0,62,0,62
2023-07-13,Medan,SKU_KOPI_GAYO,Food & Beverage,220000,0,30,0,30
2023-07-13,Medan,SKU_BATIK_TULIS,Fashion Premium,1200000,0,9,0,9
2023-07-13,Makassar,SKU_HIJAB_INSTAN,Fashion,65000,0,23,0,23
2023-07-13,Makassar,SKU_KOPI_GAYO,Food & Beverage,220000,0,11,0,11
2023-07-13,Makassar,SKU_BATIK_TULIS,Fashion Premium,1200000,0,2,0,2
2023-07-14,Jakarta,SKU_HIJAB_INSTAN,Fashion,65000,0,173,0,173
2023-07-14,Jakarta,SKU_KOPI_GAYO,Food & Beverage,220000,0,90,1,0
2023-07-14,Jakarta,SKU_BATIK_TULIS,Fashion Premium,1200000,0,22,0,22
2023-07-14,Surabaya,SKU_HIJAB_INSTAN,Fashion,65000,0,112,0,112
2023-07-14,Surabaya,SKU_KOPI_GAYO,Food & Beverage,220000,0,56,0,56
2023-07-14,Surabaya,SKU_BATIK_TULIS,Fashion Premium,1200000,0,14,0,14
2023-07-14,Medan,SKU_HIJAB_INSTAN,Fashion,65000,0,56,0,56
2023-07-14,Medan,SKU_KOPI_GAYO,Food & Beverage,220000,0,25,0,25
2023-07-14,Medan,SKU_BATIK_TULIS,Fashion Premium,1200000,0,9,0,9
2023-07-14,Makassar,SKU_HIJAB_INSTAN,Fashion,65000,0,33,0,33
2023-07-14,Makassar,SKU_KOPI_GAYO,Food & Beverage,220000,0,24,0,24
2023-07-14,Makassar,SKU_BATIK_TULIS,Fashion Premium,1200000,0,4,0,4
2023-07-15,Jakarta,SKU_HIJAB_INSTAN,Fashion,65000,0,185,0,185
2023-07-15,Jakarta,SKU_KOPI_GAYO,Food & Beverage,220000,0,96,0,96
2023-07-15,Jakarta,SKU_BATIK_TULIS,Fashion Premium,1200000,0,24,0,24
2023-07-15,Surabaya,SKU_HIJAB_INSTAN,Fashion,65000,0,116,0,116
2023-07-15,Surabaya,SKU_KOPI_GAYO,Food & Beverage,220000,0,72,0,72
2023-07-15,Surabaya,SKU_BATIK_TULIS,Fashion Premium,1200000,0,16,1,0
2023-07-15,Medan,SKU_HIJAB_INSTAN,Fashion,65000,0,89,0,89
2023-07-15,Medan,SKU_KOPI_GAYO,Food & Beverage,220000,0,37,0,37
2023-07-15,Medan,SKU_BATIK_TULIS,Fashion Premium,1200000,0,9,0,9
2023-07-15,Makassar,SKU_HIJAB_INSTAN,Fashion,65000,0,34,0,34
2023-07-15,Makassar,SKU_KOPI_GAYO,Food & Beverage,220000,0,19,0,19
2023-07-15,Makassar,SKU_BATIK_TULIS,Fashion Premium,1200000,0,3,0,3
2023-07-16,Jakarta,SKU_HIJAB_INSTAN,Fashion,65000,0,167,0,167
2023-07-16,Jakarta,SKU_KOPI_GAYO,Food & Beverage,220000,0,89,0,89
2023-07-16,Jakarta,SKU_BATIK_TULIS,Fashion Premium,1200000,0,22,0,22
2023-07-16,Surabaya,SKU_HIJAB_INSTAN,Fashion,65000,0,125,0,125
2023-07-16,Surabaya,SKU_KOPI_GAYO,Food & Beverage,220000,0,48,0,48
2023-07-16,Surabaya,SKU_BATIK_TULIS,Fashion Premium,1200000,0,13,0,13
2023-07-16,Medan,SKU_HIJAB_INSTAN,Fashion,65000,0,81,0,81
2023-07-16,Medan,SKU_KOPI_GAYO,Food & Beverage,220000,0,39,0,39
2023-07-16,Medan,SKU_BATIK_TULIS,Fashion Premium,1200000,0,11,0,11
2023-07-16,Makassar,SKU_HIJAB_INSTAN,Fashion,65000,0,32,0,32
2023-07-16,Makassar,SKU_KOPI_GAYO,Food & Beverage,220000,0,11,0,11
2023-07-16,Makassar,SKU_BATIK_TULIS,Fashion Premium,1200000,0,4,0,4
2023-07-17,Jakarta,SKU_HIJAB_INSTAN,Fashion,65000,0,147,0,147
2023-07-17,Jakarta,SKU_KOPI_GAYO,Food & Beverage,220000,0,79,0,79
2023-07-17,Jakarta,SKU_BATIK_TULIS,Fashion Premium,1200000,0,13,0,13
2023-07-17,Surabaya,SKU_HIJAB_INSTAN,Fashion,65000,0,93,0,93
2023-07-17,Surabaya,SKU_KOPI_GAYO,Food & Beverage,220000,0,44,0,44
2023-07-17,Surabaya,SKU_BATIK_TULIS,Fashion Premium,1200000,0,9,0,9
2023-07-17,Medan,SKU_HIJAB_INSTAN,Fashion,65000,0,67,0,67
2023-07-17,Medan,SKU_KOPI_GAYO,Food & Beverage,220000,0,35,0,35
2023-07-17,Medan,SKU_BATIK_TULIS,Fashion Premium,1200000,0,4,0,4
2023-07-17,Makassar,SKU_HIJAB_INSTAN,Fashion,65000,0,32,0,32
2023-07-17,Makassar,SKU_KOPI_GAYO,Food & Beverage,220000,0,23,0,23
2023-07-17,Makassar,SKU_BATIK_TULIS,Fashion Premium,1200000,0,3,0,3
2023-07-18,Jakarta,SKU_HIJAB_INSTAN,Fashion,65000,0,162,0,162
2023-07-18,Jakarta,SKU_KOPI_GAYO,Food & Beverage,220000,0,83,0,83
2023-07-18,Jakarta,SKU_BATIK_TULIS,Fashion Premium,1200000,0,14,0,14
2023-07-18,Surabaya,SKU_HIJAB_INSTAN,Fashion,65000,0,107,0,107
2023-07-18,Surabaya,SKU_KOPI_GAYO,Food & Beverage,220000,0,51,0,51
2023-07-18,Surabaya,SKU_BATIK_TULIS,Fashion Premium,1200000,0,9,0,9
2023-07-18,Medan,SKU_HIJAB_INSTAN,Fashion,65000,0,96,0,96
2023-07-18,Medan,SKU_KOPI_GAYO,Food & Beverage,220000,0,31,0,31
2023-07-18,Medan,SKU_BATIK_TULIS,Fashion Premium,1200000,0,3,0,3
2023-07-18,Makassar,SKU_HIJAB_INSTAN,Fashion,65000,0,28,0,28
2023-07-18,Makassar,SKU_KOPI_GAYO,Food & Beverage,220000,0,15,0,15
2023-07-18,Makassar,SKU_BATIK_TULIS,Fashion Premium,1200000,0,3,0,3
2023-07-19,Jakarta,SKU_HIJAB_INSTAN,Fashion,65000,0,166,0,166
2023-07-19,Jakarta,SKU_KOPI_GAYO,Food & Beverage,220000,0,70,0,70
2023-07-19,Jakarta,SKU_BATIK_TULIS,Fashion Premium,1200000,0,16,0,16
2023-07-19,Surabaya,SKU_HIJAB_INSTAN,Fashion,65000,0,95,0,95
2023-07-19,Surabaya,SKU_KOPI_GAYO,Food & Beverage,220000,0,48,0,48
2023-07-19,Surabaya,SKU_BATIK_TULIS,Fashion Premium,1200000,0,7,0,7
2023-07-19,Medan,SKU_HIJAB_INSTAN,Fashion,65000,0,82,0,82
2023-07-19,Medan,SKU_KOPI_GAYO,Food & Beverage,220000,0,30,0,30
2023-07-19,Medan,SKU_BATIK_TULIS,Fashion Premium,1200000,0,7,0,7
2023-07-19,Makassar,SKU_HIJAB_INSTAN,Fashion,65000,0,21,0,21
2023-07-19,Makassar,SKU_KOPI_GAYO,Food & Beverage,220000,0,18,0,18
2023-07-19,Makassar,SKU_BATIK_TULIS,Fashion Premium,1200000,0,2,0,2
2023-07-20,Jakarta,SKU_HIJAB_INSTAN,Fashion,65000,0,173,0,173
2023-07-20,Jakarta,SKU_KOPI_GAYO,Food & Beverage,220000,0,84,0,84
2023-07-20,Jakarta,SKU_BATIK_TULIS,Fashion Premium,1200000,0,16,0,16
2023-07-20,Surabaya,SKU_HIJAB_INSTAN,Fashion,65000,0,98,0,98
2023-07-20,Surabaya,SKU_KOPI_GAYO,Food & Beverage,220000,0,51,0,51
2023-07-20,Surabaya,SKU_BATIK_TULIS,Fashion Premium,1200000,0,11,0,11
2023-07-20,Medan,SKU_HIJAB_INSTAN,Fashion,65000,0,78,0,78
2023-07-20,Medan,SKU_KOPI_GAYO,Food & Beverage,220000,0,27,0,27
2023-07-20,Medan,SKU_BATIK_TULIS,Fashion Premium,1200000,0,8,0,8
2023-07-20,Makassar,SKU_HIJAB_INSTAN,Fashion,65000,0,17,0,17
2023-07-20,Makassar,SKU_KOPI_GAYO,Food & Beverage,220000,0,21,0,21
2023-07-20,Makassar,SKU_BATIK_TULIS,Fashion Premium,1200000,0,4,0,4
2023-07-21,Jakarta,SKU_HIJAB_INSTAN,Fashion,65000,0,168,0,168
2023-07-21,Jakarta,SKU_KOPI_GAYO,Food & Beverage,220000,0,83,0,83
2023-07-21,Jakarta,SKU_BATIK_TULIS,Fashion Premium,1200000,0,19,1,0
2023-07-21,Surabaya,SKU_HIJAB_INSTAN,Fashion,65000,0,106,0,106
2023-07-21,Surabaya,SKU_KOPI_GAYO,Food & Beverage,220000,0,58,0,58
2023-07-21,Surabaya,SKU_BATIK_TULIS,Fashion Premium,1200000,0,12,0,12
2023-07-21,Medan,SKU_HIJAB_INSTAN,Fashion,65000,0,39,0,39
2023-07-21,Medan,SKU_KOPI_GAYO,Food & Beverage,220000,0,31,0,31
2023-07-21,Medan,SKU_BATIK_TULIS,Fashion Premium,1200000,0,7,0,7
2023-07-21,Makassar,SKU_HIJAB_INSTAN,Fashion,65000,0,41,0,41
2023-07-21,Makassar,SKU_KOPI_GAYO,Food & Beverage,220000,0,21,0,21
2023-07-21,Makassar,SKU_BATIK_TULIS,Fashion Premium,1200000,0,4,0,4
2023-07-22,Jakarta,SKU_HIJAB_INSTAN,Fashion,65000,0,208,0,208
2023-07-22,Jakarta,SKU_KOPI_GAYO,Food & Beverage,220000,0,99,0,99
2023-07-22,Jakarta,SKU_BATIK_TULIS,Fashion Premium,1200000,0,23,0,23
2023-07-22,Surabaya,SKU_HIJAB_INSTAN,Fashion,65000,0,104,0,104
2023-07-22,Surabaya,SKU_KOPI_GAYO,Food & Beverage,220000,0,54,0,54
2023-07-22,Surabaya,SKU_BATIK_TULIS,Fashion Premium,1200000,0,11,0,11
2023-07-22,Medan,SKU_HIJAB_INSTAN,Fashion,65000,0,80,0,80
2023-07-22,Medan,SKU_KOPI_GAYO,Food & Beverage,220000,0,32,0,32
2023-07-22,Medan,SKU_BATIK_TULIS,Fashion Premium,1200000,0,15,0,15
2023-07-22,Makassar,SKU_HIJAB_INSTAN,Fashion,65000,0,60,0,60
2023-07-22,Makassar,SKU_KOPI_GAYO,Food & Beverage,220000,0,13,0,13
2023-07-22,Makassar,SKU_BATIK_TULIS,Fashion Premium,1200000,0,2,0,2
2023-07-23,Jakarta,SKU_HIJAB_INSTAN,Fashion,65000,0,175,0,175
2023-07-23,Jakarta,SKU_KOPI_GAYO,Food & Beverage,220000,0,97,0,97
2023-07-23,Jakarta,SKU_BATIK_TULIS,Fashion Premium,1200000,0,23,0,23
2023-07-23,Surabaya,SKU_HIJAB_INSTAN,Fashion,65000,0,131,0,131
2023-07-23,Surabaya,SKU_KOPI_GAYO,Food & Beverage,220000,0,47,0,47
2023-07-23,Surabaya,SKU_BATIK_TULIS,Fashion Premium,1200000,0,14,0,14
2023-07-23,Medan,SKU_HIJAB_INSTAN,Fashion,65000,0,62,0,62
2023-07-23,Medan,SKU_KOPI_GAYO,Food & Beverage,220000,0,47,0,47
2023-07-23,Medan,SKU_BATIK_TULIS,Fashion Premium,1200000,0,7,0,7
2023-07-23,Makassar,SKU_HIJAB_INSTAN,Fashion,65000,0,18,0,18
2023-07-23,Makassar,SKU_KOPI_GAYO,Food & Beverage,220000,0,10,0,10
2023-07-23,Makassar,SKU_BATIK_TULIS,Fashion Premium,1200000,0,4,0,4
2023-07-24,Jakarta,SKU_HIJAB_INSTAN,Fashion,65000,0,158,0,158
2023-07-24,Jakarta,SKU_KOPI_GAYO,Food & Beverage,220000,0,86,0,86
2023-07-24,Jakarta,SKU_BATIK_TULIS,Fashion Premium,1200000,0,12,0,12
2023-07-24,Surabaya,SKU_HIJAB_INSTAN,Fashion,65000,0,85,0,85
2023-07-24,Surabaya,SKU_KOPI_GAYO,Food & Beverage,220000,0,45,0,45
2023-07-24,Surabaya,SKU_BATIK_TULIS,Fashion Premium,1200000,0,7,0,7
2023-07-24,Medan,SKU_HIJAB_INSTAN,Fashion,65000,0,53,0,53
2023-07-24,Medan,SKU_KOPI_GAYO,Food & Beverage,220000,0,41,0,41
2023-07-24,Medan,SKU_BATIK_TULIS,Fashion Premium,1200000,0,4,0,4
2023-07-24,Makassar,SKU_HIJAB_INSTAN,Fashion,65000,0,32,0,32
2023-07-24,Makassar,SKU_KOPI_GAYO,Food & Beverage,220000,0,25,0,25
2023-07-24,Makassar,SKU_BATIK_TULIS,Fashion Premium,1200000,0,4,0,4
2023-07-25,Jakarta,SKU_HIJAB_INSTAN,Fashion,65000,0,171,0,171
2023-07-25,Jakarta,SKU_KOPI_GAYO,Food & Beverage,220000,0,84,0,84
2023-07-25,Jakarta,SKU_BATIK_TULIS,Fashion Premium,960000,1,27,0,27
2023-07-25,Surabaya,SKU_HIJAB_INSTAN,Fashion,65000,0,114,0,114
2023-07-25,Surabaya,SKU_KOPI_GAYO,Food & Beverage,176000,1,78,0,78
2023-07-25,Surabaya,SKU_BATIK_TULIS,Fashion Premium,1200000,0,10,0,10
2023-07-25,Medan,SKU_HIJAB_INSTAN,Fashion,65000,0,63,0,63
2023-07-25,Medan,SKU_KOPI_GAYO,Food & Beverage,176000,1,49,0,49
2023-07-25,Medan,SKU_BATIK_TULIS,Fashion Premium,1200000,0,7,0,7
2023-07-25,Makassar,SKU_HIJAB_INSTAN,Fashion,52000,1,49,0,49
2023-07-25,Makassar,SKU_KOPI_GAYO,Food & Beverage,176000,1,49,0,49
2023-07-25,Makassar,SKU_BATIK_TULIS,Fashion Premium,960000,1,7,0,7
2023-07-26,Jakarta,SKU_HIJAB_INSTAN,Fashion,65000,0,182,0,182
2023-07-26,Jakarta,SKU_KOPI_GAYO,Food & Beverage,220000,0,88,0,88
2023-07-26,Jakarta,SKU_BATIK_TULIS,Fashion Premium,960000,1,29,0,29
2023-07-26,Surabaya,SKU_HIJAB_INSTAN,Fashion,65000,0,107,0,107
2023-07-26,Surabaya,SKU_KOPI_GAYO,Food & Beverage,176000,1,85,0,85
2023-07-26,Surabaya,SKU_BATIK_TULIS,Fashion Premium,1200000,0,11,0,11
2023-07-26,Medan,SKU_HIJAB_INSTAN,Fashion,52000,1,106,0,106
2023-07-26,Medan,SKU_KOPI_GAYO,Food & Beverage,220000,0,33,0,33
2023-07-26,Medan,SKU_BATIK_TULIS,Fashion Premium,1200000,0,6,0,6
2023-07-26,Makassar,SKU_HIJAB_INSTAN,Fashion,52000,1,77,0,77
2023-07-26,Makassar,SKU_KOPI_GAYO,Food & Beverage,220000,0,14,0,14
2023-07-26,Makassar,SKU_BATIK_TULIS,Fashion Premium,1200000,0,5,0,5
2023-07-27,Jakarta,SKU_HIJAB_INSTAN,Fashion,52000,1,264,0,264
2023-07-27,Jakarta,SKU_KOPI_GAYO,Food & Beverage,220000,0,96,0,96
2023-07-27,Jakarta,SKU_BATIK_TULIS,Fashion Premium,1200000,0,26,0,26
2023-07-27,Surabaya,SKU_HIJAB_INSTAN,Fashion,52000,1,170,0,170
2023-07-27,Surabaya,SKU_KOPI_GAYO,Food & Beverage,220000,0,49,0,49
2023-07-27,Surabaya,SKU_BATIK_TULIS,Fashion Premium,960000,1,12,0,12
2023-07-27,Medan,SKU_HIJAB_INSTAN,Fashion,65000,0,48,0,48
2023-07-27,Medan,SKU_KOPI_GAYO,Food & Beverage,176000,1,55,0,55
2023-07-27,Medan,SKU_BATIK_TULIS,Fashion Premium,1200000,0,6,0,6
2023-07-27,Makassar,SKU_HIJAB_INSTAN,Fashion,65000,0,24,0,24
2023-07-27,Makassar,SKU_KOPI_GAYO,Food & Beverage,220000,0,17,0,17
2023-07-27,Makassar,SKU_BATIK_TULIS,Fashion Premium,1200000,0,3,0,3
2023-07-28,Jakarta,SKU_HIJAB_INSTAN,Fashion,52000,1,263,0,263
2023-07-28,Jakarta,SKU_KOPI_GAYO,Food & Beverage,220000,0,97,0,97
2023-07-28,Jakarta,SKU_BATIK_TULIS,Fashion Premium,1200000,0,25,0,25
2023-07-28,Surabaya,SKU_HIJAB_INSTAN,Fashion,52000,1,164,0,164
2023-07-28,Surabaya,SKU_KOPI_GAYO,Food & Beverage,176000,1,56,0,56
2023-07-28,Surabaya,SKU_BATIK_TULIS,Fashion Premium,960000,1,16,0,16
2023-07-28,Medan,SKU_HIJAB_INSTAN,Fashion,65000,0,83,0,83
2023-07-28,Medan,SKU_KOPI_GAYO,Food & Beverage,220000,0,46,0,46
2023-07-28,Medan,SKU_BATIK_TULIS,Fashion Premium,960000,1,14,0,14
2023-07-28,Makassar,SKU_HIJAB_INSTAN,Fashion,52000,1,75,0,75
2023-07-28,Makassar,SKU_KOPI_GAYO,Food & Beverage,220000,0,26,0,26
2023-07-28,Makassar,SKU_BATIK_TULIS,Fashion Premium,960000,1,12,0,12
2023-07-29,Jakarta,SKU_HIJAB_INSTAN,Fashion,65000,0,192,0,192
2023-07-29,Jakarta,SKU_KOPI_GAYO,Food & Beverage,220000,0,86,0,86
2023-07-29,Jakarta,SKU_BATIK_TULIS,Fashion Premium,1200000,0,20,0,20
2023-07-29,Surabaya,SKU_HIJAB_INSTAN,Fashion,65000,0,116,0,116
2023-07-29,Surabaya,SKU_KOPI_GAYO,Food & Beverage,220000,0,60,0,60
2023-07-29,Surabaya,SKU_BATIK_TULIS,Fashion Premium,1200000,0,15,0,15
2023-07-29,Medan,SKU_HIJAB_INSTAN,Fashion,65000,0,59,0,59
2023-07-29,Medan,SKU_KOPI_GAYO,Food & Beverage,220000,0,28,0,28
2023-07-29,Medan,SKU_BATIK_TULIS,Fashion Premium,1200000,0,9,0,9
2023-07-29,Makassar,SKU_HIJAB_INSTAN,Fashion,65000,0,32,0,32
2023-07-29,Makassar,SKU_KOPI_GAYO,Food & Beverage,220000,0,15,0,15
2023-07-29,Makassar,SKU_BATIK_TULIS,Fashion Premium,1200000,0,2,0,2
2023-07-30,Jakarta,SKU_HIJAB_INSTAN,Fashion,65000,0,185,0,185
2023-07-30,Jakarta,SKU_KOPI_GAYO,Food & Beverage,220000,0,101,0,101
2023-07-30,Jakarta,SKU_BATIK_TULIS,Fashion Premium,1200000,0,19,0,19
2023-07-30,Surabaya,SKU_HIJAB_INSTAN,Fashion,65000,0,108,0,108
2023-07-30,Surabaya,SKU_KOPI_GAYO,Food & Beverage,220000,0,58,0,58
2023-07-30,Surabaya,SKU_BATIK_TULIS,Fashion Premium,1200000,0,10,0,10
2023-07-30,Medan,SKU_HIJAB_INSTAN,Fashion,65000,0,74,0,74
2023-07-30,Medan,SKU_KOPI_GAYO,Food & Beverage,220000,0,43,0,43
2023-07-30,Medan,SKU_BATIK_TULIS,Fashion Premium,1200000,0,7,0,7
2023-07-30,Makassar,SKU_HIJAB_INSTAN,Fashion,65000,0,39,0,39
2023-07-30,Makassar,SKU_KOPI_GAYO,Food & Beverage,220000,0,24,0,24
2023-07-30,Makassar,SKU_BATIK_TULIS,Fashion Premium,1200000,0,8,0,8
2023-07-31,Jakarta,SKU_HIJAB_INSTAN,Fashion,65000,0,151,0,151
2023-07-31,Jakarta,SKU_KOPI_GAYO,Food & Beverage,220000,0,77,0,77
2023-07-31,Jakarta,SKU_BATIK_TULIS,Fashion Premium,1200000,0,12,0,12
2023-07-31,Surabaya,SKU_HIJAB_INSTAN,Fashion,65000,0,81,0,81
2023-07-31,Surabaya,SKU_KOPI_GAYO,Food & Beverage,220000,0,40,0,40
2023-07-31,Surabaya,SKU_BATIK_TULIS,Fashion Premium,1200000,0,10,0,10
2023-07-31,Medan,SKU_HIJAB_INSTAN,Fashion,65000,0,70,0,70
2023-07-31,Medan,SKU_KOPI_GAYO,Food & Beverage,220000,0,25,0,25
2023-07-31,Medan,SKU_BATIK_TULIS,Fashion Premium,1200000,0,4,0,4
2023-07-31,Makassar,SKU_HIJAB_INSTAN,Fashion,65000,0,30,0,30
2023-07-31,Makassar,SKU_KOPI_GAYO,Food & Beverage,220000,0,23,0,23
2023-07-31,Makassar,SKU_BATIK_TULIS,Fashion Premium,1200000,0,3,0,3
2023-08-01,Jakarta,SKU_HIJAB_INSTAN,Fashion,65000,0,160,0,160
2023-08-01,Jakarta,SKU_KOPI_GAYO,Food & Beverage,220000,0,84,0,84
2023-08-01,Jakarta,SKU_BATIK_TULIS,Fashion Premium,1200000,0,13,0,13
2023-08-01,Surabaya,SKU_HIJAB_INSTAN,Fashion,65000,0,94,0,94
2023-08-01,Surabaya,SKU_KOPI_GAYO,Food & Beverage,220000,0,49,0,49
2023-08-01,Surabaya,SKU_BATIK_TULIS,Fashion Premium,1200000,0,7,0,7
2023-08-01,Medan,SKU_HIJAB_INSTAN,Fashion,65000,0,83,0,83
2023-08-01,Medan,SKU_KOPI_GAYO,Food & Beverage,220000,0,29,0,29
2023-08-01,Medan,SKU_BATIK_TULIS,Fashion Premium,1200000,0,4,0,4
2023-08-01,Makassar,SKU_HIJAB_INSTAN,Fashion,65000,0,25,0,25
2023-08-01,Makassar,SKU_KOPI_GAYO,Food & Beverage,220000,0,14,0,14
2023-08-01,Makassar,SKU_BATIK_TULIS,Fashion Premium,1200000,0,2,0,2
2023-08-02,Jakarta,SKU_HIJAB_INSTAN,Fashion,65000,0,157,0,157
2023-08-02,Jakarta,SKU_KOPI_GAYO,Food & Beverage,220000,0,84,0,84
2023-08-02,Jakarta,SKU_BATIK_TULIS,Fashion Premium,1200000,0,16,0,16
2023-08-02,Surabaya,SKU_HIJAB_INSTAN,Fashion,65000,0,97,0,97
2023-08-02,Surabaya,SKU_KOPI_GAYO,Food & Beverage,220000,0,53,0,53
2023-08-02,Surabaya,SKU_BATIK_TULIS,Fashion Premium,1200000,0,10,0,10
2023-08-02,Medan,SKU_HIJAB_INSTAN,Fashion,65000,0,70,0,70
2023-08-02,Medan,SKU_KOPI_GAYO,Food & Beverage,220000,0,38,0,38
2023-08-02,Medan,SKU_BATIK_TULIS,Fashion Premium,1200000,0,5,0,5
2023-08-02,Makassar,SKU_HIJAB_INSTAN,Fashion,65000,0,23,0,23
2023-08-02,Makassar,SKU_KOPI_GAYO,Food & Beverage,220000,0,23,0,23
2023-08-02,Makassar,SKU_BATIK_TULIS,Fashion Premium,1200000,0,2,0,2
2023-08-03,Jakarta,SKU_HIJAB_INSTAN,Fashion,65000,0,164,0,164
2023-08-03,Jakarta,SKU_KOPI_GAYO,Food & Beverage,220000,0,84,0,84
2023-08-03,Jakarta,SKU_BATIK_TULIS,Fashion Premium,1200000,0,21,0,21
2023-08-03,Surabaya,SKU_HIJAB_INSTAN,Fashion,65000,0,88,0,88
2023-08-03,Surabaya,SKU_KOPI_GAYO,Food & Beverage,220000,0,45,0,45
2023-08-03,Surabaya,SKU_BATIK_TULIS,Fashion Premium,1200000,0,10,0,10
2023-08-03,Medan,SKU_HIJAB_INSTAN,Fashion,65000,0,63,0,63
2023-08-03,Medan,SKU_KOPI_GAYO,Food & Beverage,220000,0,26,0,26
2023-08-03,Medan,SKU_BATIK_TULIS,Fashion Premium,1200000,0,7,0,7
2023-08-03,Makassar,SKU_HIJAB_INSTAN,Fashion,65000,0,33,0,33
2023-08-03,Makassar,SKU_KOPI_GAYO,Food & Beverage,220000,0,13,0,13
2023-08-03,Makassar,SKU_BATIK_TULIS,Fashion Premium,1200000,0,3,0,3
2023-08-04,Jakarta,SKU_HIJAB_INSTAN,Fashion,65000,0,164,0,164
2023-08-04,Jakarta,SKU_KOPI_GAYO,Food & Beverage,220000,0,81,0,81
2023-08-04,Jakarta,SKU_BATIK_TULIS,Fashion Premium,1200000,0,20,0,20
2023-08-04,Surabaya,SKU_HIJAB_INSTAN,Fashion,65000,0,91,0,91
2023-08-04,Surabaya,SKU_KOPI_GAYO,Food & Beverage,220000,0,44,0,44
2023-08-04,Surabaya,SKU_BATIK_TULIS,Fashion Premium,1200000,0,9,1,0
2023-08-04,Medan,SKU_HIJAB_INSTAN,Fashion,65000,0,73,0,73
2023-08-04,Medan,SKU_KOPI_GAYO,Food & Beverage,220000,0,32,0,32
2023-08-04,Medan,SKU_BATIK_TULIS,Fashion Premium,1200000,0,10,0,10
2023-08-04,Makassar,SKU_HIJAB_INSTAN,Fashion,65000,0,7,0,7
2023-08-04,Makassar,SKU_KOPI_GAYO,Food & Beverage,220000,0,15,0,15
2023-08-04,Makassar,SKU_BATIK_TULIS,Fashion Premium,1200000,0,4,0,4
2023-08-05,Jakarta,SKU_HIJAB_INSTAN,Fashion,65000,0,185,0,185
2023-08-05,Jakarta,SKU_KOPI_GAYO,Food & Beverage,220000,0,92,0,92
2023-08-05,Jakarta,SKU_BATIK_TULIS,Fashion Premium,1200000,0,20,0,20
2023-08-05,Surabaya,SKU_HIJAB_INSTAN,Fashion,65000,0,110,0,110
2023-08-05,Surabaya,SKU_KOPI_GAYO,Food & Beverage,220000,0,49,0,49
2023-08-05,Surabaya,SKU_BATIK_TULIS,Fashion Premium,1200000,0,16,0,16
2023-08-05,Medan,SKU_HIJAB_INSTAN,Fashion,65000,0,80,0,80
2023-08-05,Medan,SKU_KOPI_GAYO,Food & Beverage,220000,0,42,0,42
2023-08-05,Medan,SKU_BATIK_TULIS,Fashion Premium,1200000,0,11,0,11
2023-08-05,Makassar,SKU_HIJAB_INSTAN,Fashion,65000,0,31,0,31
2023-08-05,Makassar,SKU_KOPI_GAYO,Food & Beverage,220000,0,19,0,19
2023-08-05,Makassar,SKU_BATIK_TULIS,Fashion Premium,1200000,0,2,0,2
2023-08-06,Jakarta,SKU_HIJAB_INSTAN,Fashion,65000,0,191,0,191
2023-08-06,Jakarta,SKU_KOPI_GAYO,Food & Beverage,220000,0,93,0,93
2023-08-06,Jakarta,SKU_BATIK_TULIS,Fashion Premium,1200000,0,22,0,22
2023-08-06,Surabaya,SKU_HIJAB_INSTAN,Fashion,65000,0,103,0,103
2023-08-06,Surabaya,SKU_KOPI_GAYO,Food & Beverage,220000,0,67,0,67
2023-08-06,Surabaya,SKU_BATIK_TULIS,Fashion Premium,1200000,0,13,0,13
2023-08-06,Medan,SKU_HIJAB_INSTAN,Fashion,65000,0,117,0,117
2023-08-06,Medan,SKU_KOPI_GAYO,Food & Beverage,220000,0,28,0,28
2023-08-06,Medan,SKU_BATIK_TULIS,Fashion Premium,1200000,0,9,0,9
2023-08-06,Makassar,SKU_HIJAB_INSTAN,Fashion,65000,0,51,0,51
2023-08-06,Makassar,SKU_KOPI_GAYO,Food & Beverage,220000,0,10,0,10
2023-08-06,Makassar,SKU_BATIK_TULIS,Fashion Premium,1200000,0,3,0,3
2023-08-07,Jakarta,SKU_HIJAB_INSTAN,Fashion,65000,0,134,0,134
2023-08-07,Jakarta,SKU_KOPI_GAYO,Food & Beverage,220000,0,90,0,90
2023-08-07,Jakarta,SKU_BATIK_TULIS,Fashion Premium,1200000,0,13,0,13
2023-08-07,Surabaya,SKU_HIJAB_INSTAN,Fashion,65000,0,80,0,80
2023-08-07,Surabaya,SKU_KOPI_GAYO,Food & Beverage,220000,0,55,0,55
2023-08-07,Surabaya,SKU_BATIK_TULIS,Fashion Premium,1200000,0,8,0,8
2023-08-07,Medan,SKU_HIJAB_INSTAN,Fashion,65000,0,70,0,70
2023-08-07,Medan,SKU_KOPI_GAYO,Food & Beverage,220000,0,35,0,35
2023-08-07,Medan,SKU_BATIK_TULIS,Fashion Premium,1200000,0,4,0,4
2023-08-07,Makassar,SKU_HIJAB_INSTAN,Fashion,65000,0,23,0,23
2023-08-07,Makassar,SKU_KOPI_GAYO,Food & Beverage,220000,0,11,0,11
2023-08-07,Makassar,SKU_BATIK_TULIS,Fashion Premium,1200000,0,2,0,2
2023-08-08,Jakarta,SKU_HIJAB_INSTAN,Fashion,65000,0,135,0,135
2023-08-08,Jakarta,SKU_KOPI_GAYO,Food & Beverage,220000,0,96,0,96
2023-08-08,Jakarta,SKU_BATIK_TULIS,Fashion Premium,1200000,0,15,0,15
2023-08-08,Surabaya,SKU_HIJAB_INSTAN,Fashion,65000,0,98,0,98
2023-08-08,Surabaya,SKU_KOPI_GAYO,Food & Beverage,220000,0,57,0,57
2023-08-08,Surabaya,SKU_BATIK_TULIS,Fashion Premium,1200000,0,8,0,8
2023-08-08,Medan,SKU_HIJAB_INSTAN,Fashion,65000,0,45,0,45
2023-08-08,Medan,SKU_KOPI_GAYO,Food & Beverage,220000,0,38,0,38
2023-08-08,Medan,SKU_BATIK_TULIS,Fashion Premium,1200000,0,4,0,4
2023-08-08,Makassar,SKU_HIJAB_INSTAN,Fashion,65000,0,39,0,39
2023-08-08,Makassar,SKU_KOPI_GAYO,Food & Beverage,220000,0,6,0,6
2023-08-08,Makassar,SKU_BATIK_TULIS,Fashion Premium,1200000,0,2,0,2
2023-08-09,Jakarta,SKU_HIJAB_INSTAN,Fashion,65000,0,152,0,152
2023-08-09,Jakarta,SKU_KOPI_GAYO,Food & Beverage,220000,0,88,0,88
2023-08-09,Jakarta,SKU_BATIK_TULIS,Fashion Premium,1200000,0,18,0,18
2023-08-09,Surabaya,SKU_HIJAB_INSTAN,Fashion,65000,0,101,0,101
2023-08-09,Surabaya,SKU_KOPI_GAYO,Food & Beverage,220000,0,46,0,46
2023-08-09,Surabaya,SKU_BATIK_TULIS,Fashion Premium,1200000,0,10,0,10
2023-08-09,Medan,SKU_HIJAB_INSTAN,Fashion,65000,0,45,0,45
2023-08-09,Medan,SKU_KOPI_GAYO,Food & Beverage,220000,0,27,0,27
2023-08-09,Medan,SKU_BATIK_TULIS,Fashion Premium,1200000,0,6,0,6
2023-08-09,Makassar,SKU_HIJAB_INSTAN,Fashion,65000,0,41,0,41
2023-08-09,Makassar,SKU_KOPI_GAYO,Food & Beverage,220000,0,15,0,15
2023-08-09,Makassar,SKU_BATIK_TULIS,Fashion Premium,1200000,0,2,0,2
2023-08-10,Jakarta,SKU_HIJAB_INSTAN,Fashion,65000,0,162,0,162
2023-08-10,Jakarta,SKU_KOPI_GAYO,Food & Beverage,220000,0,93,0,93
2023-08-10,Jakarta,SKU_BATIK_TULIS,Fashion Premium,1200000,0,17,0,17
2023-08-10,Surabaya,SKU_HIJAB_INSTAN,Fashion,65000,0,86,0,86
2023-08-10,Surabaya,SKU_KOPI_GAYO,Food & Beverage,220000,0,49,0,49
2023-08-10,Surabaya,SKU_BATIK_TULIS,Fashion Premium,1200000,0,12,0,12
2023-08-10,Medan,SKU_HIJAB_INSTAN,Fashion,65000,0,57,0,57
2023-08-10,Medan,SKU_KOPI_GAYO,Food & Beverage,220000,0,32,0,32
2023-08-10,Medan,SKU_BATIK_TULIS,Fashion Premium,1200000,0,5,0,5
2023-08-10,Makassar,SKU_HIJAB_INSTAN,Fashion,65000,0,30,0,30
2023-08-10,Makassar,SKU_KOPI_GAYO,Food & Beverage,220000,0,18,0,18
2023-08-10,Makassar,SKU_BATIK_TULIS,Fashion Premium,1200000,0,2,1,0
2023-08-11,Jakarta,SKU_HIJAB_INSTAN,Fashion,65000,0,191,0,191
2023-08-11,Jakarta,SKU_KOPI_GAYO,Food & Beverage,220000,0,90,0,90
2023-08-11,Jakarta,SKU_BATIK_TULIS,Fashion Premium,1200000,0,20,0,20
2023-08-11,Surabaya,SKU_HIJAB_INSTAN,Fashion,65000,0,108,0,108
2023-08-11,Surabaya,SKU_KOPI_GAYO,Food & Beverage,220000,0,57,0,57
2023-08-11,Surabaya,SKU_BATIK_TULIS,Fashion Premium,1200000,0,9,0,9
2023-08-11,Medan,SKU_HIJAB_INSTAN,Fashion,65000,0,74,0,74
2023-08-11,Medan,SKU_KOPI_GAYO,Food & Beverage,220000,0,44,0,44
2023-08-11,Medan,SKU_BATIK_TULIS,Fashion Premium,1200000,0,7,0,7
2023-08-11,Makassar,SKU_HIJAB_INSTAN,Fashion,65000,0,28,0,28
2023-08-11,Makassar,SKU_KOPI_GAYO,Food & Beverage,220000,0,15,0,15
2023-08-11,Makassar,SKU_BATIK_TULIS,Fashion Premium,1200000,0,5,0,5
2023-08-12,Jakarta,SKU_HIJAB_INSTAN,Fashion,65000,0,179,0,179
2023-08-12,Jakarta,SKU_KOPI_GAYO,Food & Beverage,220000,0,95,0,95
2023-08-12,Jakarta,SKU_BATIK_TULIS,Fashion Premium,1200000,0,23,0,23
2023-08-12,Surabaya,SKU_HIJAB_INSTAN,Fashion,65000,0,143,0,143
2023-08-12,Surabaya,SKU_KOPI_GAYO,Food & Beverage,220000,0,53,0,53
2023-08-12,Surabaya,SKU_BATIK_TULIS,Fashion Premium,1200000,0,10,0,10
2023-08-12,Medan,SKU_HIJAB_INSTAN,Fashion,65000,0,88,0,88
2023-08-12,Medan,SKU_KOPI_GAYO,Food & Beverage,220000,0,39,0,39
2023-08-12,Medan,SKU_BATIK_TULIS,Fashion Premium,1200000,0,9,0,9
2023-08-12,Makassar,SKU_HIJAB_INSTAN,Fashion,65000,0,57,0,57
2023-08-12,Makassar,SKU_KOPI_GAYO,Food & Beverage,220000,0,6,0,6
2023-08-12,Makassar,SKU_BATIK_TULIS,Fashion Premium,1200000,0,3,0,3
2023-08-13,Jakarta,SKU_HIJAB_INSTAN,Fashion,65000,0,185,0,185
2023-08-13,Jakarta,SKU_KOPI_GAYO,Food & Beverage,220000,0,91,0,91
2023-08-13,Jakarta,SKU_BATIK_TULIS,Fashion Premium,1200000,0,21,0,21
2023-08-13,Surabaya,SKU_HIJAB_INSTAN,Fashion,65000,0,89,0,89
2023-08-13,Surabaya,SKU_KOPI_GAYO,Food & Beverage,220000,0,50,0,50
2023-08-13,Surabaya,SKU_BATIK_TULIS,Fashion Premium,1200000,0,16,0,16
2023-08-13,Medan,SKU_HIJAB_INSTAN,Fashion,65000,0,58,0,58
2023-08-13,Medan,SKU_KOPI_GAYO,Food & Beverage,220000,0,35,0,35
2023-08-13,Medan,SKU_BATIK_TULIS,Fashion Premium,1200000,0,9,0,9
2023-08-13,Makassar,SKU_HIJAB_INSTAN,Fashion,65000,0,48,0,48
2023-08-13,Makassar,SKU_KOPI_GAYO,Food & Beverage,220000,0,22,0,22
2023-08-13,Makassar,SKU_BATIK_TULIS,Fashion Premium,1200000,0,3,0,3
2023-08-14,Jakarta,SKU_HIJAB_INSTAN,Fashion,65000,0,140,0,140
2023-08-14,Jakarta,SKU_KOPI_GAYO,Food & Beverage,220000,0,93,0,93
2023-08-14,Jakarta,SKU_BATIK_TULIS,Fashion Premium,1200000,0,15,0,15
2023-08-14,Surabaya,SKU_HIJAB_INSTAN,Fashion,65000,0,91,0,91
2023-08-14,Surabaya,SKU_KOPI_GAYO,Food & Beverage,220000,0,58,0,58
2023-08-14,Surabaya,SKU_BATIK_TULIS,Fashion Premium,1200000,0,6,0,6
2023-08-14,Medan,SKU_HIJAB_INSTAN,Fashion,65000,0,44,0,44
2023-08-14,Medan,SKU_KOPI_GAYO,Food & Beverage,220000,0,18,0,18
2023-08-14,Medan,SKU_BATIK_TULIS,Fashion Premium,1200000,0,5,1,0
2023-08-14,Makassar,SKU_HIJAB_INSTAN,Fashion,65000,0,32,0,32
2023-08-14,Makassar,SKU_KOPI_GAYO,Food & Beverage,220000,0,7,0,7
2023-08-14,Makassar,SKU_BATIK_TULIS,Fashion Premium,1200000,0,3,0,3
2023-08-15,Jakarta,SKU_HIJAB_INSTAN,Fashion,65000,0,132,0,132
2023-08-15,Jakarta,SKU_KOPI_GAYO,Food & Beverage,220000,0,85,0,85
2023-08-15,Jakarta,SKU_BATIK_TULIS,Fashion Premium,1200000,0,15,0,15
2023-08-15,Surabaya,SKU_HIJAB_INSTAN,Fashion,65000,0,94,0,94
2023-08-15,Surabaya,SKU_KOPI_GAYO,Food & Beverage,220000,0,39,0,39
2023-08-15,Surabaya,SKU_BATIK_TULIS,Fashion Premium,1200000,0,10,0,10
2023-08-15,Medan,SKU_HIJAB_INSTAN,Fashion,65000,0,55,0,55
2023-08-15,Medan,SKU_KOPI_GAYO,Food & Beverage,220000,0,29,0,29
2023-08-15,Medan,SKU_BATIK_TULIS,Fashion Premium,1200000,0,5,0,5
2023-08-15,Makassar,SKU_HIJAB_INSTAN,Fashion,65000,0,39,0,39
2023-08-15,Makassar,SKU_KOPI_GAYO,Food & Beverage,220000,0,12,0,12
2023-08-15,Makassar,SKU_BATIK_TULIS,Fashion Premium,1200000,0,2,0,2
2023-08-16,Jakarta,SKU_HIJAB_INSTAN,Fashion,65000,0,173,0,173
2023-08-16,Jakarta,SKU_KOPI_GAYO,Food & Beverage,220000,0,83,0,83
2023-08-16,Jakarta,SKU_BATIK_TULIS,Fashion Premium,1200000,0,17,0,17
2023-08-16,Surabaya,SKU_HIJAB_INSTAN,Fashion,65000,0,96,1,0
2023-08-16,Surabaya,SKU_KOPI_GAYO,Food & Beverage,220000,0,45,0,45
2023-08-16,Surabaya,SKU_BATIK_TULIS,Fashion Premium,1200000,0,7,0,7
2023-08-16,Medan,SKU_HIJAB_INSTAN,Fashion,65000,0,65,0,65
2023-08-16,Medan,SKU_KOPI_GAYO,Food & Beverage,220000,0,31,0,31
2023-08-16,Medan,SKU_BATIK_TULIS,Fashion Premium,1200000,0,7,0,7
2023-08-16,Makassar,SKU_HIJAB_INSTAN,Fashion,65000,0,24,0,24
2023-08-16,Makassar,SKU_KOPI_GAYO,Food & Beverage,220000,0,19,0,19
2023-08-16,Makassar,SKU_BATIK_TULIS,Fashion Premium,1200000,0,3,0,3
2023-08-17,Jakarta,SKU_HIJAB_INSTAN,Fashion,65000,0,155,0,155
2023-08-17,Jakarta,SKU_KOPI_GAYO,Food & Beverage,220000,0,82,0,82
2023-08-17,Jakarta,SKU_BATIK_TULIS,Fashion Premium,1200000,0,16,0,16
2023-08-17,Surabaya,SKU_HIJAB_INSTAN,Fashion,65000,0,123,0,123
2023-08-17,Surabaya,SKU_KOPI_GAYO,Food & Beverage,220000,0,54,0,54
2023-08-17,Surabaya,SKU_BATIK_TULIS,Fashion Premium,1200000,0,8,0,8
2023-08-17,Medan,SKU_HIJAB_INSTAN,Fashion,65000,0,89,0,89
2023-08-17,Medan,SKU_KOPI_GAYO,Food & Beverage,220000,0,26,0,26
2023-08-17,Medan,SKU_BATIK_TULIS,Fashion Premium,1200000,0,6,0,6
2023-08-17,Makassar,SKU_HIJAB_INSTAN,Fashion,65000,0,29,0,29
2023-08-17,Makassar,SKU_KOPI_GAYO,Food & Beverage,220000,0,17,0,17
2023-08-17,Makassar,SKU_BATIK_TULIS,Fashion Premium,1200000,0,4,0,4
2023-08-18,Jakarta,SKU_HIJAB_INSTAN,Fashion,65000,0,148,0,148
2023-08-18,Jakarta,SKU_KOPI_GAYO,Food & Beverage,220000,0,89,0,89
2023-08-18,Jakarta,SKU_BATIK_TULIS,Fashion Premium,1200000,0,20,0,20
2023-08-18,Surabaya,SKU_HIJAB_INSTAN,Fashion,65000,0,107,0,107
2023-08-18,Surabaya,SKU_KOPI_GAYO,Food & Beverage,220000,0,51,0,51
2023-08-18,Surabaya,SKU_BATIK_TULIS,Fashion Premium,1200000,0,11,0,11
2023-08-18,Medan,SKU_HIJAB_INSTAN,Fashion,65000,0,68,0,68
2023-08-18,Medan,SKU_KOPI_GAYO,Food & Beverage,220000,0,47,1,0
2023-08-18,Medan,SKU_BATIK_TULIS,Fashion Premium,1200000,0,7,0,7
2023-08-18,Makassar,SKU_HIJAB_INSTAN,Fashion,65000,0,50,0,50
2023-08-18,Makassar,SKU_KOPI_GAYO,Food & Beverage,220000,0,18,0,18
2023-08-18,Makassar,SKU_BATIK_TULIS,Fashion Premium,1200000,0,4,0,4
2023-08-19,Jakarta,SKU_HIJAB_INSTAN,Fashion,65000,0,198,0,198
2023-08-19,Jakarta,SKU_KOPI_GAYO,Food & Beverage,220000,0,95,0,95
2023-08-19,Jakarta,SKU_BATIK_TULIS,Fashion Premium,1200000,0,23,0,23
2023-08-19,Surabaya,SKU_HIJAB_INSTAN,Fashion,65000,0,133,0,133
2023-08-19,Surabaya,SKU_KOPI_GAYO,Food & Beverage,220000,0,58,0,58
2023-08-19,Surabaya,SKU_BATIK_TULIS,Fashion Premium,1200000,0,12,0,12
2023-08-19,Medan,SKU_HIJAB_INSTAN,Fashion,65000,0,44,0,44
2023-08-19,Medan,SKU_KOPI_GAYO,Food & Beverage,220000,0,48,0,48
2023-08-19,Medan,SKU_BATIK_TULIS,Fashion Premium,1200000,0,9,0,9
2023-08-19,Makassar,SKU_HIJAB_INSTAN,Fashion,65000,0,17,0,17
2023-08-19,Makassar,SKU_KOPI_GAYO,Food & Beverage,220000,0,14,0,14
2023-08-19,Makassar,SKU_BATIK_TULIS,Fashion Premium,1200000,0,6,0,6
2023-08-20,Jakarta,SKU_HIJAB_INSTAN,Fashion,65000,0,183,0,183
2023-08-20,Jakarta,SKU_KOPI_GAYO,Food & Beverage,220000,0,89,0,89
2023-08-20,Jakarta,SKU_BATIK_TULIS,Fashion Premium,1200000,0,23,0,23
2023-08-20,Surabaya,SKU_HIJAB_INSTAN,Fashion,65000,0,115,0,115
2023-08-20,Surabaya,SKU_KOPI_GAYO,Food & Beverage,220000,0,58,0,58
2023-08-20,Surabaya,SKU_BATIK_TULIS,Fashion Premium,1200000,0,14,0,14
2023-08-20,Medan,SKU_HIJAB_INSTAN,Fashion,65000,0,63,0,63
2023-08-20,Medan,SKU_KOPI_GAYO,Food & Beverage,220000,0,31,0,31
2023-08-20,Medan,SKU_BATIK_TULIS,Fashion Premium,1200000,0,7,0,7
2023-08-20,Makassar,SKU_HIJAB_INSTAN,Fashion,65000,0,28,0,28
2023-08-20,Makassar,SKU_KOPI_GAYO,Food & Beverage,220000,0,16,0,16
2023-08-20,Makassar,SKU_BATIK_TULIS,Fashion Premium,1200000,0,4,0,4
2023-08-21,Jakarta,SKU_HIJAB_INSTAN,Fashion,65000,0,167,0,167
2023-08-21,Jakarta,SKU_KOPI_GAYO,Food & Beverage,220000,0,84,0,84
2023-08-21,Jakarta,SKU_BATIK_TULIS,Fashion Premium,1200000,0,13,0,13
2023-08-21,Surabaya,SKU_HIJAB_INSTAN,Fashion,65000,0,121,0,121
2023-08-21,Surabaya,SKU_KOPI_GAYO,Food & Beverage,220000,0,42,0,42
2023-08-21,Surabaya,SKU_BATIK_TULIS,Fashion Premium,1200000,0,8,0,8
2023-08-21,Medan,SKU_HIJAB_INSTAN,Fashion,65000,0,81,0,81
2023-08-21,Medan,SKU_KOPI_GAYO,Food & Beverage,220000,0,44,0,44
2023-08-21,Medan,SKU_BATIK_TULIS,Fashion Premium,1200000,0,5,0,5
2023-08-21,Makassar,SKU_HIJAB_INSTAN,Fashion,65000,0,10,0,10
2023-08-21,Makassar,SKU_KOPI_GAYO,Food & Beverage,220000,0,13,0,13
2023-08-21,Makassar,SKU_BATIK_TULIS,Fashion Premium,1200000,0,4,0,4
2023-08-22,Jakarta,SKU_HIJAB_INSTAN,Fashion,65000,0,154,0,154
2023-08-22,Jakarta,SKU_KOPI_GAYO,Food & Beverage,220000,0,87,0,87
2023-08-22,Jakarta,SKU_BATIK_TULIS,Fashion Premium,1200000,0,15,0,15
2023-08-22,Surabaya,SKU_HIJAB_INSTAN,Fashion,65000,0,75,0,75
2023-08-22,Surabaya,SKU_KOPI_GAYO,Food & Beverage,220000,0,50,0,50
2023-08-22,Surabaya,SKU_BATIK_TULIS,Fashion Premium,1200000,0,10,0,10
2023-08-22,Medan,SKU_HIJAB_INSTAN,Fashion,65000,0,54,0,54
2023-08-22,Medan,SKU_KOPI_GAYO,Food & Beverage,220000,0,38,0,38
2023-08-22,Medan,SKU_BATIK_TULIS,Fashion Premium,1200000,0,6,0,6
2023-08-22,Makassar,SKU_HIJAB_INSTAN,Fashion,65000,0,39,0,39
2023-08-22,Makassar,SKU_KOPI_GAYO,Food & Beverage,220000,0,18,0,18
2023-08-22,Makassar,SKU_BATIK_TULIS,Fashion Premium,1200000,0,2,0,2
2023-08-23,Jakarta,SKU_HIJAB_INSTAN,Fashion,65000,0,157,0,157
2023-08-23,Jakarta,SKU_KOPI_GAYO,Food & Beverage,220000,0,82,0,82
2023-08-23,Jakarta,SKU_BATIK_TULIS,Fashion Premium,1200000,0,15,0,15
2023-08-23,Surabaya,SKU_HIJAB_INSTAN,Fashion,65000,0,99,0,99
2023-08-23,Surabaya,SKU_KOPI_GAYO,Food & Beverage,220000,0,63,0,63
2023-08-23,Surabaya,SKU_BATIK_TULIS,Fashion Premium,1200000,0,11,0,11
2023-08-23,Medan,SKU_HIJAB_INSTAN,Fashion,65000,0,79,0,79
2023-08-23,Medan,SKU_KOPI_GAYO,Food & Beverage,220000,0,28,0,28
2023-08-23,Medan,SKU_BATIK_TULIS,Fashion Premium,1200000,0,8,0,8
2023-08-23,Makassar,SKU_HIJAB_INSTAN,Fashion,65000,0,52,0,52
2023-08-23,Makassar,SKU_KOPI_GAYO,Food & Beverage,220000,0,11,0,11
2023-08-23,Makassar,SKU_BATIK_TULIS,Fashion Premium,1200000,0,3,0,3
2023-08-24,Jakarta,SKU_HIJAB_INSTAN,Fashion,65000,0,172,1,0
2023-08-24,Jakarta,SKU_KOPI_GAYO,Food & Beverage,220000,0,84,0,84
2023-08-24,Jakarta,SKU_BATIK_TULIS,Fashion Premium,1200000,0,18,0,18
2023-08-24,Surabaya,SKU_HIJAB_INSTAN,Fashion,65000,0,106,0,106
2023-08-24,Surabaya,SKU_KOPI_GAYO,Food & Beverage,220000,0,50,0,50
2023-08-24,Surabaya,SKU_BATIK_TULIS,Fashion Premium,1200000,0,12,0,12
2023-08-24,Medan,SKU_HIJAB_INSTAN,Fashion,65000,0,49,0,49
2023-08-24,Medan,SKU_KOPI_GAYO,Food & Beverage,220000,0,32,0,32
2023-08-24,Medan,SKU_BATIK_TULIS,Fashion Premium,1200000,0,8,0,8
2023-08-24,Makassar,SKU_HIJAB_INSTAN,Fashion,65000,0,56,0,56
2023-08-24,Makassar,SKU_KOPI_GAYO,Food & Beverage,220000,0,24,0,24
2023-08-24,Makassar,SKU_BATIK_TULIS,Fashion Premium,1200000,0,3,0,3
2023-08-25,Jakarta,SKU_HIJAB_INSTAN,Fashion,52000,1,257,0,257
2023-08-25,Jakarta,SKU_KOPI_GAYO,Food & Beverage,176000,1,128,0,128
2023-08-25,Jakarta,SKU_BATIK_TULIS,Fashion Premium,1200000,0,24,0,24
2023-08-25,Surabaya,SKU_HIJAB_INSTAN,Fashion,65000,0,95,0,95
2023-08-25,Surabaya,SKU_KOPI_GAYO,Food & Beverage,220000,0,61,0,61
2023-08-25,Surabaya,SKU_BATIK_TULIS,Fashion Premium,1200000,0,13,0,13
2023-08-25,Medan,SKU_HIJAB_INSTAN,Fashion,65000,0,72,0,72
2023-08-25,Medan,SKU_KOPI_GAYO,Food & Beverage,220000,0,27,0,27
2023-08-25,Medan,SKU_BATIK_TULIS,Fashion Premium,1200000,0,9,0,9
2023-08-25,Makassar,SKU_HIJAB_INSTAN,Fashion,65000,0,46,0,46
2023-08-25,Makassar,SKU_KOPI_GAYO,Food & Beverage,176000,1,46,0,46
2023-08-25,Makassar,SKU_BATIK_TULIS,Fashion Premium,1200000,0,5,0,5
2023-08-26,Jakarta,SKU_HIJAB_INSTAN,Fashion,65000,0,183,0,183
2023-08-26,Jakarta,SKU_KOPI_GAYO,Food & Beverage,220000,0,98,0,98
2023-08-26,Jakarta,SKU_BATIK_TULIS,Fashion Premium,960000,1,38,0,38
2023-08-26,Surabaya,SKU_HIJAB_INSTAN,Fashion,65000,0,131,0,131
2023-08-26,Surabaya,SKU_KOPI_GAYO,Food & Beverage,176000,1,69,0,69
2023-08-26,Surabaya,SKU_BATIK_TULIS,Fashion Premium,1200000,0,16,0,16
2023-08-26,Medan,SKU_HIJAB_INSTAN,Fashion,52000,1,126,0,126
2023-08-26,Medan,SKU_KOPI_GAYO,Food & Beverage,220000,0,46,0,46
2023-08-26,Medan,SKU_BATIK_TULIS,Fashion Premium,1200000,0,13,0,13
2023-08-26,Makassar,SKU_HIJAB_INSTAN,Fashion,65000,0,2,0,2
2023-08-26,Makassar,SKU_KOPI_GAYO,Food & Beverage,176000,1,27,0,27
2023-08-26,Makassar,SKU_BATIK_TULIS,Fashion Premium,1200000,0,6,0,6
2023-08-27,Jakarta,SKU_HIJAB_INSTAN,Fashion,65000,0,192,0,192
2023-08-27,Jakarta,SKU_KOPI_GAYO,Food & Beverage,176000,1,134,0,134
2023-08-27,Jakarta,SKU_BATIK_TULIS,Fashion Premium,1200000,0,24,0,24
2023-08-27,Surabaya,SKU_HIJAB_INSTAN,Fashion,52000,1,157,0,157
2023-08-27,Surabaya,SKU_KOPI_GAYO,Food & Beverage,220000,0,61,0,61
2023-08-27,Surabaya,SKU_BATIK_TULIS,Fashion Premium,1200000,0,15,0,15
2023-08-27,Medan,SKU_HIJAB_INSTAN,Fashion,52000,1,131,0,131
2023-08-27,Medan,SKU_KOPI_GAYO,Food & Beverage,220000,0,37,0,37
2023-08-27,Medan,SKU_BATIK_TULIS,Fashion Premium,1200000,0,9,0,9
2023-08-27,Makassar,SKU_HIJAB_INSTAN,Fashion,52000,1,57,0,57
2023-08-27,Makassar,SKU_KOPI_GAYO,Food & Beverage,176000,1,55,0,55
2023-08-27,Makassar,SKU_BATIK_TULIS,Fashion Premium,1200000,0,3,0,3
2023-08-28,Jakarta,SKU_HIJAB_INSTAN,Fashion,65000,0,142,0,142
2023-08-28,Jakarta,SKU_KOPI_GAYO,Food & Beverage,220000,0,92,0,92
2023-08-28,Jakarta,SKU_BATIK_TULIS,Fashion Premium,960000,1,25,0,25
2023-08-28,Surabaya,SKU_HIJAB_INSTAN,Fashion,52000,1,151,0,151
2023-08-28,Surabaya,SKU_KOPI_GAYO,Food & Beverage,176000,1,72,0,72
2023-08-28,Surabaya,SKU_BATIK_TULIS,Fashion Premium,1200000,0,10,0,10
2023-08-28,Medan,SKU_HIJAB_INSTAN,Fashion,52000,1,107,1,0
2023-08-28,Medan,SKU_KOPI_GAYO,Food & Beverage,220000,0,28,0,28
2023-08-28,Medan,SKU_BATIK_TULIS,Fashion Premium,960000,1,9,0,9
2023-08-28,Makassar,SKU_HIJAB_INSTAN,Fashion,52000,1,2,0,2
2023-08-28,Makassar,SKU_KOPI_GAYO,Food & Beverage,220000,0,17,0,17
2023-08-28,Makassar,SKU_BATIK_TULIS,Fashion Premium,960000,1,4,0,4
2023-08-29,Jakarta,SKU_HIJAB_INSTAN,Fashion,65000,0,164,0,164
2023-08-29,Jakarta,SKU_KOPI_GAYO,Food & Beverage,220000,0,93,0,93
2023-08-29,Jakarta,SKU_BATIK_TULIS,Fashion Premium,1200000,0,15,0,15
2023-08-29,Surabaya,SKU_HIJAB_INSTAN,Fashion,65000,0,81,0,81
2023-08-29,Surabaya,SKU_KOPI_GAYO,Food & Beverage,220000,0,38,0,38
2023-08-29,Surabaya,SKU_BATIK_TULIS,Fashion Premium,1200000,0,9,0,9
2023-08-29,Medan,SKU_HIJAB_INSTAN,Fashion,65000,0,57,0,57
2023-08-29,Medan,SKU_KOPI_GAYO,Food & Beverage,220000,0,34,0,34
2023-08-29,Medan,SKU_BATIK_TULIS,Fashion Premium,1200000,0,6,0,6
2023-08-29,Makassar,SKU_HIJAB_INSTAN,Fashion,65000,0,15,0,15
2023-08-29,Makassar,SKU_KOPI_GAYO,Food & Beverage,220000,0,15,0,15
2023-08-29,Makassar,SKU_BATIK_TULIS,Fashion Premium,1200000,0,2,0,2
2023-08-30,Jakarta,SKU_HIJAB_INSTAN,Fashion,65000,0,155,0,155
2023-08-30,Jakarta,SKU_KOPI_GAYO,Food & Beverage,220000,0,90,0,90
2023-08-30,Jakarta,SKU_BATIK_TULIS,Fashion Premium,1200000,0,16,0,16
2023-08-30,Surabaya,SKU_HIJAB_INSTAN,Fashion,65000,0,103,0,103
2023-08-30,Surabaya,SKU_KOPI_GAYO,Food & Beverage,220000,0,51,0,51
2023-08-30,Surabaya,SKU_BATIK_TULIS,Fashion Premium,1200000,0,9,0,9
2023-08-30,Medan,SKU_HIJAB_INSTAN,Fashion,65000,0,67,0,67
2023-08-30,Medan,SKU_KOPI_GAYO,Food & Beverage,220000,0,22,0,22
2023-08-30,Medan,SKU_BATIK_TULIS,Fashion Premium,1200000,0,7,0,7
2023-08-30,Makassar,SKU_HIJAB_INSTAN,Fashion,65000,0,21,0,21
2023-08-30,Makassar,SKU_KOPI_GAYO,Food & Beverage,220000,0,20,0,20
2023-08-30,Makassar,SKU_BATIK_TULIS,Fashion Premium,1200000,0,2,0,2
2023-08-31,Jakarta,SKU_HIJAB_INSTAN,Fashion,65000,0,150,0,150
2023-08-31,Jakarta,SKU_KOPI_GAYO,Food & Beverage,220000,0,82,0,82
2023-08-31,Jakarta,SKU_BATIK_TULIS,Fashion Premium,1200000,0,18,0,18
2023-08-31,Surabaya,SKU_HIJAB_INSTAN,Fashion,65000,0,128,0,128
2023-08-31,Surabaya,SKU_KOPI_GAYO,Food & Beverage,220000,0,51,0,51
2023-08-31,Surabaya,SKU_BATIK_TULIS,Fashion Premium,1200000,0,13,0,13
2023-08-31,Medan,SKU_HIJAB_INSTAN,Fashion,65000,0,45,0,45
2023-08-31,Medan,SKU_KOPI_GAYO,Food & Beverage,220000,0,17,0,17
2023-08-31,Medan,SKU_BATIK_TULIS,Fashion Premium,1200000,0,6,0,6
2023-08-31,Makassar,SKU_HIJAB_INSTAN,Fashion,65000,0,32,0,32
2023-08-31,Makassar,SKU_KOPI_GAYO,Food & Beverage,220000,0,20,0,20
2023-08-31,Makassar,SKU_BATIK_TULIS,Fashion Premium,1200000,0,2,0,2
2023-09-01,Jakarta,SKU_HIJAB_INSTAN,Fashion,65000,0,181,0,181
2023-09-01,Jakarta,SKU_KOPI_GAYO,Food & Beverage,220000,0,88,0,88
2023-09-01,Jakarta,SKU_BATIK_TULIS,Fashion Premium,1200000,0,23,0,23
2023-09-01,Surabaya,SKU_HIJAB_INSTAN,Fashion,65000,0,108,0,108
2023-09-01,Surabaya,SKU_KOPI_GAYO,Food & Beverage,220000,0,73,0,73
2023-09-01,Surabaya,SKU_BATIK_TULIS,Fashion Premium,1200000,0,12,0,12
2023-09-01,Medan,SKU_HIJAB_INSTAN,Fashion,65000,0,86,0,86
2023-09-01,Medan,SKU_KOPI_GAYO,Food & Beverage,220000,0,46,0,46
2023-09-01,Medan,SKU_BATIK_TULIS,Fashion Premium,1200000,0,4,0,4
2023-09-01,Makassar,SKU_HIJAB_INSTAN,Fashion,65000,0,45,0,45
2023-09-01,Makassar,SKU_KOPI_GAYO,Food & Beverage,220000,0,8,0,8
2023-09-01,Makassar,SKU_BATIK_TULIS,Fashion Premium,1200000,0,3,0,3
2023-09-02,Jakarta,SKU_HIJAB_INSTAN,Fashion,65000,0,179,0,179
2023-09-02,Jakarta,SKU_KOPI_GAYO,Food & Beverage,220000,0,101,0,101
2023-09-02,Jakarta,SKU_BATIK_TULIS,Fashion Premium,1200000,0,23,0,23
2023-09-02,Surabaya,SKU_HIJAB_INSTAN,Fashion,65000,0,91,0,91
2023-09-02,Surabaya,SKU_KOPI_GAYO,Food & Beverage,220000,0,56,0,56
2023-09-02,Surabaya,SKU_BATIK_TULIS,Fashion Premium,1200000,0,17,0,17
2023-09-02,Medan,SKU_HIJAB_INSTAN,Fashion,65000,0,61,0,61
2023-09-02,Medan,SKU_KOPI_GAYO,Food & Beverage,220000,0,43,0,43
2023-09-02,Medan,SKU_BATIK_TULIS,Fashion Premium,1200000,0,5,0,5
2023-09-02,Makassar,SKU_HIJAB_INSTAN,Fashion,65000,0,62,0,62
2023-09-02,Makassar,SKU_KOPI_GAYO,Food & Beverage,220000,0,21,0,21
2023-09-02,Makassar,SKU_BATIK_TULIS,Fashion Premium,1200000,0,2,0,2
2023-09-03,Jakarta,SKU_HIJAB_INSTAN,Fashion,65000,0,198,0,198
2023-09-03,Jakarta,SKU_KOPI_GAYO,Food & Beverage,220000,0,86,0,86
2023-09-03,Jakarta,SKU_BATIK_TULIS,Fashion Premium,1200000,0,20,0,20
2023-09-03,Surabaya,SKU_HIJAB_INSTAN,Fashion,65000,0,103,0,103
2023-09-03,Surabaya,SKU_KOPI_GAYO,Food & Beverage,220000,0,58,0,58
2023-09-03,Surabaya,SKU_BATIK_TULIS,Fashion Premium,1200000,0,11,0,11
2023-09-03,Medan,SKU_HIJAB_INSTAN,Fashion,65000,0,41,0,41
2023-09-03,Medan,SKU_KOPI_GAYO,Food & Beverage,220000,0,32,0,32
2023-09-03,Medan,SKU_BATIK_TULIS,Fashion Premium,1200000,0,11,0,11
2023-09-03,Makassar,SKU_HIJAB_INSTAN,Fashion,65000,0,55,0,55
2023-09-03,Makassar,SKU_KOPI_GAYO,Food & Beverage,220000,0,14,0,14
2023-09-03,Makassar,SKU_BATIK_TULIS,Fashion Premium,1200000,0,3,0,3
2023-09-04,Jakarta,SKU_HIJAB_INSTAN,Fashion,65000,0,144,0,144
2023-09-04,Jakarta,SKU_KOPI_GAYO,Food & Beverage,220000,0,78,0,78
2023-09-04,Jakarta,SKU_BATIK_TULIS,Fashion Premium,1200000,0,13,0,13
2023-09-04,Surabaya,SKU_HIJAB_INSTAN,Fashion,65000,0,93,0,93
2023-09-04,Surabaya,SKU_KOPI_GAYO,Food & Beverage,220000,0,58,0,58
2023-09-04,Surabaya,SKU_BATIK_TULIS,Fashion Premium,1200000,0,7,0,7
2023-09-04,Medan,SKU_HIJAB_INSTAN,Fashion,65000,0,50,0,50
2023-09-04,Medan,SKU_KOPI_GAYO,Food & Beverage,220000,0,35,0,35
2023-09-04,Medan,SKU_BATIK_TULIS,Fashion Premium,1200000,0,6,0,6
2023-09-04,Makassar,SKU_HIJAB_INSTAN,Fashion,65000,0,12,0,12
2023-09-04,Makassar,SKU_KOPI_GAYO,Food & Beverage,220000,0,6,0,6
2023-09-04,Makassar,SKU_BATIK_TULIS,Fashion Premium,1200000,0,4,0,4
2023-09-05,Jakarta,SKU_HIJAB_INSTAN,Fashion,65000,0,128,0,128
2023-09-05,Jakarta,SKU_KOPI_GAYO,Food & Beverage,220000,0,81,0,81
2023-09-05,Jakarta,SKU_BATIK_TULIS,Fashion Premium,1200000,0,13,0,13
2023-09-05,Surabaya,SKU_HIJAB_INSTAN,Fashion,65000,0,75,0,75
2023-09-05,Surabaya,SKU_KOPI_GAYO,Food & Beverage,220000,0,39,0,39
2023-09-05,Surabaya,SKU_BATIK_TULIS,Fashion Premium,1200000,0,10,0,10
2023-09-05,Medan,SKU_HIJAB_INSTAN,Fashion,65000,0,63,0,63
2023-09-05,Medan,SKU_KOPI_GAYO,Food & Beverage,220000,0,40,0,40
2023-09-05,Medan,SKU_BATIK_TULIS,Fashion Premium,1200000,0,5,0,5
2023-09-05,Makassar,SKU_HIJAB_INSTAN,Fashion,65000,0,44,0,44
2023-09-05,Makassar,SKU_KOPI_GAYO,Food & Beverage,220000,0,15,0,15
2023-09-05,Makassar,SKU_BATIK_TULIS,Fashion Premium,1200000,0,2,0,2
2023-09-06,Jakarta,SKU_HIJAB_INSTAN,Fashion,65000,0,168,0,168
2023-09-06,Jakarta,SKU_KOPI_GAYO,Food & Beverage,220000,0,84,0,84
2023-09-06,Jakarta,SKU_BATIK_TULIS,Fashion Premium,1200000,0,15,0,15
2023-09-06,Surabaya,SKU_HIJAB_INSTAN,Fashion,65000,0,85,0,85
2023-09-06,Surabaya,SKU_KOPI_GAYO,Food & Beverage,220000,0,55,0,55
2023-09-06,Surabaya,SKU_BATIK_TULIS,Fashion Premium,1200000,0,8,0,8
2023-09-06,Medan,SKU_HIJAB_INSTAN,Fashion,65000,0,73,0,73
2023-09-06,Medan,SKU_KOPI_GAYO,Food & Beverage,220000,0,34,0,34
2023-09-06,Medan,SKU_BATIK_TULIS,Fashion Premium,1200000,0,7,0,7
2023-09-06,Makassar,SKU_HIJAB_INSTAN,Fashion,65000,0,34,0,34
2023-09-06,Makassar,SKU_KOPI_GAYO,Food & Beverage,220000,0,25,0,25
2023-09-06,Makassar,SKU_BATIK_TULIS,Fashion Premium,1200000,0,3,0,3
2023-09-07,Jakarta,SKU_HIJAB_INSTAN,Fashion,65000,0,168,0,168
2023-09-07,Jakarta,SKU_KOPI_GAYO,Food & Beverage,220000,0,70,0,70
2023-09-07,Jakarta,SKU_BATIK_TULIS,Fashion Premium,1200000,0,20,0,20
2023-09-07,Surabaya,SKU_HIJAB_INSTAN,Fashion,65000,0,79,0,79
2023-09-07,Surabaya,SKU_KOPI_GAYO,Food & Beverage,220000,0,42,0,42
2023-09-07,Surabaya,SKU_BATIK_TULIS,Fashion Premium,1200000,0,12,0,12
2023-09-07,Medan,SKU_HIJAB_INSTAN,Fashion,65000,0,66,0,66
2023-09-07,Medan,SKU_KOPI_GAYO,Food & Beverage,220000,0,24,0,24
2023-09-07,Medan,SKU_BATIK_TULIS,Fashion Premium,1200000,0,6,0,6
2023-09-07,Makassar,SKU_HIJAB_INSTAN,Fashion,65000,0,49,0,49
2023-09-07,Makassar,SKU_KOPI_GAYO,Food & Beverage,220000,0,18,0,18
2023-09-07,Makassar,SKU_BATIK_TULIS,Fashion Premium,1200000,0,3,0,3
2023-09-08,Jakarta,SKU_HIJAB_INSTAN,Fashion,65000,0,167,0,167
2023-09-08,Jakarta,SKU_KOPI_GAYO,Food & Beverage,220000,0,95,0,95
2023-09-08,Jakarta,SKU_BATIK_TULIS,Fashion Premium,1200000,0,21,0,21
2023-09-08,Surabaya,SKU_HIJAB_INSTAN,Fashion,65000,0,115,0,115
2023-09-08,Surabaya,SKU_KOPI_GAYO,Food & Beverage,220000,0,48,0,48
2023-09-08,Surabaya,SKU_BATIK_TULIS,Fashion Premium,1200000,0,16,0,16
2023-09-08,Medan,SKU_HIJAB_INSTAN,Fashion,65000,0,90,0,90
2023-09-08,Medan,SKU_KOPI_GAYO,Food & Beverage,220000,0,36,0,36
2023-09-08,Medan,SKU_BATIK_TULIS,Fashion Premium,1200000,0,9,0,9
2023-09-08,Makassar,SKU_HIJAB_INSTAN,Fashion,65000,0,27,0,27
2023-09-08,Makassar,SKU_KOPI_GAYO,Food & Beverage,220000,0,22,0,22
2023-09-08,Makassar,SKU_BATIK_TULIS,Fashion Premium,1200000,0,2,0,2
2023-09-09,Jakarta,SKU_HIJAB_INSTAN,Fashion,65000,0,223,0,223
2023-09-09,Jakarta,SKU_KOPI_GAYO,Food & Beverage,220000,0,97,0,97
2023-09-09,Jakarta,SKU_BATIK_TULIS,Fashion Premium,1200000,0,22,1,0
2023-09-09,Surabaya,SKU_HIJAB_INSTAN,Fashion,65000,0,144,0,144
2023-09-09,Surabaya,SKU_KOPI_GAYO,Food & Beverage,220000,0,70,0,70
2023-09-09,Surabaya,SKU_BATIK_TULIS,Fashion Premium,1200000,0,15,0,15
2023-09-09,Medan,SKU_HIJAB_INSTAN,Fashion,65000,0,66,0,66
2023-09-09,Medan,SKU_KOPI_GAYO,Food & Beverage,220000,0,37,0,37
2023-09-09,Medan,SKU_BATIK_TULIS,Fashion Premium,1200000,0,10,0,10
2023-09-09,Makassar,SKU_HIJAB_INSTAN,Fashion,65000,0,44,0,44
2023-09-09,Makassar,SKU_KOPI_GAYO,Food & Beverage,220000,0,11,0,11
2023-09-09,Makassar,SKU_BATIK_TULIS,Fashion Premium,1200000,0,5,0,5
2023-09-10,Jakarta,SKU_HIJAB_INSTAN,Fashion,65000,0,204,0,204
2023-09-10,Jakarta,SKU_KOPI_GAYO,Food & Beverage,220000,0,82,0,82
2023-09-10,Jakarta,SKU_BATIK_TULIS,Fashion Premium,1200000,0,20,0,20
2023-09-10,Surabaya,SKU_HIJAB_INSTAN,Fashion,65000,0,103,0,103
2023-09-10,Surabaya,SKU_KOPI_GAYO,Food & Beverage,220000,0,53,0,53
2023-09-10,Surabaya,SKU_BATIK_TULIS,Fashion Premium,1200000,0,14,0,14
2023-09-10,Medan,SKU_HIJAB_INSTAN,Fashion,65000,0,92,0,92
2023-09-10,Medan,SKU_KOPI_GAYO,Food & Beverage,220000,0,30,0,30
2023-09-10,Medan,SKU_BATIK_TULIS,Fashion Premium,1200000,0,9,0,9
2023-09-10,Makassar,SKU_HIJAB_INSTAN,Fashion,65000,0,53,0,53
2023-09-10,Makassar,SKU_KOPI_GAYO,Food & Beverage,220000,0,34,0,34
2023-09-10,Makassar,SKU_BATIK_TULIS,Fashion Premium,1200000,0,4,0,4
2023-09-11,Jakarta,SKU_HIJAB_INSTAN,Fashion,65000,0,155,0,155
2023-09-11,Jakarta,SKU_KOPI_GAYO,Food & Beverage,220000,0,85,0,85
2023-09-11,Jakarta,SKU_BATIK_TULIS,Fashion Premium,1200000,0,13,0,13
2023-09-11,Surabaya,SKU_HIJAB_INSTAN,Fashion,65000,0,93,0,93
2023-09-11,Surabaya,SKU_KOPI_GAYO,Food & Beverage,220000,0,36,0,36
2023-09-11,Surabaya,SKU_BATIK_TULIS,Fashion Premium,1200000,0,7,0,7
2023-09-11,Medan,SKU_HIJAB_INSTAN,Fashion,65000,0,67,0,67
2023-09-11,Medan,SKU_KOPI_GAYO,Food & Beverage,220000,0,27,0,27
2023-09-11,Medan,SKU_BATIK_TULIS,Fashion Premium,1200000,0,6,0,6
2023-09-11,Makassar,SKU_HIJAB_INSTAN,Fashion,65000,0,9,0,9
2023-09-11,Makassar,SKU_KOPI_GAYO,Food & Beverage,220000,0,22,0,22
2023-09-11,Makassar,SKU_BATIK_TULIS,Fashion Premium,1200000,0,3,0,3
2023-09-12,Jakarta,SKU_HIJAB_INSTAN,Fashion,65000,0,185,0,185
2023-09-12,Jakarta,SKU_KOPI_GAYO,Food & Beverage,220000,0,81,0,81
2023-09-12,Jakarta,SKU_BATIK_TULIS,Fashion Premium,1200000,0,15,0,15
2023-09-12,Surabaya,SKU_HIJAB_INSTAN,Fashion,65000,0,113,0,113
2023-09-12,Surabaya,SKU_KOPI_GAYO,Food & Beverage,220000,0,59,0,59
2023-09-12,Surabaya,SKU_BATIK_TULIS,Fashion Premium,1200000,0,10,0,10
2023-09-12,Medan,SKU_HIJAB_INSTAN,Fashion,65000,0,67,0,67
2023-09-12,Medan,SKU_KOPI_GAYO,Food & Beverage,220000,0,43,0,43
2023-09-12,Medan,SKU_BATIK_TULIS,Fashion Premium,1200000,0,9,0,9
2023-09-12,Makassar,SKU_HIJAB_INSTAN,Fashion,65000,0,39,0,39
2023-09-12,Makassar,SKU_KOPI_GAYO,Food & Beverage,220000,0,17,0,17
2023-09-12,Makassar,SKU_BATIK_TULIS,Fashion Premium,1200000,0,3,0,3
2023-09-13,Jakarta,SKU_HIJAB_INSTAN,Fashion,65000,0,165,0,165
2023-09-13,Jakarta,SKU_KOPI_GAYO,Food & Beverage,220000,0,83,0,83
2023-09-13,Jakarta,SKU_BATIK_TULIS,Fashion Premium,1200000,0,17,0,17
2023-09-13,Surabaya,SKU_HIJAB_INSTAN,Fashion,65000,0,91,0,91
2023-09-13,Surabaya,SKU_KOPI_GAYO,Food & Beverage,220000,0,54,0,54
2023-09-13,Surabaya,SKU_BATIK_TULIS,Fashion Premium,1200000,0,7,0,7
2023-09-13,Medan,SKU_HIJAB_INSTAN,Fashion,65000,0,87,0,87
2023-09-13,Medan,SKU_KOPI_GAYO,Food & Beverage,220000,0,28,0,28
2023-09-13,Medan,SKU_BATIK_TULIS,Fashion Premium,1200000,0,4,0,4
2023-09-13,Makassar,SKU_HIJAB_INSTAN,Fashion,65000,0,49,0,49
2023-09-13,Makassar,SKU_KOPI_GAYO,Food & Beverage,220000,0,27,0,27
2023-09-13,Makassar,SKU_BATIK_TULIS,Fashion Premium,1200000,0,3,0,3
2023-09-14,Jakarta,SKU_HIJAB_INSTAN,Fashion,65000,0,166,0,166
2023-09-14,Jakarta,SKU_KOPI_GAYO,Food & Beverage,220000,0,84,0,84
2023-09-14,Jakarta,SKU_BATIK_TULIS,Fashion Premium,1200000,0,18,0,18
2023-09-14,Surabaya,SKU_HIJAB_INSTAN,Fashion,65000,0,100,0,100
2023-09-14,Surabaya,SKU_KOPI_GAYO,Food & Beverage,220000,0,51,0,51
2023-09-14,Surabaya,SKU_BATIK_TULIS,Fashion Premium,1200000,0,9,0,9
2023-09-14,Medan,SKU_HIJAB_INSTAN,Fashion,65000,0,51,1,0
2023-09-14,Medan,SKU_KOPI_GAYO,Food & Beverage,220000,0,35,0,35
2023-09-14,Medan,SKU_BATIK_TULIS,Fashion Premium,1200000,0,7,0,7
2023-09-14,Makassar,SKU_HIJAB_INSTAN,Fashion,65000,0,23,0,23
2023-09-14,Makassar,SKU_KOPI_GAYO,Food & Beverage,220000,0,13,0,13
2023-09-14,Makassar,SKU_BATIK_TULIS,Fashion Premium,1200000,0,3,0,3
2023-09-15,Jakarta,SKU_HIJAB_INSTAN,Fashion,65000,0,165,0,165
2023-09-15,Jakarta,SKU_KOPI_GAYO,Food & Beverage,220000,0,97,0,97
2023-09-15,Jakarta,SKU_BATIK_TULIS,Fashion Premium,1200000,0,22,0,22
2023-09-15,Surabaya,SKU_HIJAB_INSTAN,Fashion,65000,0,96,0,96
2023-09-15,Surabaya,SKU_KOPI_GAYO,Food & Beverage,220000,0,57,0,57
2023-09-15,Surabaya,SKU_BATIK_TULIS,Fashion Premium,1200000,0,11,0,11
2023-09-15,Medan,SKU_HIJAB_INSTAN,Fashion,65000,0,82,0,82
2023-09-15,Medan,SKU_KOPI_GAYO,Food & Beverage,220000,0,30,0,30
2023-09-15,Medan,SKU_BATIK_TULIS,Fashion Premium,1200000,0,8,0,8
2023-09-15,Makassar,SKU_HIJAB_INSTAN,Fashion,65000,0,37,0,37
2023-09-15,Makassar,SKU_KOPI_GAYO,Food & Beverage,220000,0,29,0,29
2023-09-15,Makassar,SKU_BATIK_TULIS,Fashion Premium,1200000,0,2,0,2
2023-09-16,Jakarta,SKU_HIJAB_INSTAN,Fashion,65000,0,184,0,184
2023-09-16,Jakarta,SKU_KOPI_GAYO,Food & Beverage,220000,0,82,0,82
2023-09-16,Jakarta,SKU_BATIK_TULIS,Fashion Premium,1200000,0,27,0,27
2023-09-16,Surabaya,SKU_HIJAB_INSTAN,Fashion,65000,0,119,0,119
2023-09-16,Surabaya,SKU_KOPI_GAYO,Food & Beverage,220000,0,64,0,64
2023-09-16,Surabaya,SKU_BATIK_TULIS,Fashion Premium,1200000,0,13,0,13
2023-09-16,Medan,SKU_HIJAB_INSTAN,Fashion,65000,0,71,0,71
2023-09-16,Medan,SKU_KOPI_GAYO,Food & Beverage,220000,0,36,1,0
2023-09-16,Medan,SKU_BATIK_TULIS,Fashion Premium,1200000,0,9,0,9
2023-09-16,Makassar,SKU_HIJAB_INSTAN,Fashion,65000,0,50,0,50
2023-09-16,Makassar,SKU_KOPI_GAYO,Food & Beverage,220000,0,19,0,19
2023-09-16,Makassar,SKU_BATIK_TULIS,Fashion Premium,1200000,0,4,0,4
2023-09-17,Jakarta,SKU_HIJAB_INSTAN,Fashion,65000,0,216,0,216
2023-09-17,Jakarta,SKU_KOPI_GAYO,Food & Beverage,220000,0,84,1,0
2023-09-17,Jakarta,SKU_BATIK_TULIS,Fashion Premium,1200000,0,20,0,20
2023-09-17,Surabaya,SKU_HIJAB_INSTAN,Fashion,65000,0,99,0,99
2023-09-17,Surabaya,SKU_KOPI_GAYO,Food & Beverage,220000,0,59,0,59
2023-09-17,Surabaya,SKU_BATIK_TULIS,Fashion Premium,1200000,0,14,0,14
2023-09-17,Medan,SKU_HIJAB_INSTAN,Fashion,65000,0,72,0,72
2023-09-17,Medan,SKU_KOPI_GAYO,Food & Beverage,220000,0,29,0,29
2023-09-17,Medan,SKU_BATIK_TULIS,Fashion Premium,1200000,0,9,0,9
2023-09-17,Makassar,SKU_HIJAB_INSTAN,Fashion,65000,0,50,0,50
2023-09-17,Makassar,SKU_KOPI_GAYO,Food & Beverage,220000,0,29,0,29
2023-09-17,Makassar,SKU_BATIK_TULIS,Fashion Premium,1200000,0,3,0,3
2023-09-18,Jakarta,SKU_HIJAB_INSTAN,Fashion,65000,0,151,0,151
2023-09-18,Jakarta,SKU_KOPI_GAYO,Food & Beverage,220000,0,86,0,86
2023-09-18,Jakarta,SKU_BATIK_TULIS,Fashion Premium,1200000,0,13,0,13
2023-09-18,Surabaya,SKU_HIJAB_INSTAN,Fashion,65000,0,75,0,75
2023-09-18,Surabaya,SKU_KOPI_GAYO,Food & Beverage,220000,0,48,0,48
2023-09-18,Surabaya,SKU_BATIK_TULIS,Fashion Premium,1200000,0,7,0,7
2023-09-18,Medan,SKU_HIJAB_INSTAN,Fashion,65000,0,73,0,73
2023-09-18,Medan,SKU_KOPI_GAYO,Food & Beverage,220000,0,31,0,31
2023-09-18,Medan,SKU_BATIK_TULIS,Fashion Premium,1200000,0,5,0,5
2023-09-18,Makassar,SKU_HIJAB_INSTAN,Fashion,65000,0,21,0,21
2023-09-18,Makassar,SKU_KOPI_GAYO,Food & Beverage,220000,0,16,0,16
2023-09-18,Makassar,SKU_BATIK_TULIS,Fashion Premium,1200000,0,4,1,0
2023-09-19,Jakarta,SKU_HIJAB_INSTAN,Fashion,65000,0,171,0,171
2023-09-19,Jakarta,SKU_KOPI_GAYO,Food & Beverage,220000,0,76,0,76
2023-09-19,Jakarta,SKU_BATIK_TULIS,Fashion Premium,1200000,0,11,0,11
2023-09-19,Surabaya,SKU_HIJAB_INSTAN,Fashion,65000,0,92,0,92
2023-09-19,Surabaya,SKU_KOPI_GAYO,Food & Beverage,220000,0,48,0,48
2023-09-19,Surabaya,SKU_BATIK_TULIS,Fashion Premium,1200000,0,8,0,8
2023-09-19,Medan,SKU_HIJAB_INSTAN,Fashion,65000,0,56,0,56
2023-09-19,Medan,SKU_KOPI_GAYO,Food & Beverage,220000,0,26,1,0
2023-09-19,Medan,SKU_BATIK_TULIS,Fashion Premium,1200000,0,8,0,8
2023-09-19,Makassar,SKU_HIJAB_INSTAN,Fashion,65000,0,55,0,55
2023-09-19,Makassar,SKU_KOPI_GAYO,Food & Beverage,220000,0,14,0,14
2023-09-19,Makassar,SKU_BATIK_TULIS,Fashion Premium,1200000,0,3,0,3
2023-09-20,Jakarta,SKU_HIJAB_INSTAN,Fashion,65000,0,175,0,175
2023-09-20,Jakarta,SKU_KOPI_GAYO,Food & Beverage,220000,0,86,0,86
2023-09-20,Jakarta,SKU_BATIK_TULIS,Fashion Premium,1200000,0,15,0,15
2023-09-20,Surabaya,SKU_HIJAB_INSTAN,Fashion,65000,0,80,0,80
2023-09-20,Surabaya,SKU_KOPI_GAYO,Food & Beverage,220000,0,51,0,51
2023-09-20,Surabaya,SKU_BATIK_TULIS,Fashion Premium,1200000,0,8,0,8
2023-09-20,Medan,SKU_HIJAB_INSTAN,Fashion,65000,0,80,0,80
2023-09-20,Medan,SKU_KOPI_GAYO,Food & Beverage,220000,0,33,0,33
2023-09-20,Medan,SKU_BATIK_TULIS,Fashion Premium,1200000,0,7,0,7
2023-09-20,Makassar,SKU_HIJAB_INSTAN,Fashion,65000,0,28,0,28
2023-09-20,Makassar,SKU_KOPI_GAYO,Food & Beverage,220000,0,22,0,22
2023-09-20,Makassar,SKU_BATIK_TULIS,Fashion Premium,1200000,0,2,0,2
2023-09-21,Jakarta,SKU_HIJAB_INSTAN,Fashion,65000,0,172,0,172
2023-09-21,Jakarta,SKU_KOPI_GAYO,Food & Beverage,220000,0,84,0,84
2023-09-21,Jakarta,SKU_BATIK_TULIS,Fashion Premium,1200000,0,17,0,17
2023-09-21,Surabaya,SKU_HIJAB_INSTAN,Fashion,65000,0,113,0,113
2023-09-21,Surabaya,SKU_KOPI_GAYO,Food & Beverage,220000,0,47,0,47
2023-09-21,Surabaya,SKU_BATIK_TULIS,Fashion Premium,1200000,0,11,0,11
2023-09-21,Medan,SKU_HIJAB_INSTAN,Fashion,65000,0,85,0,85
2023-09-21,Medan,SKU_KOPI_GAYO,Food & Beverage,220000,0,41,0,41
2023-09-21,Medan,SKU_BATIK_TULIS,Fashion Premium,1200000,0,6,0,6
2023-09-21,Makassar,SKU_HIJAB_INSTAN,Fashion,65000,0,40,0,40
2023-09-21,Makassar,SKU_KOPI_GAYO,Food & Beverage,220000,0,5,0,5
2023-09-21,Makassar,SKU_BATIK_TULIS,Fashion Premium,1200000,0,5,0,5
2023-09-22,Jakarta,SKU_HIJAB_INSTAN,Fashion,65000,0,215,0,215
2023-09-22,Jakarta,SKU_KOPI_GAYO,Food & Beverage,220000,0,92,0,92
2023-09-22,Jakarta,SKU_BATIK_TULIS,Fashion Premium,1200000,0,23,0,23
2023-09-22,Surabaya,SKU_HIJAB_INSTAN,Fashion,65000,0,87,0,87
2023-09-22,Surabaya,SKU_KOPI_GAYO,Food & Beverage,220000,0,46,0,46
2023-09-22,Surabaya,SKU_BATIK_TULIS,Fashion Premium,1200000,0,12,0,12
2023-09-22,Medan,SKU_HIJAB_INSTAN,Fashion,65000,0,69,0,69
2023-09-22,Medan,SKU_KOPI_GAYO,Food & Beverage,220000,0,38,0,38
2023-09-22,Medan,SKU_BATIK_TULIS,Fashion Premium,1200000,0,7,0,7
2023-09-22,Makassar,SKU_HIJAB_INSTAN,Fashion,65000,0,37,0,37
2023-09-22,Makassar,SKU_KOPI_GAYO,Food & Beverage,220000,0,25,0,25
2023-09-22,Makassar,SKU_BATIK_TULIS,Fashion Premium,1200000,0,5,0,5
2023-09-23,Jakarta,SKU_HIJAB_INSTAN,Fashion,65000,0,192,0,192
2023-09-23,Jakarta,SKU_KOPI_GAYO,Food & Beverage,220000,0,98,0,98
2023-09-23,Jakarta,SKU_BATIK_TULIS,Fashion Premium,1200000,0,23,0,23
2023-09-23,Surabaya,SKU_HIJAB_INSTAN,Fashion,65000,0,120,0,120
2023-09-23,Surabaya,SKU_KOPI_GAYO,Food & Beverage,220000,0,62,0,62
2023-09-23,Surabaya,SKU_BATIK_TULIS,Fashion Premium,1200000,0,14,0,14
2023-09-23,Medan,SKU_HIJAB_INSTAN,Fashion,65000,0,60,0,60
2023-09-23,Medan,SKU_KOPI_GAYO,Food & Beverage,220000,0,37,0,37
2023-09-23,Medan,SKU_BATIK_TULIS,Fashion Premium,1200000,0,11,0,11
2023-09-23,Makassar,SKU_HIJAB_INSTAN,Fashion,65000,0,55,0,55
2023-09-23,Makassar,SKU_KOPI_GAYO,Food & Beverage,220000,0,10,0,10
2023-09-23,Makassar,SKU_BATIK_TULIS,Fashion Premium,1200000,0,6,0,6
2023-09-24,Jakarta,SKU_HIJAB_INSTAN,Fashion,65000,0,184,0,184
2023-09-24,Jakarta,SKU_KOPI_GAYO,Food & Beverage,220000,0,102,0,102
2023-09-24,Jakarta,SKU_BATIK_TULIS,Fashion Premium,1200000,0,20,0,20
2023-09-24,Surabaya,SKU_HIJAB_INSTAN,Fashion,65000,0,123,0,123
2023-09-24,Surabaya,SKU_KOPI_GAYO,Food & Beverage,220000,0,52,0,52
2023-09-24,Surabaya,SKU_BATIK_TULIS,Fashion Premium,1200000,0,12,0,12
2023-09-24,Medan,SKU_HIJAB_INSTAN,Fashion,65000,0,89,0,89
2023-09-24,Medan,SKU_KOPI_GAYO,Food & Beverage,220000,0,44,0,44
2023-09-24,Medan,SKU_BATIK_TULIS,Fashion Premium,1200000,0,5,0,5
2023-09-24,Makassar,SKU_HIJAB_INSTAN,Fashion,65000,0,52,0,52
2023-09-24,Makassar,SKU_KOPI_GAYO,Food & Beverage,220000,0,17,0,17
2023-09-24,Makassar,SKU_BATIK_TULIS,Fashion Premium,1200000,0,4,0,4
2023-09-25,Jakarta,SKU_HIJAB_INSTAN,Fashion,65000,0,177,0,177
2023-09-25,Jakarta,SKU_KOPI_GAYO,Food & Beverage,220000,0,83,0,83
2023-09-25,Jakarta,SKU_BATIK_TULIS,Fashion Premium,1200000,0,17,0,17
2023-09-25,Surabaya,SKU_HIJAB_INSTAN,Fashion,65000,0,114,0,114
2023-09-25,Surabaya,SKU_KOPI_GAYO,Food & Beverage,176000,1,92,0,92
2023-09-25,Surabaya,SKU_BATIK_TULIS,Fashion Premium,1200000,0,9,0,9
2023-09-25,Medan,SKU_HIJAB_INSTAN,Fashion,52000,1,72,0,72
2023-09-25,Medan,SKU_KOPI_GAYO,Food & Beverage,220000,0,41,0,41
2023-09-25,Medan,SKU_BATIK_TULIS,Fashion Premium,960000,1,9,0,9
2023-09-25,Makassar,SKU_HIJAB_INSTAN,Fashion,65000,0,46,0,46
2023-09-25,Makassar,SKU_KOPI_GAYO,Food & Beverage,176000,1,21,0,21
2023-09-25,Makassar,SKU_BATIK_TULIS,Fashion Premium,1200000,0,5,0,5
2023-09-26,Jakarta,SKU_HIJAB_INSTAN,Fashion,65000,0,186,0,186
2023-09-26,Jakarta,SKU_KOPI_GAYO,Food & Beverage,176000,1,140,0,140
2023-09-26,Jakarta,SKU_BATIK_TULIS,Fashion Premium,1200000,0,21,0,21
2023-09-26,Surabaya,SKU_HIJAB_INSTAN,Fashion,65000,0,115,0,115
2023-09-26,Surabaya,SKU_KOPI_GAYO,Food & Beverage,220000,0,55,0,55
2023-09-26,Surabaya,SKU_BATIK_TULIS,Fashion Premium,1200000,0,10,0,10
2023-09-26,Medan,SKU_HIJAB_INSTAN,Fashion,65000,0,91,0,91
2023-09-26,Medan,SKU_KOPI_GAYO,Food & Beverage,220000,0,32,0,32
2023-09-26,Medan,SKU_BATIK_TULIS,Fashion Premium,1200000,0,4,0,4
2023-09-26,Makassar,SKU_HIJAB_INSTAN,Fashion,52000,1,74,0,74
2023-09-26,Makassar,SKU_KOPI_GAYO,Food & Beverage,176000,1,30,0,30
2023-09-26,Makassar,SKU_BATIK_TULIS,Fashion Premium,1200000,0,2,0,2
2023-09-27,Jakarta,SKU_HIJAB_INSTAN,Fashion,52000,1,302,0,302
2023-09-27,Jakarta,SKU_KOPI_GAYO,Food & Beverage,220000,0,83,0,83
2023-09-27,Jakarta,SKU_BATIK_TULIS,Fashion Premium,960000,1,27,0,27
2023-09-27,Surabaya,SKU_HIJAB_INSTAN,Fashion,65000,0,87,0,87
2023-09-27,Surabaya,SKU_KOPI_GAYO,Food & Beverage,176000,1,67,0,67
2023-09-27,Surabaya,SKU_BATIK_TULIS,Fashion Premium,1200000,0,12,0,12
2023-09-27,Medan,SKU_HIJAB_INSTAN,Fashion,65000,0,57,0,57
2023-09-27,Medan,SKU_KOPI_GAYO,Food & Beverage,220000,0,50,0,50
2023-09-27,Medan,SKU_BATIK_TULIS,Fashion Premium,960000,1,7,0,7
2023-09-27,Makassar,SKU_HIJAB_INSTAN,Fashion,52000,1,57,0,57
2023-09-27,Makassar,SKU_KOPI_GAYO,Food & Beverage,176000,1,35,0,35
2023-09-27,Makassar,SKU_BATIK_TULIS,Fashion Premium,1200000,0,2,0,2
2023-09-28,Jakarta,SKU_HIJAB_INSTAN,Fashion,65000,0,181,0,181
2023-09-28,Jakarta,SKU_KOPI_GAYO,Food & Beverage,220000,0,90,0,90
2023-09-28,Jakarta,SKU_BATIK_TULIS,Fashion Premium,960000,1,33,0,33
2023-09-28,Surabaya,SKU_HIJAB_INSTAN,Fashion,65000,0,130,0,130
2023-09-28,Surabaya,SKU_KOPI_GAYO,Food & Beverage,176000,1,80,0,80
2023-09-28,Surabaya,SKU_BATIK_TULIS,Fashion Premium,1200000,0,13,0,13
2023-09-28,Medan,SKU_HIJAB_INSTAN,Fashion,52000,1,118,0,118
2023-09-28,Medan,SKU_KOPI_GAYO,Food & Beverage,220000,0,31,0,31
2023-09-28,Medan,SKU_BATIK_TULIS,Fashion Premium,1200000,0,8,0,8
2023-09-28,Makassar,SKU_HIJAB_INSTAN,Fashion,52000,1,31,0,31
2023-09-28,Makassar,SKU_KOPI_GAYO,Food & Beverage,176000,1,20,0,20
2023-09-28,Makassar,SKU_BATIK_TULIS,Fashion Premium,1200000,0,7,0,7
2023-09-29,Jakarta,SKU_HIJAB_INSTAN,Fashion,65000,0,151,0,151
2023-09-29,Jakarta,SKU_KOPI_GAYO,Food & Beverage,220000,0,89,0,89
2023-09-29,Jakarta,SKU_BATIK_TULIS,Fashion Premium,1200000,0,22,0,22
2023-09-29,Surabaya,SKU_HIJAB_INSTAN,Fashion,65000,0,94,0,94
2023-09-29,Surabaya,SKU_KOPI_GAYO,Food & Beverage,220000,0,48,0,48
2023-09-29,Surabaya,SKU_BATIK_TULIS,Fashion Premium,1200000,0,12,0,12
2023-09-29,Medan,SKU_HIJAB_INSTAN,Fashion,65000,0,39,0,39
2023-09-29,Medan,SKU_KOPI_GAYO,Food & Beverage,220000,0,38,0,38
2023-09-29,Medan,SKU_BATIK_TULIS,Fashion Premium,1200000,0,6,0,6
2023-09-29,Makassar,SKU_HIJAB_INSTAN,Fashion,65000,0,26,0,26
2023-09-29,Makassar,SKU_KOPI_GAYO,Food & Beverage,220000,0,9,0,9
2023-09-29,Makassar,SKU_BATIK_TULIS,Fashion Premium,1200000,0,5,0,5
2023-09-30,Jakarta,SKU_HIJAB_INSTAN,Fashion,65000,0,192,0,192
2023-09-30,Jakarta,SKU_KOPI_GAYO,Food & Beverage,220000,0,83,0,83
2023-09-30,Jakarta,SKU_BATIK_TULIS,Fashion Premium,1200000,0,22,0,22
2023-09-30,Surabaya,SKU_HIJAB_INSTAN,Fashion,65000,0,132,0,132
2023-09-30,Surabaya,SKU_KOPI_GAYO,Food & Beverage,220000,0,49,0,49
2023-09-30,Surabaya,SKU_BATIK_TULIS,Fashion Premium,1200000,0,13,0,13
2023-09-30,Medan,SKU_HIJAB_INSTAN,Fashion,65000,0,80,0,80
2023-09-30,Medan,SKU_KOPI_GAYO,Food & Beverage,220000,0,35,0,35
2023-09-30,Medan,SKU_BATIK_TULIS,Fashion Premium,1200000,0,6,0,6
2023-09-30,Makassar,SKU_HIJAB_INSTAN,Fashion,65000,0,49,0,49
2023-09-30,Makassar,SKU_KOPI_GAYO,Food & Beverage,220000,0,16,0,16
2023-09-30,Makassar,SKU_BATIK_TULIS,Fashion Premium,1200000,0,5,0,5
2023-10-01,Jakarta,SKU_HIJAB_INSTAN,Fashion,65000,0,199,0,199
2023-10-01,Jakarta,SKU_KOPI_GAYO,Food & Beverage,220000,0,76,0,76
2023-10-01,Jakarta,SKU_BATIK_TULIS,Fashion Premium,1200000,0,23,0,23
2023-10-01,Surabaya,SKU_HIJAB_INSTAN,Fashion,65000,0,150,0,150
2023-10-01,Surabaya,SKU_KOPI_GAYO,Food & Beverage,220000,0,57,0,57
2023-10-01,Surabaya,SKU_BATIK_TULIS,Fashion Premium,1200000,0,15,0,15
2023-10-01,Medan,SKU_HIJAB_INSTAN,Fashion,65000,0,89,0,89
2023-10-01,Medan,SKU_KOPI_GAYO,Food & Beverage,220000,0,41,0,41
2023-10-01,Medan,SKU_BATIK_TULIS,Fashion Premium,1200000,0,10,0,10
2023-10-01,Makassar,SKU_HIJAB_INSTAN,Fashion,65000,0,55,0,55
2023-10-01,Makassar,SKU_KOPI_GAYO,Food & Beverage,220000,0,27,0,27
2023-10-01,Makassar,SKU_BATIK_TULIS,Fashion Premium,1200000,0,2,0,2
2023-10-02,Jakarta,SKU_HIJAB_INSTAN,Fashion,65000,0,166,0,166
2023-10-02,Jakarta,SKU_KOPI_GAYO,Food & Beverage,220000,0,81,0,81
2023-10-02,Jakarta,SKU_BATIK_TULIS,Fashion Premium,1200000,0,15,0,15
2023-10-02,Surabaya,SKU_HIJAB_INSTAN,Fashion,65000,0,98,0,98
2023-10-02,Surabaya,SKU_KOPI_GAYO,Food & Beverage,220000,0,41,0,41
2023-10-02,Surabaya,SKU_BATIK_TULIS,Fashion Premium,1200000,0,10,0,10
2023-10-02,Medan,SKU_HIJAB_INSTAN,Fashion,65000,0,52,0,52
2023-10-02,Medan,SKU_KOPI_GAYO,Food & Beverage,220000,0,31,0,31
2023-10-02,Medan,SKU_BATIK_TULIS,Fashion Premium,1200000,0,7,0,7
2023-10-02,Makassar,SKU_HIJAB_INSTAN,Fashion,65000,0,32,0,32
2023-10-02,Makassar,SKU_KOPI_GAYO,Food & Beverage,220000,0,14,0,14
2023-10-02,Makassar,SKU_BATIK_TULIS,Fashion Premium,1200000,0,2,0,2
2023-10-03,Jakarta,SKU_HIJAB_INSTAN,Fashion,65000,0,154,0,154
2023-10-03,Jakarta,SKU_KOPI_GAYO,Food & Beverage,220000,0,89,0,89
2023-10-03,Jakarta,SKU_BATIK_TULIS,Fashion Premium,1200000,0,14,0,14
2023-10-03,Surabaya,SKU_HIJAB_INSTAN,Fashion,65000,0,94,0,94
2023-10-03,Surabaya,SKU_KOPI_GAYO,Food & Beverage,220000,0,54,0,54
2023-10-03,Surabaya,SKU_BATIK_TULIS,Fashion Premium,1200000,0,9,0,9
2023-10-03,Medan,SKU_HIJAB_INSTAN,Fashion,65000,0,54,0,54
2023-10-03,Medan,SKU_KOPI_GAYO,Food & Beverage,220000,0,39,0,39
2023-10-03,Medan,SKU_BATIK_TULIS,Fashion Premium,1200000,0,5,0,5
2023-10-03,Makassar,SKU_HIJAB_INSTAN,Fashion,65000,0,18,0,18
2023-10-03,Makassar,SKU_KOPI_GAYO,Food & Beverage,220000,0,5,0,5
2023-10-03,Makassar,SKU_BATIK_TULIS,Fashion Premium,1200000,0,2,0,2
2023-10-04,Jakarta,SKU_HIJAB_INSTAN,Fashion,65000,0,143,0,143
2023-10-04,Jakarta,SKU_KOPI_GAYO,Food & Beverage,220000,0,79,0,79
2023-10-04,Jakarta,SKU_BATIK_TULIS,Fashion Premium,1200000,0,16,0,16
2023-10-04,Surabaya,SKU_HIJAB_INSTAN,Fashion,65000,0,113,0,113
2023-10-04,Surabaya,SKU_KOPI_GAYO,Food & Beverage,220000,0,49,0,49
2023-10-04,Surabaya,SKU_BATIK_TULIS,Fashion Premium,1200000,0,7,0,7
2023-10-04,Medan,SKU_HIJAB_INSTAN,Fashion,65000,0,64,0,64
2023-10-04,Medan,SKU_KOPI_GAYO,Food & Beverage,220000,0,41,0,41
2023-10-04,Medan,SKU_BATIK_TULIS,Fashion Premium,1200000,0,6,0,6
2023-10-04,Makassar,SKU_HIJAB_INSTAN,Fashion,65000,0,50,0,50
2023-10-04,Makassar,SKU_KOPI_GAYO,Food & Beverage,220000,0,16,0,16
2023-10-04,Makassar,SKU_BATIK_TULIS,Fashion Premium,1200000,0,4,0,4
2023-10-05,Jakarta,SKU_HIJAB_INSTAN,Fashion,65000,0,171,0,171
2023-10-05,Jakarta,SKU_KOPI_GAYO,Food & Beverage,220000,0,96,0,96
2023-10-05,Jakarta,SKU_BATIK_TULIS,Fashion Premium,1200000,0,21,0,21
2023-10-05,Surabaya,SKU_HIJAB_INSTAN,Fashion,65000,0,94,0,94
2023-10-05,Surabaya,SKU_KOPI_GAYO,Food & Beverage,220000,0,53,0,53
2023-10-05,Surabaya,SKU_BATIK_TULIS,Fashion Premium,1200000,0,12,0,12
2023-10-05,Medan,SKU_HIJAB_INSTAN,Fashion,65000,0,70,0,70
2023-10-05,Medan,SKU_KOPI_GAYO,Food & Beverage,220000,0,22,0,22
2023-10-05,Medan,SKU_BATIK_TULIS,Fashion Premium,1200000,0,6,0,6
2023-10-05,Makassar,SKU_HIJAB_INSTAN,Fashion,65000,0,37,0,37
2023-10-05,Makassar,SKU_KOPI_GAYO,Food & Beverage,220000,0,28,0,28
2023-10-05,Makassar,SKU_BATIK_TULIS,Fashion Premium,1200000,0,3,0,3
2023-10-06,Jakarta,SKU_HIJAB_INSTAN,Fashion,65000,0,166,0,166
2023-10-06,Jakarta,SKU_KOPI_GAYO,Food & Beverage,220000,0,92,0,92
2023-10-06,Jakarta,SKU_BATIK_TULIS,Fashion Premium,1200000,0,23,0,23
2023-10-06,Surabaya,SKU_HIJAB_INSTAN,Fashion,65000,0,98,0,98
2023-10-06,Surabaya,SKU_KOPI_GAYO,Food & Beverage,220000,0,50,0,50
2023-10-06,Surabaya,SKU_BATIK_TULIS,Fashion Premium,1200000,0,11,0,11
2023-10-06,Medan,SKU_HIJAB_INSTAN,Fashion,65000,0,53,0,53
2023-10-06,Medan,SKU_KOPI_GAYO,Food & Beverage,220000,0,36,0,36
2023-10-06,Medan,SKU_BATIK_TULIS,Fashion Premium,1200000,0,8,0,8
2023-10-06,Makassar,SKU_HIJAB_INSTAN,Fashion,65000,0,11,0,11
2023-10-06,Makassar,SKU_KOPI_GAYO,Food & Beverage,220000,0,12,0,12
2023-10-06,Makassar,SKU_BATIK_TULIS,Fashion Premium,1200000,0,4,0,4
2023-10-07,Jakarta,SKU_HIJAB_INSTAN,Fashion,65000,0,209,0,209
2023-10-07,Jakarta,SKU_KOPI_GAYO,Food & Beverage,220000,0,100,0,100
2023-10-07,Jakarta,SKU_BATIK_TULIS,Fashion Premium,1200000,0,25,0,25
2023-10-07,Surabaya,SKU_HIJAB_INSTAN,Fashion,65000,0,119,0,119
2023-10-07,Surabaya,SKU_KOPI_GAYO,Food & Beverage,220000,0,45,1,0
2023-10-07,Surabaya,SKU_BATIK_TULIS,Fashion Premium,1200000,0,14,0,14
2023-10-07,Medan,SKU_HIJAB_INSTAN,Fashion,65000,0,41,0,41
2023-10-07,Medan,SKU_KOPI_GAYO,Food & Beverage,220000,0,38,0,38
2023-10-07,Medan,SKU_BATIK_TULIS,Fashion Premium,1200000,0,8,0,8
2023-10-07,Makassar,SKU_HIJAB_INSTAN,Fashion,65000,0,7,0,7
2023-10-07,Makassar,SKU_KOPI_GAYO,Food & Beverage,220000,0,21,0,21
2023-10-07,Makassar,SKU_BATIK_TULIS,Fashion Premium,1200000,0,7,0,7
2023-10-08,Jakarta,SKU_HIJAB_INSTAN,Fashion,65000,0,165,0,165
2023-10-08,Jakarta,SKU_KOPI_GAYO,Food & Beverage,220000,0,94,1,0
2023-10-08,Jakarta,SKU_BATIK_TULIS,Fashion Premium,1200000,0,21,0,21
2023-10-08,Surabaya,SKU_HIJAB_INSTAN,Fashion,65000,0,101,0,101
2023-10-08,Surabaya,SKU_KOPI_GAYO,Food & Beverage,220000,0,49,0,49
2023-10-08,Surabaya,SKU_BATIK_TULIS,Fashion Premium,1200000,0,12,0,12
2023-10-08,Medan,SKU_HIJAB_INSTAN,Fashion,65000,0,69,0,69
2023-10-08,Medan,SKU_KOPI_GAYO,Food & Beverage,220000,0,36,0,36
2023-10-08,Medan,SKU_BATIK_TULIS,Fashion Premium,1200000,0,7,0,7
2023-10-08,Makassar,SKU_HIJAB_INSTAN,Fashion,65000,0,27,0,27
2023-10-08,Makassar,SKU_KOPI_GAYO,Food & Beverage,220000,0,22,0,22
2023-10-08,Makassar,SKU_BATIK_TULIS,Fashion Premium,1200000,0,2,0,2
2023-10-09,Jakarta,SKU_HIJAB_INSTAN,Fashion,65000,0,157,0,157
2023-10-09,Jakarta,SKU_KOPI_GAYO,Food & Beverage,220000,0,81,0,81
2023-10-09,Jakarta,SKU_BATIK_TULIS,Fashion Premium,1200000,0,13,0,13
2023-10-09,Surabaya,SKU_HIJAB_INSTAN,Fashion,65000,0,114,0,114
2023-10-09,Surabaya,SKU_KOPI_GAYO,Food & Beverage,220000,0,41,0,41
2023-10-09,Surabaya,SKU_BATIK_TULIS,Fashion Premium,1200000,0,10,0,10
2023-10-09,Medan,SKU_HIJAB_INSTAN,Fashion,65000,0,71,0,71
2023-10-09,Medan,SKU_KOPI_GAYO,Food & Beverage,220000,0,29,0,29
2023-10-09,Medan,SKU_BATIK_TULIS,Fashion Premium,1200000,0,6,0,6
2023-10-09,Makassar,SKU_HIJAB_INSTAN,Fashion,65000,0,2,1,0
2023-10-09,Makassar,SKU_KOPI_GAYO,Food & Beverage,220000,0,11,0,11
2023-10-09,Makassar,SKU_BATIK_TULIS,Fashion Premium,1200000,0,2,0,2
2023-10-10,Jakarta,SKU_HIJAB_INSTAN,Fashion,65000,0,164,0,164
2023-10-10,Jakarta,SKU_KOPI_GAYO,Food & Beverage,220000,0,89,0,89
2023-10-10,Jakarta,SKU_BATIK_TULIS,Fashion Premium,1200000,0,15,1,0
2023-10-10,Surabaya,SKU_HIJAB_INSTAN,Fashion,65000,0,97,0,97
2023-10-10,Surabaya,SKU_KOPI_GAYO,Food & Beverage,220000,0,57,0,57
2023-10-10,Surabaya,SKU_BATIK_TULIS,Fashion Premium,1200000,0,10,0,10
2023-10-10,Medan,SKU_HIJAB_INSTAN,Fashion,65000,0,55,0,55
2023-10-10,Medan,SKU_KOPI_GAYO,Food & Beverage,220000,0,30,0,30
2023-10-10,Medan,SKU_BATIK_TULIS,Fashion Premium,1200000,0,7,0,7
2023-10-10,Makassar,SKU_HIJAB_INSTAN,Fashion,65000,0,31,0,31
2023-10-10,Makassar,SKU_KOPI_GAYO,Food & Beverage,220000,0,17,0,17
2023-10-10,Makassar,SKU_BATIK_TULIS,Fashion Premium,1200000,0,3,0,3
2023-10-11,Jakarta,SKU_HIJAB_INSTAN,Fashion,65000,0,141,0,141
2023-10-11,Jakarta,SKU_KOPI_GAYO,Food & Beverage,220000,0,80,0,80
2023-10-11,Jakarta,SKU_BATIK_TULIS,Fashion Premium,1200000,0,17,1,0
2023-10-11,Surabaya,SKU_HIJAB_INSTAN,Fashion,65000,0,89,0,89
2023-10-11,Surabaya,SKU_KOPI_GAYO,Food & Beverage,220000,0,49,0,49
2023-10-11,Surabaya,SKU_BATIK_TULIS,Fashion Premium,1200000,0,10,0,10
2023-10-11,Medan,SKU_HIJAB_INSTAN,Fashion,65000,0,78,0,78
2023-10-11,Medan,SKU_KOPI_GAYO,Food & Beverage,220000,0,41,0,41
2023-10-11,Medan,SKU_BATIK_TULIS,Fashion Premium,1200000,0,8,0,8
2023-10-11,Makassar,SKU_HIJAB_INSTAN,Fashion,65000,0,30,0,30
2023-10-11,Makassar,SKU_KOPI_GAYO,Food & Beverage,220000,0,15,0,15
2023-10-11,Makassar,SKU_BATIK_TULIS,Fashion Premium,1200000,0,2,0,2
2023-10-12,Jakarta,SKU_HIJAB_INSTAN,Fashion,65000,0,188,0,188
2023-10-12,Jakarta,SKU_KOPI_GAYO,Food & Beverage,220000,0,85,0,85
2023-10-12,Jakarta,SKU_BATIK_TULIS,Fashion Premium,1200000,0,20,0,20
2023-10-12,Surabaya,SKU_HIJAB_INSTAN,Fashion,65000,0,105,0,105
2023-10-12,Surabaya,SKU_KOPI_GAYO,Food & Beverage,220000,0,59,0,59
2023-10-12,Surabaya,SKU_BATIK_TULIS,Fashion Premium,1200000,0,10,0,10
2023-10-12,Medan,SKU_HIJAB_INSTAN,Fashion,65000,0,75,0,75
2023-10-12,Medan,SKU_KOPI_GAYO,Food & Beverage,220000,0,42,0,42
2023-10-12,Medan,SKU_BATIK_TULIS,Fashion Premium,1200000,0,6,0,6
2023-10-12,Makassar,SKU_HIJAB_INSTAN,Fashion,65000,0,50,0,50
2023-10-12,Makassar,SKU_KOPI_GAYO,Food & Beverage,220000,0,10,0,10
2023-10-12,Makassar,SKU_BATIK_TULIS,Fashion Premium,1200000,0,6,0,6
2023-10-13,Jakarta,SKU_HIJAB_INSTAN,Fashion,65000,0,181,0,181
2023-10-13,Jakarta,SKU_KOPI_GAYO,Food & Beverage,220000,0,85,0,85
2023-10-13,Jakarta,SKU_BATIK_TULIS,Fashion Premium,1200000,0,22,0,22
2023-10-13,Surabaya,SKU_HIJAB_INSTAN,Fashion,65000,0,112,0,112
2023-10-13,Surabaya,SKU_KOPI_GAYO,Food & Beverage,220000,0,42,0,42
2023-10-13,Surabaya,SKU_BATIK_TULIS,Fashion Premium,1200000,0,12,0,12
2023-10-13,Medan,SKU_HIJAB_INSTAN,Fashion,65000,0,57,0,57
2023-10-13,Medan,SKU_KOPI_GAYO,Food & Beverage,220000,0,29,0,29
2023-10-13,Medan,SKU_BATIK_TULIS,Fashion Premium,1200000,0,6,0,6
2023-10-13,Makassar,SKU_HIJAB_INSTAN,Fashion,65000,0,43,0,43
2023-10-13,Makassar,SKU_KOPI_GAYO,Food & Beverage,220000,0,24,0,24
2023-10-13,Makassar,SKU_BATIK_TULIS,Fashion Premium,1200000,0,2,0,2
2023-10-14,Jakarta,SKU_HIJAB_INSTAN,Fashion,65000,0,168,0,168
2023-10-14,Jakarta,SKU_KOPI_GAYO,Food & Beverage,220000,0,75,0,75
2023-10-14,Jakarta,SKU_BATIK_TULIS,Fashion Premium,1200000,0,28,0,28
2023-10-14,Surabaya,SKU_HIJAB_INSTAN,Fashion,65000,0,122,1,0
2023-10-14,Surabaya,SKU_KOPI_GAYO,Food & Beverage,220000,0,62,0,62
2023-10-14,Surabaya,SKU_BATIK_TULIS,Fashion Premium,1200000,0,14,0,14
2023-10-14,Medan,SKU_HIJAB_INSTAN,Fashion,65000,0,45,0,45
2023-10-14,Medan,SKU_KOPI_GAYO,Food & Beverage,220000,0,40,0,40
2023-10-14,Medan,SKU_BATIK_TULIS,Fashion Premium,1200000,0,12,0,12
2023-10-14,Makassar,SKU_HIJAB_INSTAN,Fashion,65000,0,29,0,29
2023-10-14,Makassar,SKU_KOPI_GAYO,Food & Beverage,220000,0,2,0,2
2023-10-14,Makassar,SKU_BATIK_TULIS,Fashion Premium,1200000,0,2,0,2
2023-10-15,Jakarta,SKU_HIJAB_INSTAN,Fashion,65000,0,202,0,202
2023-10-15,Jakarta,SKU_KOPI_GAYO,Food & Beverage,220000,0,94,0,94
2023-10-15,Jakarta,SKU_BATIK_TULIS,Fashion Premium,1200000,0,24,0,24
2023-10-15,Surabaya,SKU_HIJAB_INSTAN,Fashion,65000,0,113,0,113
2023-10-15,Surabaya,SKU_KOPI_GAYO,Food & Beverage,220000,0,60,0,60
2023-10-15,Surabaya,SKU_BATIK_TULIS,Fashion Premium,1200000,0,12,0,12
2023-10-15,Medan,SKU_HIJAB_INSTAN,Fashion,65000,0,59,0,59
2023-10-15,Medan,SKU_KOPI_GAYO,Food & Beverage,220000,0,41,0,41
2023-10-15,Medan,SKU_BATIK_TULIS,Fashion Premium,1200000,0,10,0,10
2023-10-15,Makassar,SKU_HIJAB_INSTAN,Fashion,65000,0,28,0,28
2023-10-15,Makassar,SKU_KOPI_GAYO,Food & Beverage,220000,0,29,0,29
2023-10-15,Makassar,SKU_BATIK_TULIS,Fashion Premium,1200000,0,7,0,7
2023-10-16,Jakarta,SKU_HIJAB_INSTAN,Fashion,65000,0,142,0,142
2023-10-16,Jakarta,SKU_KOPI_GAYO,Food & Beverage,220000,0,77,0,77
2023-10-16,Jakarta,SKU_BATIK_TULIS,Fashion Premium,1200000,0,13,0,13
2023-10-16,Surabaya,SKU_HIJAB_INSTAN,Fashion,65000,0,91,0,91
2023-10-16,Surabaya,SKU_KOPI_GAYO,Food & Beverage,220000,0,47,0,47
2023-10-16,Surabaya,SKU_BATIK_TULIS,Fashion Premium,1200000,0,7,0,7
2023-10-16,Medan,SKU_HIJAB_INSTAN,Fashion,65000,0,51,0,51
2023-10-16,Medan,SKU_KOPI_GAYO,Food & Beverage,220000,0,19,0,19
2023-10-16,Medan,SKU_BATIK_TULIS,Fashion Premium,1200000,0,3,0,3
2023-10-16,Makassar,SKU_HIJAB_INSTAN,Fashion,65000,0,12,0,12
2023-10-16,Makassar,SKU_KOPI_GAYO,Food & Beverage,220000,0,30,0,30
2023-10-16,Makassar,SKU_BATIK_TULIS,Fashion Premium,1200000,0,5,0,5
2023-10-17,Jakarta,SKU_HIJAB_INSTAN,Fashion,65000,0,169,0,169
2023-10-17,Jakarta,SKU_KOPI_GAYO,Food & Beverage,220000,0,80,0,80
2023-10-17,Jakarta,SKU_BATIK_TULIS,Fashion Premium,1200000,0,13,0,13
2023-10-17,Surabaya,SKU_HIJAB_INSTAN,Fashion,65000,0,95,0,95
2023-10-17,Surabaya,SKU_KOPI_GAYO,Food & Beverage,220000,0,53,0,53
2023-10-17,Surabaya,SKU_BATIK_TULIS,Fashion Premium,1200000,0,8,0,8
2023-10-17,Medan,SKU_HIJAB_INSTAN,Fashion,65000,0,68,0,68
2023-10-17,Medan,SKU_KOPI_GAYO,Food & Beverage,220000,0,25,0,25
2023-10-17,Medan,SKU_BATIK_TULIS,Fashion Premium,1200000,0,5,0,5
2023-10-17,Makassar,SKU_HIJAB_INSTAN,Fashion,65000,0,28,0,28
2023-10-17,Makassar,SKU_KOPI_GAYO,Food & Beverage,220000,0,29,0,29
2023-10-17,Makassar,SKU_BATIK_TULIS,Fashion Premium,1200000,0,2,1,0
2023-10-18,Jakarta,SKU_HIJAB_INSTAN,Fashion,65000,0,196,0,196
2023-10-18,Jakarta,SKU_KOPI_GAYO,Food & Beverage,220000,0,88,0,88
2023-10-18,Jakarta,SKU_BATIK_TULIS,Fashion Premium,1200000,0,19,0,19
2023-10-18,Surabaya,SKU_HIJAB_INSTAN,Fashion,65000,0,85,0,85
2023-10-18,Surabaya,SKU_KOPI_GAYO,Food & Beverage,220000,0,43,0,43
2023-10-18,Surabaya,SKU_BATIK_TULIS,Fashion Premium,1200000,0,8,0,8
2023-10-18,Medan,SKU_HIJAB_INSTAN,Fashion,65000,0,66,0,66
2023-10-18,Medan,SKU_KOPI_GAYO,Food & Beverage,220000,0,45,0,45
2023-10-18,Medan,SKU_BATIK_TULIS,Fashion Premium,1200000,0,5,0,5
2023-10-18,Makassar,SKU_HIJAB_INSTAN,Fashion,65000,0,44,0,44
2023-10-18,Makassar,SKU_KOPI_GAYO,Food & Beverage,220000,0,30,0,30
2023-10-18,Makassar,SKU_BATIK_TULIS,Fashion Premium,1200000,0,3,0,3
2023-10-19,Jakarta,SKU_HIJAB_INSTAN,Fashion,65000,0,184,0,184
2023-10-19,Jakarta,SKU_KOPI_GAYO,Food & Beverage,220000,0,82,0,82
2023-10-19,Jakarta,SKU_BATIK_TULIS,Fashion Premium,1200000,0,19,0,19
2023-10-19,Surabaya,SKU_HIJAB_INSTAN,Fashion,65000,0,110,0,110
2023-10-19,Surabaya,SKU_KOPI_GAYO,Food & Beverage,220000,0,43,0,43
2023-10-19,Surabaya,SKU_BATIK_TULIS,Fashion Premium,1200000,0,9,0,9
2023-10-19,Medan,SKU_HIJAB_INSTAN,Fashion,65000,0,63,0,63
2023-10-19,Medan,SKU_KOPI_GAYO,Food & Beverage,220000,0,23,0,23
2023-10-19,Medan,SKU_BATIK_TULIS,Fashion Premium,1200000,0,6,0,6
2023-10-19,Makassar,SKU_HIJAB_INSTAN,Fashion,65000,0,31,0,31
2023-10-19,Makassar,SKU_KOPI_GAYO,Food & Beverage,220000,0,7,0,7
2023-10-19,Makassar,SKU_BATIK_TULIS,Fashion Premium,1200000,0,6,0,6
2023-10-20,Jakarta,SKU_HIJAB_INSTAN,Fashion,65000,0,194,0,194
2023-10-20,Jakarta,SKU_KOPI_GAYO,Food & Beverage,220000,0,116,0,116
2023-10-20,Jakarta,SKU_BATIK_TULIS,Fashion Premium,1200000,0,19,0,19
2023-10-20,Surabaya,SKU_HIJAB_INSTAN,Fashion,65000,0,114,0,114
2023-10-20,Surabaya,SKU_KOPI_GAYO,Food & Beverage,220000,0,49,0,49
2023-10-20,Surabaya,SKU_BATIK_TULIS,Fashion Premium,1200000,0,10,0,10
2023-10-20,Medan,SKU_HIJAB_INSTAN,Fashion,65000,0,85,0,85
2023-10-20,Medan,SKU_KOPI_GAYO,Food & Beverage,220000,0,36,0,36
2023-10-20,Medan,SKU_BATIK_TULIS,Fashion Premium,1200000,0,7,0,7
2023-10-20,Makassar,SKU_HIJAB_INSTAN,Fashion,65000,0,40,0,40
2023-10-20,Makassar,SKU_KOPI_GAYO,Food & Beverage,220000,0,11,0,11
2023-10-20,Makassar,SKU_BATIK_TULIS,Fashion Premium,1200000,0,2,0,2
2023-10-21,Jakarta,SKU_HIJAB_INSTAN,Fashion,65000,0,188,0,188
2023-10-21,Jakarta,SKU_KOPI_GAYO,Food & Beverage,220000,0,102,0,102
2023-10-21,Jakarta,SKU_BATIK_TULIS,Fashion Premium,1200000,0,26,0,26
2023-10-21,Surabaya,SKU_HIJAB_INSTAN,Fashion,65000,0,99,0,99
2023-10-21,Surabaya,SKU_KOPI_GAYO,Food & Beverage,220000,0,69,0,69
2023-10-21,Surabaya,SKU_BATIK_TULIS,Fashion Premium,1200000,0,14,0,14
2023-10-21,Medan,SKU_HIJAB_INSTAN,Fashion,65000,0,86,0,86
2023-10-21,Medan,SKU_KOPI_GAYO,Food & Beverage,220000,0,32,0,32
2023-10-21,Medan,SKU_BATIK_TULIS,Fashion Premium,1200000,0,9,0,9
2023-10-21,Makassar,SKU_HIJAB_INSTAN,Fashion,65000,0,21,0,21
2023-10-21,Makassar,SKU_KOPI_GAYO,Food & Beverage,220000,0,12,0,12
2023-10-21,Makassar,SKU_BATIK_TULIS,Fashion Premium,1200000,0,6,0,6
2023-10-22,Jakarta,SKU_HIJAB_INSTAN,Fashion,65000,0,203,0,203
2023-10-22,Jakarta,SKU_KOPI_GAYO,Food & Beverage,220000,0,95,0,95
2023-10-22,Jakarta,SKU_BATIK_TULIS,Fashion Premium,1200000,0,21,0,21
2023-10-22,Surabaya,SKU_HIJAB_INSTAN,Fashion,65000,0,94,0,94
2023-10-22,Surabaya,SKU_KOPI_GAYO,Food & Beverage,220000,0,64,0,64
2023-10-22,Surabaya,SKU_BATIK_TULIS,Fashion Premium,1200000,0,15,0,15
2023-10-22,Medan,SKU_HIJAB_INSTAN,Fashion,65000,0,47,0,47
2023-10-22,Medan,SKU_KOPI_GAYO,Food & Beverage,220000,0,43,0,43
2023-10-22,Medan,SKU_BATIK_TULIS,Fashion Premium,1200000,0,8,0,8
2023-10-22,Makassar,SKU_HIJAB_INSTAN,Fashion,65000,0,48,0,48
2023-10-22,Makassar,SKU_KOPI_GAYO,Food & Beverage,220000,0,7,0,7
2023-10-22,Makassar,SKU_BATIK_TULIS,Fashion Premium,1200000,0,3,0,3
2023-10-23,Jakarta,SKU_HIJAB_INSTAN,Fashion,65000,0,155,0,155
2023-10-23,Jakarta,SKU_KOPI_GAYO,Food & Beverage,220000,0,96,0,96
2023-10-23,Jakarta,SKU_BATIK_TULIS,Fashion Premium,1200000,0,17,0,17
2023-10-23,Surabaya,SKU_HIJAB_INSTAN,Fashion,65000,0,94,0,94
2023-10-23,Surabaya,SKU_KOPI_GAYO,Food & Beverage,220000,0,57,0,57
2023-10-23,Surabaya,SKU_BATIK_TULIS,Fashion Premium,1200000,0,8,0,8
2023-10-23,Medan,SKU_HIJAB_INSTAN,Fashion,65000,0,64,0,64
2023-10-23,Medan,SKU_KOPI_GAYO,Food & Beverage,220000,0,37,0,37
2023-10-23,Medan,SKU_BATIK_TULIS,Fashion Premium,1200000,0,5,0,5
2023-10-23,Makassar,SKU_HIJAB_INSTAN,Fashion,65000,0,41,0,41
2023-10-23,Makassar,SKU_KOPI_GAYO,Food & Beverage,220000,0,9,0,9
2023-10-23,Makassar,SKU_BATIK_TULIS,Fashion Premium,1200000,0,2,0,2
2023-10-24,Jakarta,SKU_HIJAB_INSTAN,Fashion,65000,0,184,0,184
2023-10-24,Jakarta,SKU_KOPI_GAYO,Food & Beverage,220000,0,92,0,92
2023-10-24,Jakarta,SKU_BATIK_TULIS,Fashion Premium,1200000,0,15,1,0
2023-10-24,Surabaya,SKU_HIJAB_INSTAN,Fashion,65000,0,108,0,108
2023-10-24,Surabaya,SKU_KOPI_GAYO,Food & Beverage,220000,0,61,0,61
2023-10-24,Surabaya,SKU_BATIK_TULIS,Fashion Premium,1200000,0,6,0,6
2023-10-24,Medan,SKU_HIJAB_INSTAN,Fashion,65000,0,60,0,60
2023-10-24,Medan,SKU_KOPI_GAYO,Food & Beverage,220000,0,29,0,29
2023-10-24,Medan,SKU_BATIK_TULIS,Fashion Premium,1200000,0,4,0,4
2023-10-24,Makassar,SKU_HIJAB_INSTAN,Fashion,65000,0,58,0,58
2023-10-24,Makassar,SKU_KOPI_GAYO,Food & Beverage,220000,0,20,0,20
2023-10-24,Makassar,SKU_BATIK_TULIS,Fashion Premium,1200000,0,4,0,4
2023-10-25,Jakarta,SKU_HIJAB_INSTAN,Fashion,52000,1,254,0,254
2023-10-25,Jakarta,SKU_KOPI_GAYO,Food & Beverage,220000,0,90,0,90
2023-10-25,Jakarta,SKU_BATIK_TULIS,Fashion Premium,960000,1,27,0,27
2023-10-25,Surabaya,SKU_HIJAB_INSTAN,Fashion,52000,1,138,0,138
2023-10-25,Surabaya,SKU_KOPI_GAYO,Food & Beverage,176000,1,82,0,82
2023-10-25,Surabaya,SKU_BATIK_TULIS,Fashion Premium,1200000,0,11,0,11
2023-10-25,Medan,SKU_HIJAB_INSTAN,Fashion,65000,0,84,0,84
2023-10-25,Medan,SKU_KOPI_GAYO,Food & Beverage,220000,0,53,0,53
2023-10-25,Medan,SKU_BATIK_TULIS,Fashion Premium,1200000,0,11,0,11
2023-10-25,Makassar,SKU_HIJAB_INSTAN,Fashion,65000,0,2,0,2
2023-10-25,Makassar,SKU_KOPI_GAYO,Food & Beverage,220000,0,19,0,19
2023-10-25,Makassar,SKU_BATIK_TULIS,Fashion Premium,960000,1,4,0,4
2023-10-26,Jakarta,SKU_HIJAB_INSTAN,Fashion,65000,0,184,0,184
2023-10-26,Jakarta,SKU_KOPI_GAYO,Food & Beverage,176000,1,141,0,141
2023-10-26,Jakarta,SKU_BATIK_TULIS,Fashion Premium,1200000,0,20,0,20
2023-10-26,Surabaya,SKU_HIJAB_INSTAN,Fashion,52000,1,166,0,166
2023-10-26,Surabaya,SKU_KOPI_GAYO,Food & Beverage,220000,0,65,0,65
2023-10-26,Surabaya,SKU_BATIK_TULIS,Fashion Premium,960000,1,17,0,17
2023-10-26,Medan,SKU_HIJAB_INSTAN,Fashion,65000,0,49,0,49
2023-10-26,Medan,SKU_KOPI_GAYO,Food & Beverage,176000,1,61,0,61
2023-10-26,Medan,SKU_BATIK_TULIS,Fashion Premium,960000,1,15,0,15
2023-10-26,Makassar,SKU_HIJAB_INSTAN,Fashion,65000,0,16,0,16
2023-10-26,Makassar,SKU_KOPI_GAYO,Food & Beverage,176000,1,2,1,0
2023-10-26,Makassar,SKU_BATIK_TULIS,Fashion Premium,1200000,0,6,0,6
2023-10-27,Jakarta,SKU_HIJAB_INSTAN,Fashion,65000,0,202,0,202
2023-10-27,Jakarta,SKU_KOPI_GAYO,Food & Beverage,176000,1,161,0,161
2023-10-27,Jakarta,SKU_BATIK_TULIS,Fashion Premium,960000,1,35,0,35
2023-10-27,Surabaya,SKU_HIJAB_INSTAN,Fashion,52000,1,151,0,151
2023-10-27,Surabaya,SKU_KOPI_GAYO,Food & Beverage,220000,0,68,0,68
2023-10-27,Surabaya,SKU_BATIK_TULIS,Fashion Premium,1200000,0,13,0,13
2023-10-27,Medan,SKU_HIJAB_INSTAN,Fashion,52000,1,91,0,91
2023-10-27,Medan,SKU_KOPI_GAYO,Food & Beverage,220000,0,51,0,51
2023-10-27,Medan,SKU_BATIK_TULIS,Fashion Premium,960000,1,12,0,12
2023-10-27,Makassar,SKU_HIJAB_INSTAN,Fashion,52000,1,31,0,31
2023-10-27,Makassar,SKU_KOPI_GAYO,Food & Beverage,176000,1,49,0,49
2023-10-27,Makassar,SKU_BATIK_TULIS,Fashion Premium,1200000,0,5,0,5
2023-10-28,Jakarta,SKU_HIJAB_INSTAN,Fashion,52000,1,310,0,310
2023-10-28,Jakarta,SKU_KOPI_GAYO,Food & Beverage,176000,1,180,0,180
2023-10-28,Jakarta,SKU_BATIK_TULIS,Fashion Premium,960000,1,35,0,35
2023-10-28,Surabaya,SKU_HIJAB_INSTAN,Fashion,65000,0,144,0,144
2023-10-28,Surabaya,SKU_KOPI_GAYO,Food & Beverage,220000,0,70,0,70
2023-10-28,Surabaya,SKU_BATIK_TULIS,Fashion Premium,1200000,0,12,0,12
2023-10-28,Medan,SKU_HIJAB_INSTAN,Fashion,52000,1,102,0,102
2023-10-28,Medan,SKU_KOPI_GAYO,Food & Beverage,220000,0,52,0,52
2023-10-28,Medan,SKU_BATIK_TULIS,Fashion Premium,960000,1,17,0,17
2023-10-28,Makassar,SKU_HIJAB_INSTAN,Fashion,52000,1,79,0,79
2023-10-28,Makassar,SKU_KOPI_GAYO,Food & Beverage,220000,0,17,0,17
2023-10-28,Makassar,SKU_BATIK_TULIS,Fashion Premium,960000,1,2,0,2
2023-10-29,Jakarta,SKU_HIJAB_INSTAN,Fashion,65000,0,190,0,190
2023-10-29,Jakarta,SKU_KOPI_GAYO,Food & Beverage,220000,0,96,0,96
2023-10-29,Jakarta,SKU_BATIK_TULIS,Fashion Premium,1200000,0,22,0,22
2023-10-29,Surabaya,SKU_HIJAB_INSTAN,Fashion,65000,0,111,0,111
2023-10-29,Surabaya,SKU_KOPI_GAYO,Food & Beverage,220000,0,52,0,52
2023-10-29,Surabaya,SKU_BATIK_TULIS,Fashion Premium,1200000,0,14,0,14
2023-10-29,Medan,SKU_HIJAB_INSTAN,Fashion,65000,0,67,0,67
2023-10-29,Medan,SKU_KOPI_GAYO,Food & Beverage,220000,0,46,0,46
2023-10-29,Medan,SKU_BATIK_TULIS,Fashion Premium,1200000,0,9,0,9
2023-10-29,Makassar,SKU_HIJAB_INSTAN,Fashion,65000,0,12,0,12
2023-10-29,Makassar,SKU_KOPI_GAYO,Food & Beverage,220000,0,20,0,20
2023-10-29,Makassar,SKU_BATIK_TULIS,Fashion Premium,1200000,0,5,0,5
2023-10-30,Jakarta,SKU_HIJAB_INSTAN,Fashion,65000,0,172,0,172
2023-10-30,Jakarta,SKU_KOPI_GAYO,Food & Beverage,220000,0,79,0,79
2023-10-30,Jakarta,SKU_BATIK_TULIS,Fashion Premium,1200000,0,13,0,13
2023-10-30,Surabaya,SKU_HIJAB_INSTAN,Fashion,65000,0,101,0,101
2023-10-30,Surabaya,SKU_KOPI_GAYO,Food & Beverage,220000,0,58,0,58
2023-10-30,Surabaya,SKU_BATIK_TULIS,Fashion Premium,1200000,0,7,0,7
2023-10-30,Medan,SKU_HIJAB_INSTAN,Fashion,65000,0,65,0,65
2023-10-30,Medan,SKU_KOPI_GAYO,Food & Beverage,220000,0,33,0,33
2023-10-30,Medan,SKU_BATIK_TULIS,Fashion Premium,1200000,0,4,0,4
2023-10-30,Makassar,SKU_HIJAB_INSTAN,Fashion,65000,0,29,0,29
2023-10-30,Makassar,SKU_KOPI_GAYO,Food & Beverage,220000,0,24,0,24
2023-10-30,Makassar,SKU_BATIK_TULIS,Fashion Premium,1200000,0,2,0,2
2023-10-31,Jakarta,SKU_HIJAB_INSTAN,Fashion,65000,0,157,0,157
2023-10-31,Jakarta,SKU_KOPI_GAYO,Food & Beverage,220000,0,89,0,89
2023-10-31,Jakarta,SKU_BATIK_TULIS,Fashion Premium,1200000,0,16,0,16
2023-10-31,Surabaya,SKU_HIJAB_INSTAN,Fashion,65000,0,83,0,83
2023-10-31,Surabaya,SKU_KOPI_GAYO,Food & Beverage,220000,0,53,0,53
2023-10-31,Surabaya,SKU_BATIK_TULIS,Fashion Premium,1200000,0,8,0,8
2023-10-31,Medan,SKU_HIJAB_INSTAN,Fashion,65000,0,64,0,64
2023-10-31,Medan,SKU_KOPI_GAYO,Food & Beverage,220000,0,38,0,38
2023-10-31,Medan,SKU_BATIK_TULIS,Fashion Premium,1200000,0,5,0,5
2023-10-31,Makassar,SKU_HIJAB_INSTAN,Fashion,65000,0,6,0,6
2023-10-31,Makassar,SKU_KOPI_GAYO,Food & Beverage,220000,0,16,0,16
2023-10-31,Makassar,SKU_BATIK_TULIS,Fashion Premium,1200000,0,4,0,4
2023-11-01,Jakarta,SKU_HIJAB_INSTAN,Fashion,65000,0,171,0,171
2023-11-01,Jakarta,SKU_KOPI_GAYO,Food & Beverage,220000,0,85,0,85
2023-11-01,Jakarta,SKU_BATIK_TULIS,Fashion Premium,1200000,0,16,0,16
2023-11-01,Surabaya,SKU_HIJAB_INSTAN,Fashion,65000,0,99,0,99
2023-11-01,Surabaya,SKU_KOPI_GAYO,Food & Beverage,220000,0,39,0,39
2023-11-01,Surabaya,SKU_BATIK_TULIS,Fashion Premium,1200000,0,10,0,10
2023-11-01,Medan,SKU_HIJAB_INSTAN,Fashion,65000,0,49,0,49
2023-11-01,Medan,SKU_KOPI_GAYO,Food & Beverage,220000,0,42,0,42
2023-11-01,Medan,SKU_BATIK_TULIS,Fashion Premium,1200000,0,4,0,4
2023-11-01,Makassar,SKU_HIJAB_INSTAN,Fashion,65000,0,27,0,27
2023-11-01,Makassar,SKU_KOPI_GAYO,Food & Beverage,220000,0,13,0,13
2023-11-01,Makassar,SKU_BATIK_TULIS,Fashion Premium,1200000,0,5,0,5
2023-11-02,Jakarta,SKU_HIJAB_INSTAN,Fashion,65000,0,185,0,185
2023-11-02,Jakarta,SKU_KOPI_GAYO,Food & Beverage,220000,0,72,0,72
2023-11-02,Jakarta,SKU_BATIK_TULIS,Fashion Premium,1200000,0,18,0,18
2023-11-02,Surabaya,SKU_HIJAB_INSTAN,Fashion,65000,0,86,0,86
2023-11-02,Surabaya,SKU_KOPI_GAYO,Food & Beverage,220000,0,53,0,53
2023-11-02,Surabaya,SKU_BATIK_TULIS,Fashion Premium,1200000,0,12,0,12
2023-11-02,Medan,SKU_HIJAB_INSTAN,Fashion,65000,0,71,0,71
2023-11-02,Medan,SKU_KOPI_GAYO,Food & Beverage,220000,0,40,0,40
2023-11-02,Medan,SKU_BATIK_TULIS,Fashion Premium,1200000,0,7,0,7
2023-11-02,Makassar,SKU_HIJAB_INSTAN,Fashion,65000,0,37,0,37
2023-11-02,Makassar,SKU_KOPI_GAYO,Food & Beverage,220000,0,22,0,22
2023-11-02,Makassar,SKU_BATIK_TULIS,Fashion Premium,1200000,0,3,0,3
2023-11-03,Jakarta,SKU_HIJAB_INSTAN,Fashion,65000,0,167,0,167
2023-11-03,Jakarta,SKU_KOPI_GAYO,Food & Beverage,220000,0,86,0,86
2023-11-03,Jakarta,SKU_BATIK_TULIS,Fashion Premium,1200000,0,21,0,21
2023-11-03,Surabaya,SKU_HIJAB_INSTAN,Fashion,65000,0,108,0,108
2023-11-03,Surabaya,SKU_KOPI_GAYO,Food & Beverage,220000,0,57,0,57
2023-11-03,Surabaya,SKU_BATIK_TULIS,Fashion Premium,1200000,0,11,0,11
2023-11-03,Medan,SKU_HIJAB_INSTAN,Fashion,65000,0,82,0,82
2023-11-03,Medan,SKU_KOPI_GAYO,Food & Beverage,220000,0,49,0,49
2023-11-03,Medan,SKU_BATIK_TULIS,Fashion Premium,1200000,0,7,0,7
2023-11-03,Makassar,SKU_HIJAB_INSTAN,Fashion,65000,0,71,0,71
2023-11-03,Makassar,SKU_KOPI_GAYO,Food & Beverage,220000,0,32,0,32
2023-11-03,Makassar,SKU_BATIK_TULIS,Fashion Premium,1200000,0,4,0,4
2023-11-04,Jakarta,SKU_HIJAB_INSTAN,Fashion,65000,0,197,0,197
2023-11-04,Jakarta,SKU_KOPI_GAYO,Food & Beverage,220000,0,89,0,89
2023-11-04,Jakarta,SKU_BATIK_TULIS,Fashion Premium,1200000,0,26,0,26
2023-11-04,Surabaya,SKU_HIJAB_INSTAN,Fashion,65000,0,121,0,121
2023-11-04,Surabaya,SKU_KOPI_GAYO,Food & Beverage,220000,0,57,0,57
2023-11-04,Surabaya,SKU_BATIK_TULIS,Fashion Premium,1200000,0,13,0,13
2023-11-04,Medan,SKU_HIJAB_INSTAN,Fashion,65000,0,94,0,94
2023-11-04,Medan,SKU_KOPI_GAYO,Food & Beverage,220000,0,35,0,35
2023-11-04,Medan,SKU_BATIK_TULIS,Fashion Premium,1200000,0,7,0,7
2023-11-04,Makassar,SKU_HIJAB_INSTAN,Fashion,65000,0,38,0,38
2023-11-04,Makassar,SKU_KOPI_GAYO,Food & Beverage,220000,0,12,1,0
2023-11-04,Makassar,SKU_BATIK_TULIS,Fashion Premium,1200000,0,7,0,7
2023-11-05,Jakarta,SKU_HIJAB_INSTAN,Fashion,65000,0,220,0,220
2023-11-05,Jakarta,SKU_KOPI_GAYO,Food & Beverage,220000,0,91,0,91
2023-11-05,Jakarta,SKU_BATIK_TULIS,Fashion Premium,1200000,0,24,0,24
2023-11-05,Surabaya,SKU_HIJAB_INSTAN,Fashion,65000,0,130,0,130
2023-11-05,Surabaya,SKU_KOPI_GAYO,Food & Beverage,220000,0,33,0,33
2023-11-05,Surabaya,SKU_BATIK_TULIS,Fashion Premium,1200000,0,12,0,12
2023-11-05,Medan,SKU_HIJAB_INSTAN,Fashion,65000,0,78,0,78
2023-11-05,Medan,SKU_KOPI_GAYO,Food & Beverage,220000,0,33,0,33
2023-11-05,Medan,SKU_BATIK_TULIS,Fashion Premium,1200000,0,7,0,7
2023-11-05,Makassar,SKU_HIJAB_INSTAN,Fashion,65000,0,55,0,55
2023-11-05,Makassar,SKU_KOPI_GAYO,Food & Beverage,220000,0,15,0,15
2023-11-05,Makassar,SKU_BATIK_TULIS,Fashion Premium,1200000,0,5,0,5
2023-11-06,Jakarta,SKU_HIJAB_INSTAN,Fashion,65000,0,168,0,168
2023-11-06,Jakarta,SKU_KOPI_GAYO,Food & Beverage,220000,0,93,0,93
2023-11-06,Jakarta,SKU_BATIK_TULIS,Fashion Premium,1200000,0,13,0,13
2023-11-06,Surabaya,SKU_HIJAB_INSTAN,Fashion,65000,0,81,0,81
2023-11-06,Surabaya,SKU_KOPI_GAYO,Food & Beverage,220000,0,52,0,52
2023-11-06,Surabaya,SKU_BATIK_TULIS,Fashion Premium,1200000,0,6,0,6
2023-11-06,Medan,SKU_HIJAB_INSTAN,Fashion,65000,0,50,0,50
2023-11-06,Medan,SKU_KOPI_GAYO,Food & Beverage,220000,0,42,0,42
2023-11-06,Medan,SKU_BATIK_TULIS,Fashion Premium,1200000,0,6,0,6
2023-11-06,Makassar,SKU_HIJAB_INSTAN,Fashion,65000,0,29,0,29
2023-11-06,Makassar,SKU_KOPI_GAYO,Food & Beverage,220000,0,20,0,20
2023-11-06,Makassar,SKU_BATIK_TULIS,Fashion Premium,1200000,0,3,0,3
2023-11-07,Jakarta,SKU_HIJAB_INSTAN,Fashion,65000,0,142,0,142
2023-11-07,Jakarta,SKU_KOPI_GAYO,Food & Beverage,220000,0,81,0,81
2023-11-07,Jakarta,SKU_BATIK_TULIS,Fashion Premium,1200000,0,18,0,18
2023-11-07,Surabaya,SKU_HIJAB_INSTAN,Fashion,65000,0,114,0,114
2023-11-07,Surabaya,SKU_KOPI_GAYO,Food & Beverage,220000,0,52,0,52
2023-11-07,Surabaya,SKU_BATIK_TULIS,Fashion Premium,1200000,0,9,0,9
2023-11-07,Medan,SKU_HIJAB_INSTAN,Fashion,65000,0,63,0,63
2023-11-07,Medan,SKU_KOPI_GAYO,Food & Beverage,220000,0,22,0,22
2023-11-07,Medan,SKU_BATIK_TULIS,Fashion Premium,1200000,0,5,0,5
2023-11-07,Makassar,SKU_HIJAB_INSTAN,Fashion,65000,0,37,0,37
2023-11-07,Makassar,SKU_KOPI_GAYO,Food & Beverage,220000,0,13,0,13
2023-11-07,Makassar,SKU_BATIK_TULIS,Fashion Premium,1200000,0,2,0,2
2023-11-08,Jakarta,SKU_HIJAB_INSTAN,Fashion,65000,0,153,0,153
2023-11-08,Jakarta,SKU_KOPI_GAYO,Food & Beverage,220000,0,96,0,96
2023-11-08,Jakarta,SKU_BATIK_TULIS,Fashion Premium,1200000,0,15,0,15
2023-11-08,Surabaya,SKU_HIJAB_INSTAN,Fashion,65000,0,114,0,114
2023-11-08,Surabaya,SKU_KOPI_GAYO,Food & Beverage,220000,0,53,0,53
2023-11-08,Surabaya,SKU_BATIK_TULIS,Fashion Premium,1200000,0,9,0,9
2023-11-08,Medan,SKU_HIJAB_INSTAN,Fashion,65000,0,56,0,56
2023-11-08,Medan,SKU_KOPI_GAYO,Food & Beverage,220000,0,39,0,39
2023-11-08,Medan,SKU_BATIK_TULIS,Fashion Premium,1200000,0,7,0,7
2023-11-08,Makassar,SKU_HIJAB_INSTAN,Fashion,65000,0,43,0,43
2023-11-08,Makassar,SKU_KOPI_GAYO,Food & Beverage,220000,0,8,0,8
2023-11-08,Makassar,SKU_BATIK_TULIS,Fashion Premium,1200000,0,2,0,2
2023-11-09,Jakarta,SKU_HIJAB_INSTAN,Fashion,65000,0,165,0,165
2023-11-09,Jakarta,SKU_KOPI_GAYO,Food & Beverage,220000,0,74,0,74
2023-11-09,Jakarta,SKU_BATIK_TULIS,Fashion Premium,1200000,0,19,0,19
2023-11-09,Surabaya,SKU_HIJAB_INSTAN,Fashion,65000,0,110,0,110
2023-11-09,Surabaya,SKU_KOPI_GAYO,Food & Beverage,220000,0,56,0,56
2023-11-09,Surabaya,SKU_BATIK_TULIS,Fashion Premium,1200000,0,11,0,11
2023-11-09,Medan,SKU_HIJAB_INSTAN,Fashion,65000,0,63,0,63
2023-11-09,Medan,SKU_KOPI_GAYO,Food & Beverage,220000,0,29,0,29
2023-11-09,Medan,SKU_BATIK_TULIS,Fashion Premium,1200000,0,6,0,6
2023-11-09,Makassar,SKU_HIJAB_INSTAN,Fashion,65000,0,38,0,38
2023-11-09,Makassar,SKU_KOPI_GAYO,Food & Beverage,220000,0,26,0,26
2023-11-09,Makassar,SKU_BATIK_TULIS,Fashion Premium,1200000,0,3,0,3
2023-11-10,Jakarta,SKU_HIJAB_INSTAN,Fashion,65000,0,181,0,181
2023-11-10,Jakarta,SKU_KOPI_GAYO,Food & Beverage,220000,0,77,0,77
2023-11-10,Jakarta,SKU_BATIK_TULIS,Fashion Premium,1200000,0,22,0,22
2023-11-10,Surabaya,SKU_HIJAB_INSTAN,Fashion,65000,0,128,0,128
2023-11-10,Surabaya,SKU_KOPI_GAYO,Food & Beverage,220000,0,53,0,53
2023-11-10,Surabaya,SKU_BATIK_TULIS,Fashion Premium,1200000,0,12,0,12
2023-11-10,Medan,SKU_HIJAB_INSTAN,Fashion,65000,0,66,1,0
2023-11-10,Medan,SKU_KOPI_GAYO,Food & Beverage,220000,0,41,0,41
2023-11-10,Medan,SKU_BATIK_TULIS,Fashion Premium,1200000,0,5,0,5
2023-11-10,Makassar,SKU_HIJAB_INSTAN,Fashion,65000,0,53,0,53
2023-11-10,Makassar,SKU_KOPI_GAYO,Food & Beverage,220000,0,16,0,16
2023-11-10,Makassar,SKU_BATIK_TULIS,Fashion Premium,1200000,0,5,0,5
2023-11-11,Jakarta,SKU_HIJAB_INSTAN,Fashion,52000,1,494,0,494
2023-11-11,Jakarta,SKU_KOPI_GAYO,Food & Beverage,176000,1,193,1,0
2023-11-11,Jakarta,SKU_BATIK_TULIS,Fashion Premium,960000,1,79,0,79
2023-11-11,Surabaya,SKU_HIJAB_INSTAN,Fashion,52000,1,269,0,269
2023-11-11,Surabaya,SKU_KOPI_GAYO,Food & Beverage,176000,1,106,0,106
2023-11-11,Surabaya,SKU_BATIK_TULIS,Fashion Premium,960000,1,53,0,53
2023-11-11,Medan,SKU_HIJAB_INSTAN,Fashion,52000,1,173,0,173
2023-11-11,Medan,SKU_KOPI_GAYO,Food & Beverage,176000,1,64,0,64
2023-11-11,Medan,SKU_BATIK_TULIS,Fashion Premium,960000,1,31,0,31
2023-11-11,Makassar,SKU_HIJAB_INSTAN,Fashion,52000,1,40,0,40
2023-11-11,Makassar,SKU_KOPI_GAYO,Food & Beverage,176000,1,34,0,34
2023-11-11,Makassar,SKU_BATIK_TULIS,Fashion Premium,960000,1,17,0,17
2023-11-12,Jakarta,SKU_HIJAB_INSTAN,Fashion,65000,0,167,0,167
2023-11-12,Jakarta,SKU_KOPI_GAYO,Food & Beverage,220000,0,96,0,96
2023-11-12,Jakarta,SKU_BATIK_TULIS,Fashion Premium,1200000,0,22,0,22
2023-11-12,Surabaya,SKU_HIJAB_INSTAN,Fashion,65000,0,126,0,126
2023-11-12,Surabaya,SKU_KOPI_GAYO,Food & Beverage,220000,0,61,0,61
2023-11-12,Surabaya,SKU_BATIK_TULIS,Fashion Premium,1200000,0,12,0,12
2023-11-12,Medan,SKU_HIJAB_INSTAN,Fashion,65000,0,69,0,69
2023-11-12,Medan,SKU_KOPI_GAYO,Food & Beverage,220000,0,40,0,40
2023-11-12,Medan,SKU_BATIK_TULIS,Fashion Premium,1200000,0,7,0,7
2023-11-12,Makassar,SKU_HIJAB_INSTAN,Fashion,65000,0,22,0,22
2023-11-12,Makassar,SKU_KOPI_GAYO,Food & Beverage,220000,0,13,0,13
2023-11-12,Makassar,SKU_BATIK_TULIS,Fashion Premium,1200000,0,2,0,2
2023-11-13,Jakarta,SKU_HIJAB_INSTAN,Fashion,65000,0,141,0,141
2023-11-13,Jakarta,SKU_KOPI_GAYO,Food & Beverage,220000,0,76,0,76
2023-11-13,Jakarta,SKU_BATIK_TULIS,Fashion Premium,1200000,0,14,0,14
2023-11-13,Surabaya,SKU_HIJAB_INSTAN,Fashion,65000,0,88,0,88
2023-11-13,Surabaya,SKU_KOPI_GAYO,Food & Beverage,220000,0,56,0,56
2023-11-13,Surabaya,SKU_BATIK_TULIS,Fashion Premium,1200000,0,8,0,8
2023-11-13,Medan,SKU_HIJAB_INSTAN,Fashion,65000,0,61,0,61
2023-11-13,Medan,SKU_KOPI_GAYO,Food & Beverage,220000,0,45,0,45
2023-11-13,Medan,SKU_BATIK_TULIS,Fashion Premium,1200000,0,3,0,3
2023-11-13,Makassar,SKU_HIJAB_INSTAN,Fashion,65000,0,33,0,33
2023-11-13,Makassar,SKU_KOPI_GAYO,Food & Beverage,220000,0,15,0,15
2023-11-13,Makassar,SKU_BATIK_TULIS,Fashion Premium,1200000,0,3,0,3
2023-11-14,Jakarta,SKU_HIJAB_INSTAN,Fashion,65000,0,153,0,153
2023-11-14,Jakarta,SKU_KOPI_GAYO,Food & Beverage,220000,0,83,0,83
2023-11-14,Jakarta,SKU_BATIK_TULIS,Fashion Premium,1200000,0,17,0,17
2023-11-14,Surabaya,SKU_HIJAB_INSTAN,Fashion,65000,0,102,0,102
2023-11-14,Surabaya,SKU_KOPI_GAYO,Food & Beverage,220000,0,49,0,49
2023-11-14,Surabaya,SKU_BATIK_TULIS,Fashion Premium,1200000,0,8,0,8
2023-11-14,Medan,SKU_HIJAB_INSTAN,Fashion,65000,0,50,0,50
2023-11-14,Medan,SKU_KOPI_GAYO,Food & Beverage,220000,0,30,0,30
2023-11-14,Medan,SKU_BATIK_TULIS,Fashion Premium,1200000,0,2,0,2
2023-11-14,Makassar,SKU_HIJAB_INSTAN,Fashion,65000,0,29,0,29
2023-11-14,Makassar,SKU_KOPI_GAYO,Food & Beverage,220000,0,28,0,28
2023-11-14,Makassar,SKU_BATIK_TULIS,Fashion Premium,1200000,0,3,0,3
2023-11-15,Jakarta,SKU_HIJAB_INSTAN,Fashion,65000,0,157,0,157
2023-11-15,Jakarta,SKU_KOPI_GAYO,Food & Beverage,220000,0,70,0,70
2023-11-15,Jakarta,SKU_BATIK_TULIS,Fashion Premium,1200000,0,15,0,15
2023-11-15,Surabaya,SKU_HIJAB_INSTAN,Fashion,65000,0,92,0,92
2023-11-15,Surabaya,SKU_KOPI_GAYO,Food & Beverage,220000,0,53,0,53
2023-11-15,Surabaya,SKU_BATIK_TULIS,Fashion Premium,1200000,0,9,0,9
2023-11-15,Medan,SKU_HIJAB_INSTAN,Fashion,65000,0,90,0,90
2023-11-15,Medan,SKU_KOPI_GAYO,Food & Beverage,220000,0,32,0,32
2023-11-15,Medan,SKU_BATIK_TULIS,Fashion Premium,1200000,0,7,0,7
2023-11-15,Makassar,SKU_HIJAB_INSTAN,Fashion,65000,0,12,0,12
2023-11-15,Makassar,SKU_KOPI_GAYO,Food & Beverage,220000,0,16,0,16
2023-11-15,Makassar,SKU_BATIK_TULIS,Fashion Premium,1200000,0,2,0,2
2023-11-16,Jakarta,SKU_HIJAB_INSTAN,Fashion,65000,0,184,0,184
2023-11-16,Jakarta,SKU_KOPI_GAYO,Food & Beverage,220000,0,85,0,85
2023-11-16,Jakarta,SKU_BATIK_TULIS,Fashion Premium,1200000,0,20,0,20
2023-11-16,Surabaya,SKU_HIJAB_INSTAN,Fashion,65000,0,111,0,111
2023-11-16,Surabaya,SKU_KOPI_GAYO,Food & Beverage,220000,0,49,0,49
2023-11-16,Surabaya,SKU_BATIK_TULIS,Fashion Premium,1200000,0,9,0,9
2023-11-16,Medan,SKU_HIJAB_INSTAN,Fashion,65000,0,58,0,58
2023-11-16,Medan,SKU_KOPI_GAYO,Food & Beverage,220000,0,33,0,33
2023-11-16,Medan,SKU_BATIK_TULIS,Fashion Premium,1200000,0,8,0,8
2023-11-16,Makassar,SKU_HIJAB_INSTAN,Fashion,65000,0,33,0,33
2023-11-16,Makassar,SKU_KOPI_GAYO,Food & Beverage,220000,0,23,0,23
2023-11-16,Makassar,SKU_BATIK_TULIS,Fashion Premium,1200000,0,5,0,5
2023-11-17,Jakarta,SKU_HIJAB_INSTAN,Fashion,65000,0,181,0,181
2023-11-17,Jakarta,SKU_KOPI_GAYO,Food & Beverage,220000,0,84,0,84
2023-11-17,Jakarta,SKU_BATIK_TULIS,Fashion Premium,1200000,0,22,0,22
2023-11-17,Surabaya,SKU_HIJAB_INSTAN,Fashion,65000,0,136,0,136
2023-11-17,Surabaya,SKU_KOPI_GAYO,Food & Beverage,220000,0,61,0,61
2023-11-17,Surabaya,SKU_BATIK_TULIS,Fashion Premium,1200000,0,13,0,13
2023-11-17,Medan,SKU_HIJAB_INSTAN,Fashion,65000,0,59,0,59
2023-11-17,Medan,SKU_KOPI_GAYO,Food & Beverage,220000,0,34,0,34
2023-11-17,Medan,SKU_BATIK_TULIS,Fashion Premium,1200000,0,5,0,5
2023-11-17,Makassar,SKU_HIJAB_INSTAN,Fashion,65000,0,19,0,19
2023-11-17,Makassar,SKU_KOPI_GAYO,Food & Beverage,220000,0,20,0,20
2023-11-17,Makassar,SKU_BATIK_TULIS,Fashion Premium,1200000,0,2,0,2
2023-11-18,Jakarta,SKU_HIJAB_INSTAN,Fashion,65000,0,195,0,195
2023-11-18,Jakarta,SKU_KOPI_GAYO,Food & Beverage,220000,0,85,0,85
2023-11-18,Jakarta,SKU_BATIK_TULIS,Fashion Premium,1200000,0,22,0,22
2023-11-18,Surabaya,SKU_HIJAB_INSTAN,Fashion,65000,0,121,0,121
2023-11-18,Surabaya,SKU_KOPI_GAYO,Food & Beverage,220000,0,51,0,51
2023-11-18,Surabaya,SKU_BATIK_TULIS,Fashion Premium,1200000,0,12,0,12
2023-11-18,Medan,SKU_HIJAB_INSTAN,Fashion,65000,0,71,1,0
2023-11-18,Medan,SKU_KOPI_GAYO,Food & Beverage,220000,0,26,0,26
2023-11-18,Medan,SKU_BATIK_TULIS,Fashion Premium,1200000,0,12,0,12
2023-11-18,Makassar,SKU_HIJAB_INSTAN,Fashion,65000,0,50,0,50
2023-11-18,Makassar,SKU_KOPI_GAYO,Food & Beverage,220000,0,23,0,23
2023-11-18,Makassar,SKU_BATIK_TULIS,Fashion Premium,1200000,0,3,0,3
2023-11-19,Jakarta,SKU_HIJAB_INSTAN,Fashion,65000,0,197,0,197
2023-11-19,Jakarta,SKU_KOPI_GAYO,Food & Beverage,220000,0,93,0,93
2023-11-19,Jakarta,SKU_BATIK_TULIS,Fashion Premium,1200000,0,21,0,21
2023-11-19,Surabaya,SKU_HIJAB_INSTAN,Fashion,65000,0,113,0,113
2023-11-19,Surabaya,SKU_KOPI_GAYO,Food & Beverage,220000,0,43,0,43
2023-11-19,Surabaya,SKU_BATIK_TULIS,Fashion Premium,1200000,0,11,0,11
2023-11-19,Medan,SKU_HIJAB_INSTAN,Fashion,65000,0,74,0,74
2023-11-19,Medan,SKU_KOPI_GAYO,Food & Beverage,220000,0,33,0,33
2023-11-19,Medan,SKU_BATIK_TULIS,Fashion Premium,1200000,0,9,0,9
2023-11-19,Makassar,SKU_HIJAB_INSTAN,Fashion,65000,0,27,0,27
2023-11-19,Makassar,SKU_KOPI_GAYO,Food & Beverage,220000,0,15,0,15
2023-11-19,Makassar,SKU_BATIK_TULIS,Fashion Premium,1200000,0,4,0,4
2023-11-20,Jakarta,SKU_HIJAB_INSTAN,Fashion,65000,0,146,0,146
2023-11-20,Jakarta,SKU_KOPI_GAYO,Food & Beverage,220000,0,81,0,81
2023-11-20,Jakarta,SKU_BATIK_TULIS,Fashion Premium,1200000,0,14,0,14
2023-11-20,Surabaya,SKU_HIJAB_INSTAN,Fashion,65000,0,112,0,112
2023-11-20,Surabaya,SKU_KOPI_GAYO,Food & Beverage,220000,0,45,0,45
2023-11-20,Surabaya,SKU_BATIK_TULIS,Fashion Premium,1200000,0,8,0,8
2023-11-20,Medan,SKU_HIJAB_INSTAN,Fashion,65000,0,96,0,96
2023-11-20,Medan,SKU_KOPI_GAYO,Food & Beverage,220000,0,39,0,39
2023-11-20,Medan,SKU_BATIK_TULIS,Fashion Premium,1200000,0,7,0,7
2023-11-20,Makassar,SKU_HIJAB_INSTAN,Fashion,65000,0,37,0,37
2023-11-20,Makassar,SKU_KOPI_GAYO,Food & Beverage,220000,0,24,0,24
2023-11-20,Makassar,SKU_BATIK_TULIS,Fashion Premium,1200000,0,2,0,2
2023-11-21,Jakarta,SKU_HIJAB_INSTAN,Fashion,65000,0,173,0,173
2023-11-21,Jakarta,SKU_KOPI_GAYO,Food & Beverage,220000,0,90,0,90
2023-11-21,Jakarta,SKU_BATIK_TULIS,Fashion Premium,1200000,0,14,0,14
2023-11-21,Surabaya,SKU_HIJAB_INSTAN,Fashion,65000,0,92,0,92
2023-11-21,Surabaya,SKU_KOPI_GAYO,Food & Beverage,220000,0,37,0,37
2023-11-21,Surabaya,SKU_BATIK_TULIS,Fashion Premium,1200000,0,9,0,9
2023-11-21,Medan,SKU_HIJAB_INSTAN,Fashion,65000,0,76,0,76
2023-11-21,Medan,SKU_KOPI_GAYO,Food & Beverage,220000,0,30,0,30
2023-11-21,Medan,SKU_BATIK_TULIS,Fashion Premium,1200000,0,5,0,5
2023-11-21,Makassar,SKU_HIJAB_INSTAN,Fashion,65000,0,18,0,18
2023-11-21,Makassar,SKU_KOPI_GAYO,Food & Beverage,220000,0,16,0,16
2023-11-21,Makassar,SKU_BATIK_TULIS,Fashion Premium,1200000,0,3,0,3
2023-11-22,Jakarta,SKU_HIJAB_INSTAN,Fashion,65000,0,186,0,186
2023-11-22,Jakarta,SKU_KOPI_GAYO,Food & Beverage,220000,0,71,0,71
2023-11-22,Jakarta,SKU_BATIK_TULIS,Fashion Premium,1200000,0,18,0,18
2023-11-22,Surabaya,SKU_HIJAB_INSTAN,Fashion,65000,0,101,0,101
2023-11-22,Surabaya,SKU_KOPI_GAYO,Food & Beverage,220000,0,58,0,58
2023-11-22,Surabaya,SKU_BATIK_TULIS,Fashion Premium,1200000,0,10,0,10
2023-11-22,Medan,SKU_HIJAB_INSTAN,Fashion,65000,0,66,0,66
2023-11-22,Medan,SKU_KOPI_GAYO,Food & Beverage,220000,0,34,0,34
2023-11-22,Medan,SKU_BATIK_TULIS,Fashion Premium,1200000,0,7,0,7
2023-11-22,Makassar,SKU_HIJAB_INSTAN,Fashion,65000,0,29,0,29
2023-11-22,Makassar,SKU_KOPI_GAYO,Food & Beverage,220000,0,15,0,15
2023-11-22,Makassar,SKU_BATIK_TULIS,Fashion Premium,1200000,0,2,0,2
2023-11-23,Jakarta,SKU_HIJAB_INSTAN,Fashion,65000,0,178,0,178
2023-11-23,Jakarta,SKU_KOPI_GAYO,Food & Beverage,220000,0,82,0,82
2023-11-23,Jakarta,SKU_BATIK_TULIS,Fashion Premium,1200000,0,20,0,20
2023-11-23,Surabaya,SKU_HIJAB_INSTAN,Fashion,65000,0,115,0,115
2023-11-23,Surabaya,SKU_KOPI_GAYO,Food & Beverage,220000,0,49,0,49
2023-11-23,Surabaya,SKU_BATIK_TULIS,Fashion Premium,1200000,0,11,0,11
2023-11-23,Medan,SKU_HIJAB_INSTAN,Fashion,65000,0,74,0,74
2023-11-23,Medan,SKU_KOPI_GAYO,Food & Beverage,220000,0,31,0,31
2023-11-23,Medan,SKU_BATIK_TULIS,Fashion Premium,1200000,0,8,0,8
2023-11-23,Makassar,SKU_HIJAB_INSTAN,Fashion,65000,0,54,1,0
2023-11-23,Makassar,SKU_KOPI_GAYO,Food & Beverage,220000,0,25,1,0
2023-11-23,Makassar,SKU_BATIK_TULIS,Fashion Premium,1200000,0,2,0,2
2023-11-24,Jakarta,SKU_HIJAB_INSTAN,Fashion,65000,0,187,0,187
2023-11-24,Jakarta,SKU_KOPI_GAYO,Food & Beverage,220000,0,97,0,97
2023-11-24,Jakarta,SKU_BATIK_TULIS,Fashion Premium,1200000,0,20,0,20
2023-11-24,Surabaya,SKU_HIJAB_INSTAN,Fashion,65000,0,123,0,123
2023-11-24,Surabaya,SKU_KOPI_GAYO,Food & Beverage,220000,0,49,0,49
2023-11-24,Surabaya,SKU_BATIK_TULIS,Fashion Premium,1200000,0,12,0,12
2023-11-24,Medan,SKU_HIJAB_INSTAN,Fashion,65000,0,61,0,61
2023-11-24,Medan,SKU_KOPI_GAYO,Food & Beverage,220000,0,30,0,30
2023-11-24,Medan,SKU_BATIK_TULIS,Fashion Premium,1200000,0,9,0,9
2023-11-24,Makassar,SKU_HIJAB_INSTAN,Fashion,65000,0,16,0,16
2023-11-24,Makassar,SKU_KOPI_GAYO,Food & Beverage,220000,0,16,0,16
2023-11-24,Makassar,SKU_BATIK_TULIS,Fashion Premium,1200000,0,4,0,4
2023-11-25,Jakarta,SKU_HIJAB_INSTAN,Fashion,65000,0,225,0,225
2023-11-25,Jakarta,SKU_KOPI_GAYO,Food & Beverage,176000,1,140,0,140
2023-11-25,Jakarta,SKU_BATIK_TULIS,Fashion Premium,1200000,0,32,0,32
2023-11-25,Surabaya,SKU_HIJAB_INSTAN,Fashion,52000,1,136,0,136
2023-11-25,Surabaya,SKU_KOPI_GAYO,Food & Beverage,176000,1,107,0,107
2023-11-25,Surabaya,SKU_BATIK_TULIS,Fashion Premium,1200000,0,14,0,14
2023-11-25,Medan,SKU_HIJAB_INSTAN,Fashion,52000,1,125,0,125
2023-11-25,Medan,SKU_KOPI_GAYO,Food & Beverage,176000,1,41,0,41
2023-11-25,Medan,SKU_BATIK_TULIS,Fashion Premium,960000,1,16,0,16
2023-11-25,Makassar,SKU_HIJAB_INSTAN,Fashion,65000,0,13,0,13
2023-11-25,Makassar,SKU_KOPI_GAYO,Food & Beverage,220000,0,17,0,17
2023-11-25,Makassar,SKU_BATIK_TULIS,Fashion Premium,1200000,0,4,0,4
2023-11-26,Jakarta,SKU_HIJAB_INSTAN,Fashion,65000,0,189,0,189
2023-11-26,Jakarta,SKU_KOPI_GAYO,Food & Beverage,176000,1,146,0,146
2023-11-26,Jakarta,SKU_BATIK_TULIS,Fashion Premium,1200000,0,27,0,27
2023-11-26,Surabaya,SKU_HIJAB_INSTAN,Fashion,52000,1,218,0,218
2023-11-26,Surabaya,SKU_KOPI_GAYO,Food & Beverage,220000,0,66,0,66
2023-11-26,Surabaya,SKU_BATIK_TULIS,Fashion Premium,1200000,0,17,0,17
2023-11-26,Medan,SKU_HIJAB_INSTAN,Fashion,65000,0,107,0,107
2023-11-26,Medan,SKU_KOPI_GAYO,Food & Beverage,220000,0,41,0,41
2023-11-26,Medan,SKU_BATIK_TULIS,Fashion Premium,960000,1,17,0,17
2023-11-26,Makassar,SKU_HIJAB_INSTAN,Fashion,65000,0,26,0,26
2023-11-26,Makassar,SKU_KOPI_GAYO,Food & Beverage,176000,1,21,0,21
2023-11-26,Makassar,SKU_BATIK_TULIS,Fashion Premium,1200000,0,5,0,5
2023-11-27,Jakarta,SKU_HIJAB_INSTAN,Fashion,65000,0,201,0,201
2023-11-27,Jakarta,SKU_KOPI_GAYO,Food & Beverage,176000,1,134,0,134
2023-11-27,Jakarta,SKU_BATIK_TULIS,Fashion Premium,1200000,0,16,0,16
2023-11-27,Surabaya,SKU_HIJAB_INSTAN,Fashion,52000,1,148,0,148
2023-11-27,Surabaya,SKU_KOPI_GAYO,Food & Beverage,220000,0,61,0,61
2023-11-27,Surabaya,SKU_BATIK_TULIS,Fashion Premium,1200000,0,10,1,0
2023-11-27,Medan,SKU_HIJAB_INSTAN,Fashion,65000,0,61,0,61
2023-11-27,Medan,SKU_KOPI_GAYO,Food & Beverage,176000,1,44,0,44
2023-11-27,Medan,SKU_BATIK_TULIS,Fashion Premium,1200000,0,9,0,9
2023-11-27,Makassar,SKU_HIJAB_INSTAN,Fashion,65000,0,23,0,23
2023-11-27,Makassar,SKU_KOPI_GAYO,Food & Beverage,176000,1,34,0,34
2023-11-27,Makassar,SKU_BATIK_TULIS,Fashion Premium,960000,1,5,0,5
2023-11-28,Jakarta,SKU_HIJAB_INSTAN,Fashion,65000,0,190,0,190
2023-11-28,Jakarta,SKU_KOPI_GAYO,Food & Beverage,220000,0,100,0,100
2023-11-28,Jakarta,SKU_BATIK_TULIS,Fashion Premium,1200000,0,17,0,17
2023-11-28,Surabaya,SKU_HIJAB_INSTAN,Fashion,65000,0,100,0,100
2023-11-28,Surabaya,SKU_KOPI_GAYO,Food & Beverage,220000,0,48,0,48
2023-11-28,Surabaya,SKU_BATIK_TULIS,Fashion Premium,960000,1,20,0,20
2023-11-28,Medan,SKU_HIJAB_INSTAN,Fashion,52000,1,67,0,67
2023-11-28,Medan,SKU_KOPI_GAYO,Food & Beverage,220000,0,33,0,33
2023-11-28,Medan,SKU_BATIK_TULIS,Fashion Premium,1200000,0,7,0,7
2023-11-28,Makassar,SKU_HIJAB_INSTAN,Fashion,65000,0,22,0,22
2023-11-28,Makassar,SKU_KOPI_GAYO,Food & Beverage,220000,0,17,1,0
2023-11-28,Makassar,SKU_BATIK_TULIS,Fashion Premium,960000,1,4,0,4
2023-11-29,Jakarta,SKU_HIJAB_INSTAN,Fashion,65000,0,193,0,193
2023-11-29,Jakarta,SKU_KOPI_GAYO,Food & Beverage,220000,0,84,0,84
2023-11-29,Jakarta,SKU_BATIK_TULIS,Fashion Premium,1200000,0,15,0,15
2023-11-29,Surabaya,SKU_HIJAB_INSTAN,Fashion,65000,0,88,0,88
2023-11-29,Surabaya,SKU_KOPI_GAYO,Food & Beverage,220000,0,32,0,32
2023-11-29,Surabaya,SKU_BATIK_TULIS,Fashion Premium,1200000,0,10,0,10
2023-11-29,Medan,SKU_HIJAB_INSTAN,Fashion,65000,0,47,0,47
2023-11-29,Medan,SKU_KOPI_GAYO,Food & Beverage,220000,0,30,0,30
2023-11-29,Medan,SKU_BATIK_TULIS,Fashion Premium,1200000,0,7,0,7
2023-11-29,Makassar,SKU_HIJAB_INSTAN,Fashion,65000,0,44,0,44
2023-11-29,Makassar,SKU_KOPI_GAYO,Food & Beverage,220000,0,27,0,27
2023-11-29,Makassar,SKU_BATIK_TULIS,Fashion Premium,1200000,0,5,0,5
2023-11-30,Jakarta,SKU_HIJAB_INSTAN,Fashion,65000,0,210,0,210
2023-11-30,Jakarta,SKU_KOPI_GAYO,Food & Beverage,220000,0,86,0,86
2023-11-30,Jakarta,SKU_BATIK_TULIS,Fashion Premium,1200000,0,17,0,17
2023-11-30,Surabaya,SKU_HIJAB_INSTAN,Fashion,65000,0,108,0,108
2023-11-30,Surabaya,SKU_KOPI_GAYO,Food & Beverage,220000,0,43,0,43
2023-11-30,Surabaya,SKU_BATIK_TULIS,Fashion Premium,1200000,0,10,0,10
2023-11-30,Medan,SKU_HIJAB_INSTAN,Fashion,65000,0,70,0,70
2023-11-30,Medan,SKU_KOPI_GAYO,Food & Beverage,220000,0,38,0,38
2023-11-30,Medan,SKU_BATIK_TULIS,Fashion Premium,1200000,0,8,0,8
2023-11-30,Makassar,SKU_HIJAB_INSTAN,Fashion,65000,0,30,0,30
2023-11-30,Makassar,SKU_KOPI_GAYO,Food & Beverage,220000,0,9,0,9
2023-11-30,Makassar,SKU_BATIK_TULIS,Fashion Premium,1200000,0,2,0,2
2023-12-01,Jakarta,SKU_HIJAB_INSTAN,Fashion,65000,0,153,0,153
2023-12-01,Jakarta,SKU_KOPI_GAYO,Food & Beverage,220000,0,87,0,87
2023-12-01,Jakarta,SKU_BATIK_TULIS,Fashion Premium,1200000,0,19,0,19
2023-12-01,Surabaya,SKU_HIJAB_INSTAN,Fashion,65000,0,101,0,101
2023-12-01,Surabaya,SKU_KOPI_GAYO,Food & Beverage,220000,0,57,0,57
2023-12-01,Surabaya,SKU_BATIK_TULIS,Fashion Premium,1200000,0,10,0,10
2023-12-01,Medan,SKU_HIJAB_INSTAN,Fashion,65000,0,73,0,73
2023-12-01,Medan,SKU_KOPI_GAYO,Food & Beverage,220000,0,34,0,34
2023-12-01,Medan,SKU_BATIK_TULIS,Fashion Premium,1200000,0,9,0,9
2023-12-01,Makassar,SKU_HIJAB_INSTAN,Fashion,65000,0,44,0,44
2023-12-01,Makassar,SKU_KOPI_GAYO,Food & Beverage,220000,0,15,1,0
2023-12-01,Makassar,SKU_BATIK_TULIS,Fashion Premium,1200000,0,4,0,4
2023-12-02,Jakarta,SKU_HIJAB_INSTAN,Fashion,65000,0,197,0,197
2023-12-02,Jakarta,SKU_KOPI_GAYO,Food & Beverage,220000,0,91,0,91
2023-12-02,Jakarta,SKU_BATIK_TULIS,Fashion Premium,1200000,0,23,0,23
2023-12-02,Surabaya,SKU_HIJAB_INSTAN,Fashion,65000,0,128,0,128
2023-12-02,Surabaya,SKU_KOPI_GAYO,Food & Beverage,220000,0,66,1,0
2023-12-02,Surabaya,SKU_BATIK_TULIS,Fashion Premium,1200000,0,17,0,17
2023-12-02,Medan,SKU_HIJAB_INSTAN,Fashion,65000,0,60,0,60
2023-12-02,Medan,SKU_KOPI_GAYO,Food & Beverage,220000,0,47,0,47
2023-12-02,Medan,SKU_BATIK_TULIS,Fashion Premium,1200000,0,8,0,8
2023-12-02,Makassar,SKU_HIJAB_INSTAN,Fashion,65000,0,42,0,42
2023-12-02,Makassar,SKU_KOPI_GAYO,Food & Beverage,220000,0,21,0,21
2023-12-02,Makassar,SKU_BATIK_TULIS,Fashion Premium,1200000,0,2,0,2
2023-12-03,Jakarta,SKU_HIJAB_INSTAN,Fashion,65000,0,189,0,189
2023-12-03,Jakarta,SKU_KOPI_GAYO,Food & Beverage,220000,0,102,0,102
2023-12-03,Jakarta,SKU_BATIK_TULIS,Fashion Premium,1200000,0,18,0,18
2023-12-03,Surabaya,SKU_HIJAB_INSTAN,Fashion,65000,0,152,0,152
2023-12-03,Surabaya,SKU_KOPI_GAYO,Food & Beverage,220000,0,41,0,41
2023-12-03,Surabaya,SKU_BATIK_TULIS,Fashion Premium,1200000,0,14,0,14
2023-12-03,Medan,SKU_HIJAB_INSTAN,Fashion,65000,0,54,0,54
2023-12-03,Medan,SKU_KOPI_GAYO,Food & Beverage,220000,0,40,0,40
2023-12-03,Medan,SKU_BATIK_TULIS,Fashion Premium,1200000,0,11,0,11
2023-12-03,Makassar,SKU_HIJAB_INSTAN,Fashion,65000,0,50,0,50
2023-12-03,Makassar,SKU_KOPI_GAYO,Food & Beverage,220000,0,8,0,8
2023-12-03,Makassar,SKU_BATIK_TULIS,Fashion Premium,1200000,0,6,0,6
2023-12-04,Jakarta,SKU_HIJAB_INSTAN,Fashion,65000,0,153,0,153
2023-12-04,Jakarta,SKU_KOPI_GAYO,Food & Beverage,220000,0,75,0,75
2023-12-04,Jakarta,SKU_BATIK_TULIS,Fashion Premium,1200000,0,16,0,16
2023-12-04,Surabaya,SKU_HIJAB_INSTAN,Fashion,65000,0,120,0,120
2023-12-04,Surabaya,SKU_KOPI_GAYO,Food & Beverage,220000,0,51,0,51
2023-12-04,Surabaya,SKU_BATIK_TULIS,Fashion Premium,1200000,0,8,0,8
2023-12-04,Medan,SKU_HIJAB_INSTAN,Fashion,65000,0,52,0,52
2023-12-04,Medan,SKU_KOPI_GAYO,Food & Beverage,220000,0,38,0,38
2023-12-04,Medan,SKU_BATIK_TULIS,Fashion Premium,1200000,0,7,0,7
2023-12-04,Makassar,SKU_HIJAB_INSTAN,Fashion,65000,0,26,0,26
2023-12-04,Makassar,SKU_KOPI_GAYO,Food & Beverage,220000,0,27,0,27
2023-12-04,Makassar,SKU_BATIK_TULIS,Fashion Premium,1200000,0,3,0,3
2023-12-05,Jakarta,SKU_HIJAB_INSTAN,Fashion,65000,0,162,0,162
2023-12-05,Jakarta,SKU_KOPI_GAYO,Food & Beverage,220000,0,87,0,87
2023-12-05,Jakarta,SKU_BATIK_TULIS,Fashion Premium,1200000,0,14,0,14
2023-12-05,Surabaya,SKU_HIJAB_INSTAN,Fashion,65000,0,106,0,106
2023-12-05,Surabaya,SKU_KOPI_GAYO,Food & Beverage,220000,0,45,0,45
2023-12-05,Surabaya,SKU_BATIK_TULIS,Fashion Premium,1200000,0,8,0,8
2023-12-05,Medan,SKU_HIJAB_INSTAN,Fashion,65000,0,63,0,63
2023-12-05,Medan,SKU_KOPI_GAYO,Food & Beverage,220000,0,47,0,47
2023-12-05,Medan,SKU_BATIK_TULIS,Fashion Premium,1200000,0,6,0,6
2023-12-05,Makassar,SKU_HIJAB_INSTAN,Fashion,65000,0,21,0,21
2023-12-05,Makassar,SKU_KOPI_GAYO,Food & Beverage,220000,0,19,0,19
2023-12-05,Makassar,SKU_BATIK_TULIS,Fashion Premium,1200000,0,3,0,3
2023-12-06,Jakarta,SKU_HIJAB_INSTAN,Fashion,65000,0,183,0,183
2023-12-06,Jakarta,SKU_KOPI_GAYO,Food & Beverage,220000,0,86,0,86
2023-12-06,Jakarta,SKU_BATIK_TULIS,Fashion Premium,1200000,0,15,0,15
2023-12-06,Surabaya,SKU_HIJAB_INSTAN,Fashion,65000,0,129,1,0
2023-12-06,Surabaya,SKU_KOPI_GAYO,Food & Beverage,220000,0,54,0,54
2023-12-06,Surabaya,SKU_BATIK_TULIS,Fashion Premium,1200000,0,8,0,8
2023-12-06,Medan,SKU_HIJAB_INSTAN,Fashion,65000,0,66,0,66
2023-12-06,Medan,SKU_KOPI_GAYO,Food & Beverage,220000,0,31,0,31
2023-12-06,Medan,SKU_BATIK_TULIS,Fashion Premium,1200000,0,8,0,8
2023-12-06,Makassar,SKU_HIJAB_INSTAN,Fashion,65000,0,41,0,41
2023-12-06,Makassar,SKU_KOPI_GAYO,Food & Beverage,220000,0,15,0,15
2023-12-06,Makassar,SKU_BATIK_TULIS,Fashion Premium,1200000,0,4,0,4
2023-12-07,Jakarta,SKU_HIJAB_INSTAN,Fashion,65000,0,170,0,170
2023-12-07,Jakarta,SKU_KOPI_GAYO,Food & Beverage,220000,0,88,0,88
2023-12-07,Jakarta,SKU_BATIK_TULIS,Fashion Premium,1200000,0,17,0,17
2023-12-07,Surabaya,SKU_HIJAB_INSTAN,Fashion,65000,0,93,0,93
2023-12-07,Surabaya,SKU_KOPI_GAYO,Food & Beverage,220000,0,68,0,68
2023-12-07,Surabaya,SKU_BATIK_TULIS,Fashion Premium,1200000,0,12,0,12
2023-12-07,Medan,SKU_HIJAB_INSTAN,Fashion,65000,0,43,0,43
2023-12-07,Medan,SKU_KOPI_GAYO,Food & Beverage,220000,0,28,0,28
2023-12-07,Medan,SKU_BATIK_TULIS,Fashion Premium,1200000,0,5,0,5
2023-12-07,Makassar,SKU_HIJAB_INSTAN,Fashion,65000,0,35,0,35
2023-12-07,Makassar,SKU_KOPI_GAYO,Food & Beverage,220000,0,14,0,14
2023-12-07,Makassar,SKU_BATIK_TULIS,Fashion Premium,1200000,0,5,0,5
2023-12-08,Jakarta,SKU_HIJAB_INSTAN,Fashion,65000,0,177,0,177
2023-12-08,Jakarta,SKU_KOPI_GAYO,Food & Beverage,220000,0,106,0,106
2023-12-08,Jakarta,SKU_BATIK_TULIS,Fashion Premium,1200000,0,21,0,21
2023-12-08,Surabaya,SKU_HIJAB_INSTAN,Fashion,65000,0,142,0,142
2023-12-08,Surabaya,SKU_KOPI_GAYO,Food & Beverage,220000,0,53,0,53
2023-12-08,Surabaya,SKU_BATIK_TULIS,Fashion Premium,1200000,0,12,0,12
2023-12-08,Medan,SKU_HIJAB_INSTAN,Fashion,65000,0,86,0,86
2023-12-08,Medan,SKU_KOPI_GAYO,Food & Beverage,220000,0,42,0,42
2023-12-08,Medan,SKU_BATIK_TULIS,Fashion Premium,1200000,0,6,0,6
2023-12-08,Makassar,SKU_HIJAB_INSTAN,Fashion,65000,0,37,0,37
2023-12-08,Makassar,SKU_KOPI_GAYO,Food & Beverage,220000,0,15,0,15
2023-12-08,Makassar,SKU_BATIK_TULIS,Fashion Premium,1200000,0,3,0,3
2023-12-09,Jakarta,SKU_HIJAB_INSTAN,Fashion,65000,0,203,0,203
2023-12-09,Jakarta,SKU_KOPI_GAYO,Food & Beverage,220000,0,92,0,92
2023-12-09,Jakarta,SKU_BATIK_TULIS,Fashion Premium,1200000,0,25,0,25
2023-12-09,Surabaya,SKU_HIJAB_INSTAN,Fashion,65000,0,105,0,105
2023-12-09,Surabaya,SKU_KOPI_GAYO,Food & Beverage,220000,0,45,0,45
2023-12-09,Surabaya,SKU_BATIK_TULIS,Fashion Premium,1200000,0,16,0,16
2023-12-09,Medan,SKU_HIJAB_INSTAN,Fashion,65000,0,99,0,99
2023-12-09,Medan,SKU_KOPI_GAYO,Food & Beverage,220000,0,44,0,44
2023-12-09,Medan,SKU_BATIK_TULIS,Fashion Premium,1200000,0,9,0,9
2023-12-09,Makassar,SKU_HIJAB_INSTAN,Fashion,65000,0,34,0,34
2023-12-09,Makassar,SKU_KOPI_GAYO,Food & Beverage,220000,0,14,0,14
2023-12-09,Makassar,SKU_BATIK_TULIS,Fashion Premium,1200000,0,3,0,3
2023-12-10,Jakarta,SKU_HIJAB_INSTAN,Fashion,65000,0,190,0,190
2023-12-10,Jakarta,SKU_KOPI_GAYO,Food & Beverage,220000,0,101,0,101
2023-12-10,Jakarta,SKU_BATIK_TULIS,Fashion Premium,1200000,0,21,0,21
2023-12-10,Surabaya,SKU_HIJAB_INSTAN,Fashion,65000,0,132,0,132
2023-12-10,Surabaya,SKU_KOPI_GAYO,Food & Beverage,220000,0,44,0,44
2023-12-10,Surabaya,SKU_BATIK_TULIS,Fashion Premium,1200000,0,14,0,14
2023-12-10,Medan,SKU_HIJAB_INSTAN,Fashion,65000,0,83,0,83
2023-12-10,Medan,SKU_KOPI_GAYO,Food & Beverage,220000,0,33,1,0
2023-12-10,Medan,SKU_BATIK_TULIS,Fashion Premium,1200000,0,7,0,7
2023-12-10,Makassar,SKU_HIJAB_INSTAN,Fashion,65000,0,51,0,51
2023-12-10,Makassar,SKU_KOPI_GAYO,Food & Beverage,220000,0,18,0,18
2023-12-10,Makassar,SKU_BATIK_TULIS,Fashion Premium,1200000,0,9,0,9
2023-12-11,Jakarta,SKU_HIJAB_INSTAN,Fashion,65000,0,171,0,171
2023-12-11,Jakarta,SKU_KOPI_GAYO,Food & Beverage,220000,0,92,0,92
2023-12-11,Jakarta,SKU_BATIK_TULIS,Fashion Premium,1200000,0,11,0,11
2023-12-11,Surabaya,SKU_HIJAB_INSTAN,Fashion,65000,0,85,0,85
2023-12-11,Surabaya,SKU_KOPI_GAYO,Food & Beverage,220000,0,43,0,43
2023-12-11,Surabaya,SKU_BATIK_TULIS,Fashion Premium,1200000,0,6,0,6
2023-12-11,Medan,SKU_HIJAB_INSTAN,Fashion,65000,0,62,0,62
2023-12-11,Medan,SKU_KOPI_GAYO,Food & Beverage,220000,0,39,0,39
2023-12-11,Medan,SKU_BATIK_TULIS,Fashion Premium,1200000,0,4,0,4
2023-12-11,Makassar,SKU_HIJAB_INSTAN,Fashion,65000,0,7,0,7
2023-12-11,Makassar,SKU_KOPI_GAYO,Food & Beverage,220000,0,10,0,10
2023-12-11,Makassar,SKU_BATIK_TULIS,Fashion Premium,1200000,0,2,0,2
2023-12-12,Jakarta,SKU_HIJAB_INSTAN,Fashion,52000,1,401,0,401
2023-12-12,Jakarta,SKU_KOPI_GAYO,Food & Beverage,176000,1,197,0,197
2023-12-12,Jakarta,SKU_BATIK_TULIS,Fashion Premium,960000,1,68,0,68
2023-12-12,Surabaya,SKU_HIJAB_INSTAN,Fashion,52000,1,245,0,245
2023-12-12,Surabaya,SKU_KOPI_GAYO,Food & Beverage,176000,1,132,0,132
2023-12-12,Surabaya,SKU_BATIK_TULIS,Fashion Premium,960000,1,34,0,34
2023-12-12,Medan,SKU_HIJAB_INSTAN,Fashion,52000,1,154,0,154
2023-12-12,Medan,SKU_KOPI_GAYO,Food & Beverage,176000,1,88,0,88
2023-12-12,Medan,SKU_BATIK_TULIS,Fashion Premium,960000,1,28,0,28
2023-12-12,Makassar,SKU_HIJAB_INSTAN,Fashion,52000,1,141,0,141
2023-12-12,Makassar,SKU_KOPI_GAYO,Food & Beverage,176000,1,25,0,25
2023-12-12,Makassar,SKU_BATIK_TULIS,Fashion Premium,960000,1,16,0,16
2023-12-13,Jakarta,SKU_HIJAB_INSTAN,Fashion,65000,0,158,0,158
2023-12-13,Jakarta,SKU_KOPI_GAYO,Food & Beverage,220000,0,81,0,81
2023-12-13,Jakarta,SKU_BATIK_TULIS,Fashion Premium,1200000,0,18,0,18
2023-12-13,Surabaya,SKU_HIJAB_INSTAN,Fashion,65000,0,100,0,100
2023-12-13,Surabaya,SKU_KOPI_GAYO,Food & Beverage,220000,0,53,0,53
2023-12-13,Surabaya,SKU_BATIK_TULIS,Fashion Premium,1200000,0,9,0,9
2023-12-13,Medan,SKU_HIJAB_INSTAN,Fashion,65000,0,60,0,60
2023-12-13,Medan,SKU_KOPI_GAYO,Food & Beverage,220000,0,24,0,24
2023-12-13,Medan,SKU_BATIK_TULIS,Fashion Premium,1200000,0,6,0,6
2023-12-13,Makassar,SKU_HIJAB_INSTAN,Fashion,65000,0,19,0,19
2023-12-13,Makassar,SKU_KOPI_GAYO,Food & Beverage,220000,0,16,0,16
2023-12-13,Makassar,SKU_BATIK_TULIS,Fashion Premium,1200000,0,4,0,4
2023-12-14,Jakarta,SKU_HIJAB_INSTAN,Fashion,65000,0,147,0,147
2023-12-14,Jakarta,SKU_KOPI_GAYO,Food & Beverage,220000,0,110,0,110
2023-12-14,Jakarta,SKU_BATIK_TULIS,Fashion Premium,1200000,0,17,0,17
2023-12-14,Surabaya,SKU_HIJAB_INSTAN,Fashion,65000,0,101,0,101
2023-12-14,Surabaya,SKU_KOPI_GAYO,Food & Beverage,220000,0,55,0,55
2023-12-14,Surabaya,SKU_BATIK_TULIS,Fashion Premium,1200000,0,10,0,10
2023-12-14,Medan,SKU_HIJAB_INSTAN,Fashion,65000,0,62,0,62
2023-12-14,Medan,SKU_KOPI_GAYO,Food & Beverage,220000,0,43,0,43
2023-12-14,Medan,SKU_BATIK_TULIS,Fashion Premium,1200000,0,8,0,8
2023-12-14,Makassar,SKU_HIJAB_INSTAN,Fashion,65000,0,30,0,30
2023-12-14,Makassar,SKU_KOPI_GAYO,Food & Beverage,220000,0,17,0,17
2023-12-14,Makassar,SKU_BATIK_TULIS,Fashion Premium,1200000,0,3,0,3
2023-12-15,Jakarta,SKU_HIJAB_INSTAN,Fashion,65000,0,190,0,190
2023-12-15,Jakarta,SKU_KOPI_GAYO,Food & Beverage,220000,0,96,0,96
2023-12-15,Jakarta,SKU_BATIK_TULIS,Fashion Premium,1200000,0,22,0,22
2023-12-15,Surabaya,SKU_HIJAB_INSTAN,Fashion,65000,0,103,0,103
2023-12-15,Surabaya,SKU_KOPI_GAYO,Food & Beverage,220000,0,55,0,55
2023-12-15,Surabaya,SKU_BATIK_TULIS,Fashion Premium,1200000,0,14,0,14
2023-12-15,Medan,SKU_HIJAB_INSTAN,Fashion,65000,0,105,0,105
2023-12-15,Medan,SKU_KOPI_GAYO,Food & Beverage,220000,0,37,0,37
2023-12-15,Medan,SKU_BATIK_TULIS,Fashion Premium,1200000,0,7,0,7
2023-12-15,Makassar,SKU_HIJAB_INSTAN,Fashion,65000,0,24,0,24
2023-12-15,Makassar,SKU_KOPI_GAYO,Food & Beverage,220000,0,22,0,22
2023-12-15,Makassar,SKU_BATIK_TULIS,Fashion Premium,1200000,0,2,0,2
2023-12-16,Jakarta,SKU_HIJAB_INSTAN,Fashion,65000,0,212,0,212
2023-12-16,Jakarta,SKU_KOPI_GAYO,Food & Beverage,220000,0,99,0,99
2023-12-16,Jakarta,SKU_BATIK_TULIS,Fashion Premium,1200000,0,23,0,23
2023-12-16,Surabaya,SKU_HIJAB_INSTAN,Fashion,65000,0,125,0,125
2023-12-16,Surabaya,SKU_KOPI_GAYO,Food & Beverage,220000,0,55,0,55
2023-12-16,Surabaya,SKU_BATIK_TULIS,Fashion Premium,1200000,0,12,0,12
2023-12-16,Medan,SKU_HIJAB_INSTAN,Fashion,65000,0,89,0,89
2023-12-16,Medan,SKU_KOPI_GAYO,Food & Beverage,220000,0,41,0,41
2023-12-16,Medan,SKU_BATIK_TULIS,Fashion Premium,1200000,0,9,0,9
2023-12-16,Makassar,SKU_HIJAB_INSTAN,Fashion,65000,0,75,0,75
2023-12-16,Makassar,SKU_KOPI_GAYO,Food & Beverage,220000,0,19,0,19
2023-12-16,Makassar,SKU_BATIK_TULIS,Fashion Premium,1200000,0,2,0,2
2023-12-17,Jakarta,SKU_HIJAB_INSTAN,Fashion,65000,0,208,0,208
2023-12-17,Jakarta,SKU_KOPI_GAYO,Food & Beverage,220000,0,98,0,98
2023-12-17,Jakarta,SKU_BATIK_TULIS,Fashion Premium,1200000,0,24,0,24
2023-12-17,Surabaya,SKU_HIJAB_INSTAN,Fashion,65000,0,100,0,100
2023-12-17,Surabaya,SKU_KOPI_GAYO,Food & Beverage,220000,0,57,0,57
2023-12-17,Surabaya,SKU_BATIK_TULIS,Fashion Premium,1200000,0,13,0,13
2023-12-17,Medan,SKU_HIJAB_INSTAN,Fashion,65000,0,74,0,74
2023-12-17,Medan,SKU_KOPI_GAYO,Food & Beverage,220000,0,47,0,47
2023-12-17,Medan,SKU_BATIK_TULIS,Fashion Premium,1200000,0,9,0,9
2023-12-17,Makassar,SKU_HIJAB_INSTAN,Fashion,65000,0,32,0,32
2023-12-17,Makassar,SKU_KOPI_GAYO,Food & Beverage,220000,0,15,0,15
2023-12-17,Makassar,SKU_BATIK_TULIS,Fashion Premium,1200000,0,2,0,2
2023-12-18,Jakarta,SKU_HIJAB_INSTAN,Fashion,65000,0,158,0,158
2023-12-18,Jakarta,SKU_KOPI_GAYO,Food & Beverage,220000,0,94,0,94
2023-12-18,Jakarta,SKU_BATIK_TULIS,Fashion Premium,1200000,0,14,0,14
2023-12-18,Surabaya,SKU_HIJAB_INSTAN,Fashion,65000,0,97,0,97
2023-12-18,Surabaya,SKU_KOPI_GAYO,Food & Beverage,220000,0,49,0,49
2023-12-18,Surabaya,SKU_BATIK_TULIS,Fashion Premium,1200000,0,8,0,8
2023-12-18,Medan,SKU_HIJAB_INSTAN,Fashion,65000,0,73,0,73
2023-12-18,Medan,SKU_KOPI_GAYO,Food & Beverage,220000,0,26,0,26
2023-12-18,Medan,SKU_BATIK_TULIS,Fashion Premium,1200000,0,4,0,4
2023-12-18,Makassar,SKU_HIJAB_INSTAN,Fashion,65000,0,44,1,0
2023-12-18,Makassar,SKU_KOPI_GAYO,Food & Beverage,220000,0,13,0,13
2023-12-18,Makassar,SKU_BATIK_TULIS,Fashion Premium,1200000,0,2,0,2
2023-12-19,Jakarta,SKU_HIJAB_INSTAN,Fashion,65000,0,194,0,194
2023-12-19,Jakarta,SKU_KOPI_GAYO,Food & Beverage,220000,0,91,0,91
2023-12-19,Jakarta,SKU_BATIK_TULIS,Fashion Premium,1200000,0,14,0,14
2023-12-19,Surabaya,SKU_HIJAB_INSTAN,Fashion,65000,0,112,0,112
2023-12-19,Surabaya,SKU_KOPI_GAYO,Food & Beverage,220000,0,57,0,57
2023-12-19,Surabaya,SKU_BATIK_TULIS,Fashion Premium,1200000,0,5,0,5
2023-12-19,Medan,SKU_HIJAB_INSTAN,Fashion,65000,0,67,0,67
2023-12-19,Medan,SKU_KOPI_GAYO,Food & Beverage,220000,0,27,0,27
2023-12-19,Medan,SKU_BATIK_TULIS,Fashion Premium,1200000,0,6,0,6
2023-12-19,Makassar,SKU_HIJAB_INSTAN,Fashion,65000,0,61,0,61
2023-12-19,Makassar,SKU_KOPI_GAYO,Food & Beverage,220000,0,23,0,23
2023-12-19,Makassar,SKU_BATIK_TULIS,Fashion Premium,1200000,0,4,0,4
2023-12-20,Jakarta,SKU_HIJAB_INSTAN,Fashion,65000,0,194,0,194
2023-12-20,Jakarta,SKU_KOPI_GAYO,Food & Beverage,220000,0,115,0,115
2023-12-20,Jakarta,SKU_BATIK_TULIS,Fashion Premium,1200000,0,25,0,25
2023-12-20,Surabaya,SKU_HIJAB_INSTAN,Fashion,65000,0,120,0,120
2023-12-20,Surabaya,SKU_KOPI_GAYO,Food & Beverage,220000,0,71,0,71
2023-12-20,Surabaya,SKU_BATIK_TULIS,Fashion Premium,1200000,0,17,0,17
2023-12-20,Medan,SKU_HIJAB_INSTAN,Fashion,65000,0,56,0,56
2023-12-20,Medan,SKU_KOPI_GAYO,Food & Beverage,220000,0,59,0,59
2023-12-20,Medan,SKU_BATIK_TULIS,Fashion Premium,1200000,0,8,0,8
2023-12-20,Makassar,SKU_HIJAB_INSTAN,Fashion,65000,0,82,0,82
2023-12-20,Makassar,SKU_KOPI_GAYO,Food & Beverage,220000,0,28,0,28
2023-12-20,Makassar,SKU_BATIK_TULIS,Fashion Premium,1200000,0,6,0,6
2023-12-21,Jakarta,SKU_HIJAB_INSTAN,Fashion,65000,0,189,0,189
2023-12-21,Jakarta,SKU_KOPI_GAYO,Food & Beverage,220000,0,104,0,104
2023-12-21,Jakarta,SKU_BATIK_TULIS,Fashion Premium,1200000,0,32,0,32
2023-12-21,Surabaya,SKU_HIJAB_INSTAN,Fashion,65000,0,148,0,148
2023-12-21,Surabaya,SKU_KOPI_GAYO,Food & Beverage,220000,0,64,0,64
2023-12-21,Surabaya,SKU_BATIK_TULIS,Fashion Premium,1200000,0,16,0,16
2023-12-21,Medan,SKU_HIJAB_INSTAN,Fashion,65000,0,77,0,77
2023-12-21,Medan,SKU_KOPI_GAYO,Food & Beverage,220000,0,53,0,53
2023-12-21,Medan,SKU_BATIK_TULIS,Fashion Premium,1200000,0,13,0,13
2023-12-21,Makassar,SKU_HIJAB_INSTAN,Fashion,65000,0,46,0,46
2023-12-21,Makassar,SKU_KOPI_GAYO,Food & Beverage,220000,0,23,0,23
2023-12-21,Makassar,SKU_BATIK_TULIS,Fashion Premium,1200000,0,5,0,5
2023-12-22,Jakarta,SKU_HIJAB_INSTAN,Fashion,65000,0,256,0,256
2023-12-22,Jakarta,SKU_KOPI_GAYO,Food & Beverage,220000,0,100,0,100
2023-12-22,Jakarta,SKU_BATIK_TULIS,Fashion Premium,1200000,0,30,0,30
2023-12-22,Surabaya,SKU_HIJAB_INSTAN,Fashion,65000,0,133,0,133
2023-12-22,Surabaya,SKU_KOPI_GAYO,Food & Beverage,220000,0,53,0,53
2023-12-22,Surabaya,SKU_BATIK_TULIS,Fashion Premium,1200000,0,17,0,17
2023-12-22,Medan,SKU_HIJAB_INSTAN,Fashion,65000,0,122,0,122
2023-12-22,Medan,SKU_KOPI_GAYO,Food & Beverage,220000,0,53,0,53
2023-12-22,Medan,SKU_BATIK_TULIS,Fashion Premium,1200000,0,11,0,11
2023-12-22,Makassar,SKU_HIJAB_INSTAN,Fashion,65000,0,32,0,32
2023-12-22,Makassar,SKU_KOPI_GAYO,Food & Beverage,220000,0,10,0,10
2023-12-22,Makassar,SKU_BATIK_TULIS,Fashion Premium,1200000,0,5,0,5
2023-12-23,Jakarta,SKU_HIJAB_INSTAN,Fashion,65000,0,243,0,243
2023-12-23,Jakarta,SKU_KOPI_GAYO,Food & Beverage,220000,0,118,0,118
2023-12-23,Jakarta,SKU_BATIK_TULIS,Fashion Premium,1200000,0,33,0,33
2023-12-23,Surabaya,SKU_HIJAB_INSTAN,Fashion,65000,0,122,0,122
2023-12-23,Surabaya,SKU_KOPI_GAYO,Food & Beverage,220000,0,67,0,67
2023-12-23,Surabaya,SKU_BATIK_TULIS,Fashion Premium,1200000,0,20,0,20
2023-12-23,Medan,SKU_HIJAB_INSTAN,Fashion,65000,0,108,0,108
2023-12-23,Medan,SKU_KOPI_GAYO,Food & Beverage,220000,0,48,0,48
2023-12-23,Medan,SKU_BATIK_TULIS,Fashion Premium,1200000,0,14,0,14
2023-12-23,Makassar,SKU_HIJAB_INSTAN,Fashion,65000,0,69,0,69
2023-12-23,Makassar,SKU_KOPI_GAYO,Food & Beverage,220000,0,38,0,38
2023-12-23,Makassar,SKU_BATIK_TULIS,Fashion Premium,1200000,0,7,0,7
2023-12-24,Jakarta,SKU_HIJAB_INSTAN,Fashion,65000,0,229,0,229
2023-12-24,Jakarta,SKU_KOPI_GAYO,Food & Beverage,220000,0,112,0,112
2023-12-24,Jakarta,SKU_BATIK_TULIS,Fashion Premium,1200000,0,30,0,30
2023-12-24,Surabaya,SKU_HIJAB_INSTAN,Fashion,65000,0,149,0,149
2023-12-24,Surabaya,SKU_KOPI_GAYO,Food & Beverage,220000,0,74,0,74
2023-12-24,Surabaya,SKU_BATIK_TULIS,Fashion Premium,1200000,0,19,0,19
2023-12-24,Medan,SKU_HIJAB_INSTAN,Fashion,65000,0,93,0,93
2023-12-24,Medan,SKU_KOPI_GAYO,Food & Beverage,220000,0,55,0,55
2023-12-24,Medan,SKU_BATIK_TULIS,Fashion Premium,1200000,0,16,0,16
2023-12-24,Makassar,SKU_HIJAB_INSTAN,Fashion,65000,0,2,0,2
2023-12-24,Makassar,SKU_KOPI_GAYO,Food & Beverage,220000,0,16,0,16
2023-12-24,Makassar,SKU_BATIK_TULIS,Fashion Premium,1200000,0,6,0,6
2023-12-25,Jakarta,SKU_HIJAB_INSTAN,Fashion,65000,0,200,0,200
2023-12-25,Jakarta,SKU_KOPI_GAYO,Food & Beverage,220000,0,96,0,96
2023-12-25,Jakarta,SKU_BATIK_TULIS,Fashion Premium,960000,1,37,0,37
2023-12-25,Surabaya,SKU_HIJAB_INSTAN,Fashion,52000,1,170,0,170
2023-12-25,Surabaya,SKU_KOPI_GAYO,Food & Beverage,220000,0,59,0,59
2023-12-25,Surabaya,SKU_BATIK_TULIS,Fashion Premium,1200000,0,18,0,18
2023-12-25,Medan,SKU_HIJAB_INSTAN,Fashion,65000,0,87,0,87
2023-12-25,Medan,SKU_KOPI_GAYO,Food & Beverage,220000,0,34,0,34
2023-12-25,Medan,SKU_BATIK_TULIS,Fashion Premium,1200000,0,13,0,13
2023-12-25,Makassar,SKU_HIJAB_INSTAN,Fashion,52000,1,50,0,50
2023-12-25,Makassar,SKU_KOPI_GAYO,Food & Beverage,176000,1,52,0,52
2023-12-25,Makassar,SKU_BATIK_TULIS,Fashion Premium,1200000,0,7,0,7
2023-12-26,Jakarta,SKU_HIJAB_INSTAN,Fashion,65000,0,197,0,197
2023-12-26,Jakarta,SKU_KOPI_GAYO,Food & Beverage,220000,0,105,0,105
2023-12-26,Jakarta,SKU_BATIK_TULIS,Fashion Premium,960000,1,39,0,39
2023-12-26,Surabaya,SKU_HIJAB_INSTAN,Fashion,65000,0,98,0,98
2023-12-26,Surabaya,SKU_KOPI_GAYO,Food & Beverage,220000,0,49,0,49
2023-12-26,Surabaya,SKU_BATIK_TULIS,Fashion Premium,960000,1,18,0,18
2023-12-26,Medan,SKU_HIJAB_INSTAN,Fashion,52000,1,121,0,121
2023-12-26,Medan,SKU_KOPI_GAYO,Food & Beverage,176000,1,68,0,68
2023-12-26,Medan,SKU_BATIK_TULIS,Fashion Premium,1200000,0,7,0,7
2023-12-26,Makassar,SKU_HIJAB_INSTAN,Fashion,52000,1,54,0,54
2023-12-26,Makassar,SKU_KOPI_GAYO,Food & Beverage,176000,1,2,0,2
2023-12-26,Makassar,SKU_BATIK_TULIS,Fashion Premium,1200000,0,8,0,8
2023-12-27,Jakarta,SKU_HIJAB_INSTAN,Fashion,65000,0,197,0,197
2023-12-27,Jakarta,SKU_KOPI_GAYO,Food & Beverage,220000,0,104,0,104
2023-12-27,Jakarta,SKU_BATIK_TULIS,Fashion Premium,960000,1,35,0,35
2023-12-27,Surabaya,SKU_HIJAB_INSTAN,Fashion,52000,1,183,0,183
2023-12-27,Surabaya,SKU_KOPI_GAYO,Food & Beverage,176000,1,113,0,113
2023-12-27,Surabaya,SKU_BATIK_TULIS,Fashion Premium,1200000,0,14,0,14
2023-12-27,Medan,SKU_HIJAB_INSTAN,Fashion,65000,0,75,0,75
2023-12-27,Medan,SKU_KOPI_GAYO,Food & Beverage,220000,0,24,0,24
2023-12-27,Medan,SKU_BATIK_TULIS,Fashion Premium,1200000,0,9,1,0
2023-12-27,Makassar,SKU_HIJAB_INSTAN,Fashion,52000,1,42,0,42
2023-12-27,Makassar,SKU_KOPI_GAYO,Food & Beverage,220000,0,28,0,28
2023-12-27,Makassar,SKU_BATIK_TULIS,Fashion Premium,1200000,0,5,0,5
2023-12-28,Jakarta,SKU_HIJAB_INSTAN,Fashion,52000,1,321,0,321
2023-12-28,Jakarta,SKU_KOPI_GAYO,Food & Beverage,220000,0,103,0,103
2023-12-28,Jakarta,SKU_BATIK_TULIS,Fashion Premium,960000,1,38,0,38
2023-12-28,Surabaya,SKU_HIJAB_INSTAN,Fashion,65000,0,93,0,93
2023-12-28,Surabaya,SKU_KOPI_GAYO,Food & Beverage,176000,1,91,0,91
2023-12-28,Surabaya,SKU_BATIK_TULIS,Fashion Premium,1200000,0,16,0,16
2023-12-28,Medan,SKU_HIJAB_INSTAN,Fashion,65000,0,73,0,73
2023-12-28,Medan,SKU_KOPI_GAYO,Food & Beverage,220000,0,46,0,46
2023-12-28,Medan,SKU_BATIK_TULIS,Fashion Premium,1200000,0,9,0,9
2023-12-28,Makassar,SKU_HIJAB_INSTAN,Fashion,65000,0,51,0,51
2023-12-28,Makassar,SKU_KOPI_GAYO,Food & Beverage,220000,0,25,0,25
2023-12-28,Makassar,SKU_BATIK_TULIS,Fashion Premium,960000,1,5,0,5
2023-12-29,Jakarta,SKU_HIJAB_INSTAN,Fashion,65000,0,214,0,214
2023-12-29,Jakarta,SKU_KOPI_GAYO,Food & Beverage,220000,0,122,0,122
2023-12-29,Jakarta,SKU_BATIK_TULIS,Fashion Premium,1200000,0,28,0,28
2023-12-29,Surabaya,SKU_HIJAB_INSTAN,Fashion,65000,0,115,0,115
2023-12-29,Surabaya,SKU_KOPI_GAYO,Food & Beverage,220000,0,75,0,75
2023-12-29,Surabaya,SKU_BATIK_TULIS,Fashion Premium,1200000,0,19,0,19
2023-12-29,Medan,SKU_HIJAB_INSTAN,Fashion,65000,0,83,0,83
2023-12-29,Medan,SKU_KOPI_GAYO,Food & Beverage,220000,0,55,0,55
2023-12-29,Medan,SKU_BATIK_TULIS,Fashion Premium,1200000,0,15,0,15
2023-12-29,Makassar,SKU_HIJAB_INSTAN,Fashion,65000,0,46,0,46
2023-12-29,Makassar,SKU_KOPI_GAYO,Food & Beverage,220000,0,2,0,2
2023-12-29,Makassar,SKU_BATIK_TULIS,Fashion Premium,1200000,0,6,0,6
2023-12-30,Jakarta,SKU_HIJAB_INSTAN,Fashion,65000,0,241,0,241
2023-12-30,Jakarta,SKU_KOPI_GAYO,Food & Beverage,220000,0,99,0,99
2023-12-30,Jakarta,SKU_BATIK_TULIS,Fashion Premium,1200000,0,35,0,35
2023-12-30,Surabaya,SKU_HIJAB_INSTAN,Fashion,65000,0,162,0,162
2023-12-30,Surabaya,SKU_KOPI_GAYO,Food & Beverage,220000,0,69,0,69
2023-12-30,Surabaya,SKU_BATIK_TULIS,Fashion Premium,1200000,0,18,0,18
2023-12-30,Medan,SKU_HIJAB_INSTAN,Fashion,65000,0,51,0,51
2023-12-30,Medan,SKU_KOPI_GAYO,Food & Beverage,220000,0,50,0,50
2023-12-30,Medan,SKU_BATIK_TULIS,Fashion Premium,1200000,0,9,0,9
2023-12-30,Makassar,SKU_HIJAB_INSTAN,Fashion,65000,0,58,0,58
2023-12-30,Makassar,SKU_KOPI_GAYO,Food & Beverage,220000,0,40,0,40
2023-12-30,Makassar,SKU_BATIK_TULIS,Fashion Premium,1200000,0,2,0,2
2023-12-31,Jakarta,SKU_HIJAB_INSTAN,Fashion,65000,0,210,0,210
2023-12-31,Jakarta,SKU_KOPI_GAYO,Food & Beverage,220000,0,111,0,111
2023-12-31,Jakarta,SKU_BATIK_TULIS,Fashion Premium,1200000,0,37,0,37
2023-12-31,Surabaya,SKU_HIJAB_INSTAN,Fashion,65000,0,136,0,136
2023-12-31,Surabaya,SKU_KOPI_GAYO,Food & Beverage,220000,0,64,0,64
2023-12-31,Surabaya,SKU_BATIK_TULIS,Fashion Premium,1200000,0,22,0,22
2023-12-31,Medan,SKU_HIJAB_INSTAN,Fashion,65000,0,82,0,82
2023-12-31,Medan,SKU_KOPI_GAYO,Food & Beverage,220000,0,38,0,38
2023-12-31,Medan,SKU_BATIK_TULIS,Fashion Premium,1200000,0,14,0,14
2023-12-31,Makassar,SKU_HIJAB_INSTAN,Fashion,65000,0,64,0,64
2023-12-31,Makassar,SKU_KOPI_GAYO,Food & Beverage,220000,0,2,0,2
2023-12-31,Makassar,SKU_BATIK_TULIS,Fashion Premium,1200000,0,4,0,4
2024-01-01,Jakarta,SKU_HIJAB_INSTAN,Fashion,65000,0,143,0,143
2024-01-01,Jakarta,SKU_KOPI_GAYO,Food & Beverage,220000,0,89,1,0
2024-01-01,Jakarta,SKU_BATIK_TULIS,Fashion Premium,1200000,0,14,0,14
2024-01-01,Surabaya,SKU_HIJAB_INSTAN,Fashion,65000,0,82,0,82
2024-01-01,Surabaya,SKU_KOPI_GAYO,Food & Beverage,220000,0,39,0,39
2024-01-01,Surabaya,SKU_BATIK_TULIS,Fashion Premium,1200000,0,9,0,9
2024-01-01,Medan,SKU_HIJAB_INSTAN,Fashion,65000,0,70,0,70
2024-01-01,Medan,SKU_KOPI_GAYO,Food & Beverage,220000,0,30,0,30
2024-01-01,Medan,SKU_BATIK_TULIS,Fashion Premium,1200000,0,4,0,4
2024-01-01,Makassar,SKU_HIJAB_INSTAN,Fashion,65000,0,24,0,24
2024-01-01,Makassar,SKU_KOPI_GAYO,Food & Beverage,220000,0,17,0,17
2024-01-01,Makassar,SKU_BATIK_TULIS,Fashion Premium,1200000,0,2,0,2
2024-01-02,Jakarta,SKU_HIJAB_INSTAN,Fashion,65000,0,179,0,179
2024-01-02,Jakarta,SKU_KOPI_GAYO,Food & Beverage,220000,0,78,0,78
2024-01-02,Jakarta,SKU_BATIK_TULIS,Fashion Premium,1200000,0,16,0,16
2024-01-02,Surabaya,SKU_HIJAB_INSTAN,Fashion,65000,0,89,0,89
2024-01-02,Surabaya,SKU_KOPI_GAYO,Food & Beverage,220000,0,62,0,62
2024-01-02,Surabaya,SKU_BATIK_TULIS,Fashion Premium,1200000,0,8,0,8
2024-01-02,Medan,SKU_HIJAB_INSTAN,Fashion,65000,0,68,0,68
2024-01-02,Medan,SKU_KOPI_GAYO,Food & Beverage,220000,0,20,0,20
2024-01-02,Medan,SKU_BATIK_TULIS,Fashion Premium,1200000,0,6,0,6
2024-01-02,Makassar,SKU_HIJAB_INSTAN,Fashion,65000,0,17,0,17
2024-01-02,Makassar,SKU_KOPI_GAYO,Food & Beverage,220000,0,21,0,21
2024-01-02,Makassar,SKU_BATIK_TULIS,Fashion Premium,1200000,0,2,0,2
2024-01-03,Jakarta,SKU_HIJAB_INSTAN,Fashion,65000,0,177,0,177
2024-01-03,Jakarta,SKU_KOPI_GAYO,Food & Beverage,220000,0,86,0,86
2024-01-03,Jakarta,SKU_BATIK_TULIS,Fashion Premium,1200000,0,19,0,19
2024-01-03,Surabaya,SKU_HIJAB_INSTAN,Fashion,65000,0,109,0,109
2024-01-03,Surabaya,SKU_KOPI_GAYO,Food & Beverage,220000,0,42,0,42
2024-01-03,Surabaya,SKU_BATIK_TULIS,Fashion Premium,1200000,0,8,0,8
2024-01-03,Medan,SKU_HIJAB_INSTAN,Fashion,65000,0,82,0,82
2024-01-03,Medan,SKU_KOPI_GAYO,Food & Beverage,220000,0,43,0,43
2024-01-03,Medan,SKU_BATIK_TULIS,Fashion Premium,1200000,0,8,0,8
2024-01-03,Makassar,SKU_HIJAB_INSTAN,Fashion,65000,0,32,0,32
2024-01-03,Makassar,SKU_KOPI_GAYO,Food & Beverage,220000,0,10,0,10
2024-01-03,Makassar,SKU_BATIK_TULIS,Fashion Premium,1200000,0,4,0,4
2024-01-04,Jakarta,SKU_HIJAB_INSTAN,Fashion,65000,0,149,0,149
2024-01-04,Jakarta,SKU_KOPI_GAYO,Food & Beverage,220000,0,95,0,95
2024-01-04,Jakarta,SKU_BATIK_TULIS,Fashion Premium,1200000,0,20,0,20
2024-01-04,Surabaya,SKU_HIJAB_INSTAN,Fashion,65000,0,108,0,108
2024-01-04,Surabaya,SKU_KOPI_GAYO,Food & Beverage,220000,0,68,0,68
2024-01-04,Surabaya,SKU_BATIK_TULIS,Fashion Premium,1200000,0,11,0,11
2024-01-04,Medan,SKU_HIJAB_INSTAN,Fashion,65000,0,76,0,76
2024-01-04,Medan,SKU_KOPI_GAYO,Food & Beverage,220000,0,37,0,37
2024-01-04,Medan,SKU_BATIK_TULIS,Fashion Premium,1200000,0,7,0,7
2024-01-04,Makassar,SKU_HIJAB_INSTAN,Fashion,65000,0,47,0,47
2024-01-04,Makassar,SKU_KOPI_GAYO,Food & Beverage,220000,0,17,0,17
2024-01-04,Makassar,SKU_BATIK_TULIS,Fashion Premium,1200000,0,2,1,0
2024-01-05,Jakarta,SKU_HIJAB_INSTAN,Fashion,65000,0,195,0,195
2024-01-05,Jakarta,SKU_KOPI_GAYO,Food & Beverage,220000,0,97,0,97
2024-01-05,Jakarta,SKU_BATIK_TULIS,Fashion Premium,1200000,0,22,0,22
2024-01-05,Surabaya,SKU_HIJAB_INSTAN,Fashion,65000,0,107,0,107
2024-01-05,Surabaya,SKU_KOPI_GAYO,Food & Beverage,220000,0,58,0,58
2024-01-05,Surabaya,SKU_BATIK_TULIS,Fashion Premium,1200000,0,13,0,13
2024-01-05,Medan,SKU_HIJAB_INSTAN,Fashion,65000,0,52,0,52
2024-01-05,Medan,SKU_KOPI_GAYO,Food & Beverage,220000,0,24,0,24
2024-01-05,Medan,SKU_BATIK_TULIS,Fashion Premium,1200000,0,9,0,9
2024-01-05,Makassar,SKU_HIJAB_INSTAN,Fashion,65000,0,23,0,23
2024-01-05,Makassar,SKU_KOPI_GAYO,Food & Beverage,220000,0,26,0,26
2024-01-05,Makassar,SKU_BATIK_TULIS,Fashion Premium,1200000,0,2,0,2
2024-01-06,Jakarta,SKU_HIJAB_INSTAN,Fashion,65000,0,198,0,198
2024-01-06,Jakarta,SKU_KOPI_GAYO,Food & Beverage,220000,0,96,0,96
2024-01-06,Jakarta,SKU_BATIK_TULIS,Fashion Premium,1200000,0,24,0,24
2024-01-06,Surabaya,SKU_HIJAB_INSTAN,Fashion,65000,0,115,0,115
2024-01-06,Surabaya,SKU_KOPI_GAYO,Food & Beverage,220000,0,60,0,60
2024-01-06,Surabaya,SKU_BATIK_TULIS,Fashion Premium,1200000,0,14,0,14
2024-01-06,Medan,SKU_HIJAB_INSTAN,Fashion,65000,0,86,0,86
2024-01-06,Medan,SKU_KOPI_GAYO,Food & Beverage,220000,0,23,0,23
2024-01-06,Medan,SKU_BATIK_TULIS,Fashion Premium,1200000,0,10,0,10
2024-01-06,Makassar,SKU_HIJAB_INSTAN,Fashion,65000,0,36,0,36
2024-01-06,Makassar,SKU_KOPI_GAYO,Food & Beverage,220000,0,30,0,30
2024-01-06,Makassar,SKU_BATIK_TULIS,Fashion Premium,1200000,0,2,0,2
2024-01-07,Jakarta,SKU_HIJAB_INSTAN,Fashion,65000,0,166,0,166
2024-01-07,Jakarta,SKU_KOPI_GAYO,Food & Beverage,220000,0,109,0,109
2024-01-07,Jakarta,SKU_BATIK_TULIS,Fashion Premium,1200000,0,22,0,22
2024-01-07,Surabaya,SKU_HIJAB_INSTAN,Fashion,65000,0,84,0,84
2024-01-07,Surabaya,SKU_KOPI_GAYO,Food & Beverage,220000,0,60,0,60
2024-01-07,Surabaya,SKU_BATIK_TULIS,Fashion Premium,1200000,0,15,0,15
2024-01-07,Medan,SKU_HIJAB_INSTAN,Fashion,65000,0,82,0,82
2024-01-07,Medan,SKU_KOPI_GAYO,Food & Beverage,220000,0,40,0,40
2024-01-07,Medan,SKU_BATIK_TULIS,Fashion Premium,1200000,0,9,0,9
2024-01-07,Makassar,SKU_HIJAB_INSTAN,Fashion,65000,0,35,0,35
2024-01-07,Makassar,SKU_KOPI_GAYO,Food & Beverage,220000,0,28,0,28
2024-01-07,Makassar,SKU_BATIK_TULIS,Fashion Premium,1200000,0,7,0,7
2024-01-08,Jakarta,SKU_HIJAB_INSTAN,Fashion,65000,0,171,0,171
2024-01-08,Jakarta,SKU_KOPI_GAYO,Food & Beverage,220000,0,86,0,86
2024-01-08,Jakarta,SKU_BATIK_TULIS,Fashion Premium,1200000,0,14,0,14
2024-01-08,Surabaya,SKU_HIJAB_INSTAN,Fashion,65000,0,115,0,115
2024-01-08,Surabaya,SKU_KOPI_GAYO,Food & Beverage,220000,0,61,1,0
2024-01-08,Surabaya,SKU_BATIK_TULIS,Fashion Premium,1200000,0,7,0,7
2024-01-08,Medan,SKU_HIJAB_INSTAN,Fashion,65000,0,59,0,59
2024-01-08,Medan,SKU_KOPI_GAYO,Food & Beverage,220000,0,41,0,41
2024-01-08,Medan,SKU_BATIK_TULIS,Fashion Premium,1200000,0,5,0,5
2024-01-08,Makassar,SKU_HIJAB_INSTAN,Fashion,65000,0,43,0,43
2024-01-08,Makassar,SKU_KOPI_GAYO,Food & Beverage,220000,0,8,0,8
2024-01-08,Makassar,SKU_BATIK_TULIS,Fashion Premium,1200000,0,3,0,3
2024-01-09,Jakarta,SKU_HIJAB_INSTAN,Fashion,65000,0,158,0,158
2024-01-09,Jakarta,SKU_KOPI_GAYO,Food & Beverage,220000,0,100,0,100
2024-01-09,Jakarta,SKU_BATIK_TULIS,Fashion Premium,1200000,0,13,0,13
2024-01-09,Surabaya,SKU_HIJAB_INSTAN,Fashion,65000,0,115,0,115
2024-01-09,Surabaya,SKU_KOPI_GAYO,Food & Beverage,220000,0,54,0,54
2024-01-09,Surabaya,SKU_BATIK_TULIS,Fashion Premium,1200000,0,9,0,9
2024-01-09,Medan,SKU_HIJAB_INSTAN,Fashion,65000,0,50,0,50
2024-01-09,Medan,SKU_KOPI_GAYO,Food & Beverage,220000,0,40,0,40
2024-01-09,Medan,SKU_BATIK_TULIS,Fashion Premium,1200000,0,5,0,5
2024-01-09,Makassar,SKU_HIJAB_INSTAN,Fashion,65000,0,47,0,47
2024-01-09,Makassar,SKU_KOPI_GAYO,Food & Beverage,220000,0,16,0,16
2024-01-09,Makassar,SKU_BATIK_TULIS,Fashion Premium,1200000,0,2,0,2
2024-01-10,Jakarta,SKU_HIJAB_INSTAN,Fashion,65000,0,170,0,170
2024-01-10,Jakarta,SKU_KOPI_GAYO,Food & Beverage,220000,0,89,0,89
2024-01-10,Jakarta,SKU_BATIK_TULIS,Fashion Premium,1200000,0,17,0,17
2024-01-10,Surabaya,SKU_HIJAB_INSTAN,Fashion,65000,0,102,0,102
2024-01-10,Surabaya,SKU_KOPI_GAYO,Food & Beverage,220000,0,55,0,55
2024-01-10,Surabaya,SKU_BATIK_TULIS,Fashion Premium,1200000,0,10,0,10
2024-01-10,Medan,SKU_HIJAB_INSTAN,Fashion,65000,0,71,0,71
2024-01-10,Medan,SKU_KOPI_GAYO,Food & Beverage,220000,0,30,0,30
2024-01-10,Medan,SKU_BATIK_TULIS,Fashion Premium,1200000,0,5,0,5
2024-01-10,Makassar,SKU_HIJAB_INSTAN,Fashion,65000,0,38,0,38
2024-01-10,Makassar,SKU_KOPI_GAYO,Food & Beverage,220000,0,14,0,14
2024-01-10,Makassar,SKU_BATIK_TULIS,Fashion Premium,1200000,0,2,0,2
2024-01-11,Jakarta,SKU_HIJAB_INSTAN,Fashion,65000,0,194,0,194
2024-01-11,Jakarta,SKU_KOPI_GAYO,Food & Beverage,220000,0,78,0,78
2024-01-11,Jakarta,SKU_BATIK_TULIS,Fashion Premium,1200000,0,18,0,18
2024-01-11,Surabaya,SKU_HIJAB_INSTAN,Fashion,65000,0,105,0,105
2024-01-11,Surabaya,SKU_KOPI_GAYO,Food & Beverage,220000,0,46,0,46
2024-01-11,Surabaya,SKU_BATIK_TULIS,Fashion Premium,1200000,0,10,0,10
2024-01-11,Medan,SKU_HIJAB_INSTAN,Fashion,65000,0,63,0,63
2024-01-11,Medan,SKU_KOPI_GAYO,Food & Beverage,220000,0,24,0,24
2024-01-11,Medan,SKU_BATIK_TULIS,Fashion Premium,1200000,0,6,0,6
2024-01-11,Makassar,SKU_HIJAB_INSTAN,Fashion,65000,0,33,0,33
2024-01-11,Makassar,SKU_KOPI_GAYO,Food & Beverage,220000,0,16,0,16
2024-01-11,Makassar,SKU_BATIK_TULIS,Fashion Premium,1200000,0,4,0,4
2024-01-12,Jakarta,SKU_HIJAB_INSTAN,Fashion,65000,0,177,0,177
2024-01-12,Jakarta,SKU_KOPI_GAYO,Food & Beverage,220000,0,80,0,80
2024-01-12,Jakarta,SKU_BATIK_TULIS,Fashion Premium,1200000,0,22,0,22
2024-01-12,Surabaya,SKU_HIJAB_INSTAN,Fashion,65000,0,97,0,97
2024-01-12,Surabaya,SKU_KOPI_GAYO,Food & Beverage,220000,0,63,0,63
2024-01-12,Surabaya,SKU_BATIK_TULIS,Fashion Premium,1200000,0,13,0,13
2024-01-12,Medan,SKU_HIJAB_INSTAN,Fashion,65000,0,80,0,80
2024-01-12,Medan,SKU_KOPI_GAYO,Food & Beverage,220000,0,34,0,34
2024-01-12,Medan,SKU_BATIK_TULIS,Fashion Premium,1200000,0,9,0,9
2024-01-12,Makassar,SKU_HIJAB_INSTAN,Fashion,65000,0,27,0,27
2024-01-12,Makassar,SKU_KOPI_GAYO,Food & Beverage,220000,0,25,0,25
2024-01-12,Makassar,SKU_BATIK_TULIS,Fashion Premium,1200000,0,3,0,3
2024-01-13,Jakarta,SKU_HIJAB_INSTAN,Fashion,65000,0,199,0,199
2024-01-13,Jakarta,SKU_KOPI_GAYO,Food & Beverage,220000,0,100,0,100
2024-01-13,Jakarta,SKU_BATIK_TULIS,Fashion Premium,1200000,0,26,0,26
2024-01-13,Surabaya,SKU_HIJAB_INSTAN,Fashion,65000,0,118,0,118
2024-01-13,Surabaya,SKU_KOPI_GAYO,Food & Beverage,220000,0,64,0,64
2024-01-13,Surabaya,SKU_BATIK_TULIS,Fashion Premium,1200000,0,11,0,11
2024-01-13,Medan,SKU_HIJAB_INSTAN,Fashion,65000,0,86,0,86
2024-01-13,Medan,SKU_KOPI_GAYO,Food & Beverage,220000,0,43,0,43
2024-01-13,Medan,SKU_BATIK_TULIS,Fashion Premium,1200000,0,8,0,8
2024-01-13,Makassar,SKU_HIJAB_INSTAN,Fashion,65000,0,33,0,33
2024-01-13,Makassar,SKU_KOPI_GAYO,Food & Beverage,220000,0,10,0,10
2024-01-13,Makassar,SKU_BATIK_TULIS,Fashion Premium,1200000,0,3,0,3
2024-01-14,Jakarta,SKU_HIJAB_INSTAN,Fashion,65000,0,180,0,180
2024-01-14,Jakarta,SKU_KOPI_GAYO,Food & Beverage,220000,0,87,1,0
2024-01-14,Jakarta,SKU_BATIK_TULIS,Fashion Premium,1200000,0,22,0,22
2024-01-14,Surabaya,SKU_HIJAB_INSTAN,Fashion,65000,0,120,0,120
2024-01-14,Surabaya,SKU_KOPI_GAYO,Food & Beverage,220000,0,69,0,69
2024-01-14,Surabaya,SKU_BATIK_TULIS,Fashion Premium,1200000,0,12,0,12
2024-01-14,Medan,SKU_HIJAB_INSTAN,Fashion,65000,0,103,0,103
2024-01-14,Medan,SKU_KOPI_GAYO,Food & Beverage,220000,0,40,1,0
2024-01-14,Medan,SKU_BATIK_TULIS,Fashion Premium,1200000,0,7,0,7
2024-01-14,Makassar,SKU_HIJAB_INSTAN,Fashion,65000,0,36,0,36
2024-01-14,Makassar,SKU_KOPI_GAYO,Food & Beverage,220000,0,8,0,8
2024-01-14,Makassar,SKU_BATIK_TULIS,Fashion Premium,1200000,0,4,0,4
2024-01-15,Jakarta,SKU_HIJAB_INSTAN,Fashion,65000,0,164,1,0
2024-01-15,Jakarta,SKU_KOPI_GAYO,Food & Beverage,220000,0,80,1,0
2024-01-15,Jakarta,SKU_BATIK_TULIS,Fashion Premium,1200000,0,11,0,11
2024-01-15,Surabaya,SKU_HIJAB_INSTAN,Fashion,65000,0,105,0,105
2024-01-15,Surabaya,SKU_KOPI_GAYO,Food & Beverage,220000,0,44,0,44
2024-01-15,Surabaya,SKU_BATIK_TULIS,Fashion Premium,1200000,0,11,0,11
2024-01-15,Medan,SKU_HIJAB_INSTAN,Fashion,65000,0,81,0,81
2024-01-15,Medan,SKU_KOPI_GAYO,Food & Beverage,220000,0,46,0,46
2024-01-15,Medan,SKU_BATIK_TULIS,Fashion Premium,1200000,0,5,0,5
2024-01-15,Makassar,SKU_HIJAB_INSTAN,Fashion,65000,0,36,0,36
2024-01-15,Makassar,SKU_KOPI_GAYO,Food & Beverage,220000,0,15,0,15
2024-01-15,Makassar,SKU_BATIK_TULIS,Fashion Premium,1200000,0,3,0,3
2024-01-16,Jakarta,SKU_HIJAB_INSTAN,Fashion,65000,0,140,0,140
2024-01-16,Jakarta,SKU_KOPI_GAYO,Food & Beverage,220000,0,91,0,91
2024-01-16,Jakarta,SKU_BATIK_TULIS,Fashion Premium,1200000,0,13,0,13
2024-01-16,Surabaya,SKU_HIJAB_INSTAN,Fashion,65000,0,77,0,77
2024-01-16,Surabaya,SKU_KOPI_GAYO,Food & Beverage,220000,0,49,0,49
2024-01-16,Surabaya,SKU_BATIK_TULIS,Fashion Premium,1200000,0,10,0,10
2024-01-16,Medan,SKU_HIJAB_INSTAN,Fashion,65000,0,62,0,62
2024-01-16,Medan,SKU_KOPI_GAYO,Food & Beverage,220000,0,32,0,32
2024-01-16,Medan,SKU_BATIK_TULIS,Fashion Premium,1200000,0,8,0,8
2024-01-16,Makassar,SKU_HIJAB_INSTAN,Fashion,65000,0,38,0,38
2024-01-16,Makassar,SKU_KOPI_GAYO,Food & Beverage,220000,0,18,0,18
2024-01-16,Makassar,SKU_BATIK_TULIS,Fashion Premium,1200000,0,3,0,3
2024-01-17,Jakarta,SKU_HIJAB_INSTAN,Fashion,65000,0,160,0,160
2024-01-17,Jakarta,SKU_KOPI_GAYO,Food & Beverage,220000,0,96,0,96
2024-01-17,Jakarta,SKU_BATIK_TULIS,Fashion Premium,1200000,0,17,0,17
2024-01-17,Surabaya,SKU_HIJAB_INSTAN,Fashion,65000,0,100,0,100
2024-01-17,Surabaya,SKU_KOPI_GAYO,Food & Beverage,220000,0,50,0,50
2024-01-17,Surabaya,SKU_BATIK_TULIS,Fashion Premium,1200000,0,11,0,11
2024-01-17,Medan,SKU_HIJAB_INSTAN,Fashion,65000,0,64,0,64
2024-01-17,Medan,SKU_KOPI_GAYO,Food & Beverage,220000,0,46,0,46
2024-01-17,Medan,SKU_BATIK_TULIS,Fashion Premium,1200000,0,8,0,8
2024-01-17,Makassar,SKU_HIJAB_INSTAN,Fashion,65000,0,27,0,27
2024-01-17,Makassar,SKU_KOPI_GAYO,Food & Beverage,220000,0,16,0,16
2024-01-17,Makassar,SKU_BATIK_TULIS,Fashion Premium,1200000,0,2,0,2
2024-01-18,Jakarta,SKU_HIJAB_INSTAN,Fashion,65000,0,172,0,172
2024-01-18,Jakarta,SKU_KOPI_GAYO,Food & Beverage,220000,0,89,0,89
2024-01-18,Jakarta,SKU_BATIK_TULIS,Fashion Premium,1200000,0,20,0,20
2024-01-18,Surabaya,SKU_HIJAB_INSTAN,Fashion,65000,0,111,0,111
2024-01-18,Surabaya,SKU_KOPI_GAYO,Food & Beverage,220000,0,45,0,45
2024-01-18,Surabaya,SKU_BATIK_TULIS,Fashion Premium,1200000,0,13,0,13
2024-01-18,Medan,SKU_HIJAB_INSTAN,Fashion,65000,0,83,0,83
2024-01-18,Medan,SKU_KOPI_GAYO,Food & Beverage,220000,0,34,0,34
2024-01-18,Medan,SKU_BATIK_TULIS,Fashion Premium,1200000,0,5,0,5
2024-01-18,Makassar,SKU_HIJAB_INSTAN,Fashion,65000,0,40,0,40
2024-01-18,Makassar,SKU_KOPI_GAYO,Food & Beverage,220000,0,11,0,11
2024-01-18,Makassar,SKU_BATIK_TULIS,Fashion Premium,1200000,0,3,0,3
2024-01-19,Jakarta,SKU_HIJAB_INSTAN,Fashion,65000,0,159,0,159
2024-01-19,Jakarta,SKU_KOPI_GAYO,Food & Beverage,220000,0,87,0,87
2024-01-19,Jakarta,SKU_BATIK_TULIS,Fashion Premium,1200000,0,22,0,22
2024-01-19,Surabaya,SKU_HIJAB_INSTAN,Fashion,65000,0,134,0,134
2024-01-19,Surabaya,SKU_KOPI_GAYO,Food & Beverage,220000,0,55,0,55
2024-01-19,Surabaya,SKU_BATIK_TULIS,Fashion Premium,1200000,0,14,0,14
2024-01-19,Medan,SKU_HIJAB_INSTAN,Fashion,65000,0,78,1,0
2024-01-19,Medan,SKU_KOPI_GAYO,Food & Beverage,220000,0,32,0,32
2024-01-19,Medan,SKU_BATIK_TULIS,Fashion Premium,1200000,0,9,0,9
2024-01-19,Makassar,SKU_HIJAB_INSTAN,Fashion,65000,0,19,0,19
2024-01-19,Makassar,SKU_KOPI_GAYO,Food & Beverage,220000,0,18,0,18
2024-01-19,Makassar,SKU_BATIK_TULIS,Fashion Premium,1200000,0,6,0,6
2024-01-20,Jakarta,SKU_HIJAB_INSTAN,Fashion,65000,0,192,0,192
2024-01-20,Jakarta,SKU_KOPI_GAYO,Food & Beverage,220000,0,103,0,103
2024-01-20,Jakarta,SKU_BATIK_TULIS,Fashion Premium,1200000,0,23,0,23
2024-01-20,Surabaya,SKU_HIJAB_INSTAN,Fashion,65000,0,76,0,76
2024-01-20,Surabaya,SKU_KOPI_GAYO,Food & Beverage,220000,0,55,0,55
2024-01-20,Surabaya,SKU_BATIK_TULIS,Fashion Premium,1200000,0,14,0,14
2024-01-20,Medan,SKU_HIJAB_INSTAN,Fashion,65000,0,77,0,77
2024-01-20,Medan,SKU_KOPI_GAYO,Food & Beverage,220000,0,38,0,38
2024-01-20,Medan,SKU_BATIK_TULIS,Fashion Premium,1200000,0,9,0,9
2024-01-20,Makassar,SKU_HIJAB_INSTAN,Fashion,65000,0,26,0,26
2024-01-20,Makassar,SKU_KOPI_GAYO,Food & Beverage,220000,0,16,0,16
2024-01-20,Makassar,SKU_BATIK_TULIS,Fashion Premium,1200000,0,6,0,6
2024-01-21,Jakarta,SKU_HIJAB_INSTAN,Fashion,65000,0,192,0,192
2024-01-21,Jakarta,SKU_KOPI_GAYO,Food & Beverage,220000,0,93,0,93
2024-01-21,Jakarta,SKU_BATIK_TULIS,Fashion Premium,1200000,0,23,0,23
2024-01-21,Surabaya,SKU_HIJAB_INSTAN,Fashion,65000,0,110,0,110
2024-01-21,Surabaya,SKU_KOPI_GAYO,Food & Beverage,220000,0,49,0,49
2024-01-21,Surabaya,SKU_BATIK_TULIS,Fashion Premium,1200000,0,14,0,14
2024-01-21,Medan,SKU_HIJAB_INSTAN,Fashion,65000,0,92,0,92
2024-01-21,Medan,SKU_KOPI_GAYO,Food & Beverage,220000,0,33,0,33
2024-01-21,Medan,SKU_BATIK_TULIS,Fashion Premium,1200000,0,12,0,12
2024-01-21,Makassar,SKU_HIJAB_INSTAN,Fashion,65000,0,62,0,62
2024-01-21,Makassar,SKU_KOPI_GAYO,Food & Beverage,220000,0,10,0,10
2024-01-21,Makassar,SKU_BATIK_TULIS,Fashion Premium,1200000,0,2,0,2
2024-01-22,Jakarta,SKU_HIJAB_INSTAN,Fashion,65000,0,150,0,150
2024-01-22,Jakarta,SKU_KOPI_GAYO,Food & Beverage,220000,0,74,0,74
2024-01-22,Jakarta,SKU_BATIK_TULIS,Fashion Premium,1200000,0,14,0,14
2024-01-22,Surabaya,SKU_HIJAB_INSTAN,Fashion,65000,0,96,0,96
2024-01-22,Surabaya,SKU_KOPI_GAYO,Food & Beverage,220000,0,53,0,53
2024-01-22,Surabaya,SKU_BATIK_TULIS,Fashion Premium,1200000,0,9,0,9
2024-01-22,Medan,SKU_HIJAB_INSTAN,Fashion,65000,0,57,0,57
2024-01-22,Medan,SKU_KOPI_GAYO,Food & Beverage,220000,0,27,0,27
2024-01-22,Medan,SKU_BATIK_TULIS,Fashion Premium,1200000,0,7,0,7
2024-01-22,Makassar,SKU_HIJAB_INSTAN,Fashion,65000,0,35,0,35
2024-01-22,Makassar,SKU_KOPI_GAYO,Food & Beverage,220000,0,7,0,7
2024-01-22,Makassar,SKU_BATIK_TULIS,Fashion Premium,1200000,0,4,0,4
2024-01-23,Jakarta,SKU_HIJAB_INSTAN,Fashion,65000,0,184,0,184
2024-01-23,Jakarta,SKU_KOPI_GAYO,Food & Beverage,220000,0,89,0,89
2024-01-23,Jakarta,SKU_BATIK_TULIS,Fashion Premium,1200000,0,18,0,18
2024-01-23,Surabaya,SKU_HIJAB_INSTAN,Fashion,65000,0,105,0,105
2024-01-23,Surabaya,SKU_KOPI_GAYO,Food & Beverage,220000,0,59,0,59
2024-01-23,Surabaya,SKU_BATIK_TULIS,Fashion Premium,1200000,0,9,0,9
2024-01-23,Medan,SKU_HIJAB_INSTAN,Fashion,65000,0,86,0,86
2024-01-23,Medan,SKU_KOPI_GAYO,Food & Beverage,220000,0,39,0,39
2024-01-23,Medan,SKU_BATIK_TULIS,Fashion Premium,1200000,0,6,0,6
2024-01-23,Makassar,SKU_HIJAB_INSTAN,Fashion,65000,0,50,0,50
2024-01-23,Makassar,SKU_KOPI_GAYO,Food & Beverage,220000,0,22,0,22
2024-01-23,Makassar,SKU_BATIK_TULIS,Fashion Premium,1200000,0,3,0,3
2024-01-24,Jakarta,SKU_HIJAB_INSTAN,Fashion,65000,0,180,0,180
2024-01-24,Jakarta,SKU_KOPI_GAYO,Food & Beverage,220000,0,91,0,91
2024-01-24,Jakarta,SKU_BATIK_TULIS,Fashion Premium,1200000,0,18,0,18
2024-01-24,Surabaya,SKU_HIJAB_INSTAN,Fashion,65000,0,104,0,104
2024-01-24,Surabaya,SKU_KOPI_GAYO,Food & Beverage,220000,0,50,0,50
2024-01-24,Surabaya,SKU_BATIK_TULIS,Fashion Premium,1200000,0,11,0,11
2024-01-24,Medan,SKU_HIJAB_INSTAN,Fashion,65000,0,85,0,85
2024-01-24,Medan,SKU_KOPI_GAYO,Food & Beverage,220000,0,33,1,0
2024-01-24,Medan,SKU_BATIK_TULIS,Fashion Premium,1200000,0,5,0,5
2024-01-24,Makassar,SKU_HIJAB_INSTAN,Fashion,65000,0,33,0,33
2024-01-24,Makassar,SKU_KOPI_GAYO,Food & Beverage,220000,0,11,0,11
2024-01-24,Makassar,SKU_BATIK_TULIS,Fashion Premium,1200000,0,3,0,3
2024-01-25,Jakarta,SKU_HIJAB_INSTAN,Fashion,65000,0,193,0,193
2024-01-25,Jakarta,SKU_KOPI_GAYO,Food & Beverage,176000,1,148,0,148
2024-01-25,Jakarta,SKU_BATIK_TULIS,Fashion Premium,1200000,0,23,0,23
2024-01-25,Surabaya,SKU_HIJAB_INSTAN,Fashion,65000,0,134,0,134
2024-01-25,Surabaya,SKU_KOPI_GAYO,Food & Beverage,220000,0,56,0,56
2024-01-25,Surabaya,SKU_BATIK_TULIS,Fashion Premium,960000,1,24,0,24
2024-01-25,Medan,SKU_HIJAB_INSTAN,Fashion,65000,0,76,0,76
2024-01-25,Medan,SKU_KOPI_GAYO,Food & Beverage,176000,1,73,0,73
2024-01-25,Medan,SKU_BATIK_TULIS,Fashion Premium,960000,1,11,0,11
2024-01-25,Makassar,SKU_HIJAB_INSTAN,Fashion,52000,1,81,0,81
2024-01-25,Makassar,SKU_KOPI_GAYO,Food & Beverage,176000,1,37,0,37
2024-01-25,Makassar,SKU_BATIK_TULIS,Fashion Premium,960000,1,5,0,5
2024-01-26,Jakarta,SKU_HIJAB_INSTAN,Fashion,65000,0,196,0,196
2024-01-26,Jakarta,SKU_KOPI_GAYO,Food & Beverage,220000,0,100,1,0
2024-01-26,Jakarta,SKU_BATIK_TULIS,Fashion Premium,960000,1,29,1,0
2024-01-26,Surabaya,SKU_HIJAB_INSTAN,Fashion,65000,0,116,0,116
2024-01-26,Surabaya,SKU_KOPI_GAYO,Food & Beverage,220000,0,57,0,57
2024-01-26,Surabaya,SKU_BATIK_TULIS,Fashion Premium,1200000,0,16,0,16
2024-01-26,Medan,SKU_HIJAB_INSTAN,Fashion,65000,0,82,0,82
2024-01-26,Medan,SKU_KOPI_GAYO,Food & Beverage,220000,0,40,0,40
2024-01-26,Medan,SKU_BATIK_TULIS,Fashion Premium,960000,1,13,0,13
2024-01-26,Makassar,SKU_HIJAB_INSTAN,Fashion,52000,1,40,0,40
2024-01-26,Makassar,SKU_KOPI_GAYO,Food & Beverage,176000,1,20,0,20
2024-01-26,Makassar,SKU_BATIK_TULIS,Fashion Premium,1200000,0,5,0,5
2024-01-27,Jakarta,SKU_HIJAB_INSTAN,Fashion,65000,0,194,0,194
2024-01-27,Jakarta,SKU_KOPI_GAYO,Food & Beverage,220000,0,96,0,96
2024-01-27,Jakarta,SKU_BATIK_TULIS,Fashion Premium,1200000,0,26,0,26
2024-01-27,Surabaya,SKU_HIJAB_INSTAN,Fashion,65000,0,152,0,152
2024-01-27,Surabaya,SKU_KOPI_GAYO,Food & Beverage,176000,1,79,0,79
2024-01-27,Surabaya,SKU_BATIK_TULIS,Fashion Premium,1200000,0,15,0,15
2024-01-27,Medan,SKU_HIJAB_INSTAN,Fashion,52000,1,151,0,151
2024-01-27,Medan,SKU_KOPI_GAYO,Food & Beverage,176000,1,41,0,41
2024-01-27,Medan,SKU_BATIK_TULIS,Fashion Premium,960000,1,10,0,10
2024-01-27,Makassar,SKU_HIJAB_INSTAN,Fashion,65000,0,44,0,44
2024-01-27,Makassar,SKU_KOPI_GAYO,Food & Beverage,220000,0,30,0,30
2024-01-27,Makassar,SKU_BATIK_TULIS,Fashion Premium,1200000,0,2,0,2
2024-01-28,Jakarta,SKU_HIJAB_INSTAN,Fashion,52000,1,293,0,293
2024-01-28,Jakarta,SKU_KOPI_GAYO,Food & Beverage,220000,0,85,0,85
2024-01-28,Jakarta,SKU_BATIK_TULIS,Fashion Premium,960000,1,34,0,34
2024-01-28,Surabaya,SKU_HIJAB_INSTAN,Fashion,52000,1,182,0,182
2024-01-28,Surabaya,SKU_KOPI_GAYO,Food & Beverage,220000,0,69,0,69
2024-01-28,Surabaya,SKU_BATIK_TULIS,Fashion Premium,1200000,0,16,0,16
2024-01-28,Medan,SKU_HIJAB_INSTAN,Fashion,52000,1,103,0,103
2024-01-28,Medan,SKU_KOPI_GAYO,Food & Beverage,176000,1,57,0,57
2024-01-28,Medan,SKU_BATIK_TULIS,Fashion Premium,960000,1,14,0,14
2024-01-28,Makassar,SKU_HIJAB_INSTAN,Fashion,65000,0,60,0,60
2024-01-28,Makassar,SKU_KOPI_GAYO,Food & Beverage,176000,1,22,0,22
2024-01-28,Makassar,SKU_BATIK_TULIS,Fashion Premium,1200000,0,5,0,5
2024-01-29,Jakarta,SKU_HIJAB_INSTAN,Fashion,65000,0,125,0,125
2024-01-29,Jakarta,SKU_KOPI_GAYO,Food & Beverage,220000,0,76,0,76
2024-01-29,Jakarta,SKU_BATIK_TULIS,Fashion Premium,1200000,0,16,0,16
2024-01-29,Surabaya,SKU_HIJAB_INSTAN,Fashion,65000,0,107,0,107
2024-01-29,Surabaya,SKU_KOPI_GAYO,Food & Beverage,220000,0,39,0,39
2024-01-29,Surabaya,SKU_BATIK_TULIS,Fashion Premium,1200000,0,8,0,8
2024-01-29,Medan,SKU_HIJAB_INSTAN,Fashion,65000,0,64,0,64
2024-01-29,Medan,SKU_KOPI_GAYO,Food & Beverage,220000,0,27,0,27
2024-01-29,Medan,SKU_BATIK_TULIS,Fashion Premium,1200000,0,5,0,5
2024-01-29,Makassar,SKU_HIJAB_INSTAN,Fashion,65000,0,14,0,14
2024-01-29,Makassar,SKU_KOPI_GAYO,Food & Beverage,220000,0,30,0,30
2024-01-29,Makassar,SKU_BATIK_TULIS,Fashion Premium,1200000,0,3,0,3
2024-01-30,Jakarta,SKU_HIJAB_INSTAN,Fashion,65000,0,190,0,190
2024-01-30,Jakarta,SKU_KOPI_GAYO,Food & Beverage,220000,0,79,0,79
2024-01-30,Jakarta,SKU_BATIK_TULIS,Fashion Premium,1200000,0,14,0,14
2024-01-30,Surabaya,SKU_HIJAB_INSTAN,Fashion,65000,0,89,0,89
2024-01-30,Surabaya,SKU_KOPI_GAYO,Food & Beverage,220000,0,53,0,53
2024-01-30,Surabaya,SKU_BATIK_TULIS,Fashion Premium,1200000,0,8,0,8
2024-01-30,Medan,SKU_HIJAB_INSTAN,Fashion,65000,0,72,0,72
2024-01-30,Medan,SKU_KOPI_GAYO,Food & Beverage,220000,0,22,0,22
2024-01-30,Medan,SKU_BATIK_TULIS,Fashion Premium,1200000,0,7,0,7
2024-01-30,Makassar,SKU_HIJAB_INSTAN,Fashion,65000,0,37,0,37
2024-01-30,Makassar,SKU_KOPI_GAYO,Food & Beverage,220000,0,30,0,30
2024-01-30,Makassar,SKU_BATIK_TULIS,Fashion Premium,1200000,0,2,1,0
2024-01-31,Jakarta,SKU_HIJAB_INSTAN,Fashion,65000,0,168,0,168
2024-01-31,Jakarta,SKU_KOPI_GAYO,Food & Beverage,220000,0,78,0,78
2024-01-31,Jakarta,SKU_BATIK_TULIS,Fashion Premium,1200000,0,15,0,15
2024-01-31,Surabaya,SKU_HIJAB_INSTAN,Fashion,65000,0,100,0,100
2024-01-31,Surabaya,SKU_KOPI_GAYO,Food & Beverage,220000,0,43,0,43
2024-01-31,Surabaya,SKU_BATIK_TULIS,Fashion Premium,1200000,0,8,0,8
2024-01-31,Medan,SKU_HIJAB_INSTAN,Fashion,65000,0,72,0,72
2024-01-31,Medan,SKU_KOPI_GAYO,Food & Beverage,220000,0,31,0,31
2024-01-31,Medan,SKU_BATIK_TULIS,Fashion Premium,1200000,0,6,0,6
2024-01-31,Makassar,SKU_HIJAB_INSTAN,Fashion,65000,0,25,0,25
2024-01-31,Makassar,SKU_KOPI_GAYO,Food & Beverage,220000,0,22,0,22
2024-01-31,Makassar,SKU_BATIK_TULIS,Fashion Premium,1200000,0,2,0,2
2024-02-01,Jakarta,SKU_HIJAB_INSTAN,Fashion,65000,0,194,0,194
2024-02-01,Jakarta,SKU_KOPI_GAYO,Food & Beverage,220000,0,87,0,87
2024-02-01,Jakarta,SKU_BATIK_TULIS,Fashion Premium,1200000,0,19,0,19
2024-02-01,Surabaya,SKU_HIJAB_INSTAN,Fashion,65000,0,102,0,102
2024-02-01,Surabaya,SKU_KOPI_GAYO,Food & Beverage,220000,0,63,0,63
2024-02-01,Surabaya,SKU_BATIK_TULIS,Fashion Premium,1200000,0,11,0,11
2024-02-01,Medan,SKU_HIJAB_INSTAN,Fashion,65000,0,56,0,56
2024-02-01,Medan,SKU_KOPI_GAYO,Food & Beverage,220000,0,36,0,36
2024-02-01,Medan,SKU_BATIK_TULIS,Fashion Premium,1200000,0,7,0,7
2024-02-01,Makassar,SKU_HIJAB_INSTAN,Fashion,65000,0,32,0,32
2024-02-01,Makassar,SKU_KOPI_GAYO,Food & Beverage,220000,0,22,0,22
2024-02-01,Makassar,SKU_BATIK_TULIS,Fashion Premium,1200000,0,3,0,3
2024-02-02,Jakarta,SKU_HIJAB_INSTAN,Fashion,65000,0,186,0,186
2024-02-02,Jakarta,SKU_KOPI_GAYO,Food & Beverage,220000,0,85,0,85
2024-02-02,Jakarta,SKU_BATIK_TULIS,Fashion Premium,1200000,0,22,1,0
2024-02-02,Surabaya,SKU_HIJAB_INSTAN,Fashion,65000,0,113,0,113
2024-02-02,Surabaya,SKU_KOPI_GAYO,Food & Beverage,220000,0,56,0,56
2024-02-02,Surabaya,SKU_BATIK_TULIS,Fashion Premium,1200000,0,12,0,12
2024-02-02,Medan,SKU_HIJAB_INSTAN,Fashion,65000,0,49,0,49
2024-02-02,Medan,SKU_KOPI_GAYO,Food & Beverage,220000,0,29,0,29
2024-02-02,Medan,SKU_BATIK_TULIS,Fashion Premium,1200000,0,12,0,12
2024-02-02,Makassar,SKU_HIJAB_INSTAN,Fashion,65000,0,21,0,21
2024-02-02,Makassar,SKU_KOPI_GAYO,Food & Beverage,220000,0,14,1,0
2024-02-02,Makassar,SKU_BATIK_TULIS,Fashion Premium,1200000,0,3,0,3
2024-02-03,Jakarta,SKU_HIJAB_INSTAN,Fashion,65000,0,191,0,191
2024-02-03,Jakarta,SKU_KOPI_GAYO,Food & Beverage,220000,0,88,0,88
2024-02-03,Jakarta,SKU_BATIK_TULIS,Fashion Premium,1200000,0,24,0,24
2024-02-03,Surabaya,SKU_HIJAB_INSTAN,Fashion,65000,0,125,0,125
2024-02-03,Surabaya,SKU_KOPI_GAYO,Food & Beverage,220000,0,47,0,47
2024-02-03,Surabaya,SKU_BATIK_TULIS,Fashion Premium,1200000,0,12,0,12
2024-02-03,Medan,SKU_HIJAB_INSTAN,Fashion,65000,0,70,0,70
2024-02-03,Medan,SKU_KOPI_GAYO,Food & Beverage,220000,0,41,0,41
2024-02-03,Medan,SKU_BATIK_TULIS,Fashion Premium,1200000,0,8,0,8
2024-02-03,Makassar,SKU_HIJAB_INSTAN,Fashion,65000,0,69,0,69
2024-02-03,Makassar,SKU_KOPI_GAYO,Food & Beverage,220000,0,18,0,18
2024-02-03,Makassar,SKU_BATIK_TULIS,Fashion Premium,1200000,0,8,1,0
2024-02-04,Jakarta,SKU_HIJAB_INSTAN,Fashion,65000,0,174,0,174
2024-02-04,Jakarta,SKU_KOPI_GAYO,Food & Beverage,220000,0,97,0,97
2024-02-04,Jakarta,SKU_BATIK_TULIS,Fashion Premium,1200000,0,23,0,23
2024-02-04,Surabaya,SKU_HIJAB_INSTAN,Fashion,65000,0,122,0,122
2024-02-04,Surabaya,SKU_KOPI_GAYO,Food & Beverage,220000,0,56,0,56
2024-02-04,Surabaya,SKU_BATIK_TULIS,Fashion Premium,1200000,0,13,0,13
2024-02-04,Medan,SKU_HIJAB_INSTAN,Fashion,65000,0,65,0,65
2024-02-04,Medan,SKU_KOPI_GAYO,Food & Beverage,220000,0,38,0,38
2024-02-04,Medan,SKU_BATIK_TULIS,Fashion Premium,1200000,0,10,0,10
2024-02-04,Makassar,SKU_HIJAB_INSTAN,Fashion,65000,0,30,0,30
2024-02-04,Makassar,SKU_KOPI_GAYO,Food & Beverage,220000,0,12,0,12
2024-02-04,Makassar,SKU_BATIK_TULIS,Fashion Premium,1200000,0,4,0,4
2024-02-05,Jakarta,SKU_HIJAB_INSTAN,Fashion,65000,0,144,0,144
2024-02-05,Jakarta,SKU_KOPI_GAYO,Food & Beverage,220000,0,79,0,79
2024-02-05,Jakarta,SKU_BATIK_TULIS,Fashion Premium,1200000,0,15,0,15
2024-02-05,Surabaya,SKU_HIJAB_INSTAN,Fashion,65000,0,92,0,92
2024-02-05,Surabaya,SKU_KOPI_GAYO,Food & Beverage,220000,0,53,0,53
2024-02-05,Surabaya,SKU_BATIK_TULIS,Fashion Premium,1200000,0,9,0,9
2024-02-05,Medan,SKU_HIJAB_INSTAN,Fashion,65000,0,51,0,51
2024-02-05,Medan,SKU_KOPI_GAYO,Food & Beverage,220000,0,30,0,30
2024-02-05,Medan,SKU_BATIK_TULIS,Fashion Premium,1200000,0,7,0,7
2024-02-05,Makassar,SKU_HIJAB_INSTAN,Fashion,65000,0,21,0,21
2024-02-05,Makassar,SKU_KOPI_GAYO,Food & Beverage,220000,0,27,0,27
2024-02-05,Makassar,SKU_BATIK_TULIS,Fashion Premium,1200000,0,2,0,2
2024-02-06,Jakarta,SKU_HIJAB_INSTAN,Fashion,65000,0,164,0,164
2024-02-06,Jakarta,SKU_KOPI_GAYO,Food & Beverage,220000,0,92,0,92
2024-02-06,Jakarta,SKU_BATIK_TULIS,Fashion Premium,1200000,0,16,0,16
2024-02-06,Surabaya,SKU_HIJAB_INSTAN,Fashion,65000,0,97,0,97
2024-02-06,Surabaya,SKU_KOPI_GAYO,Food & Beverage,220000,0,41,0,41
2024-02-06,Surabaya,SKU_BATIK_TULIS,Fashion Premium,1200000,0,10,0,10
2024-02-06,Medan,SKU_HIJAB_INSTAN,Fashion,65000,0,71,0,71
2024-02-06,Medan,SKU_KOPI_GAYO,Food & Beverage,220000,0,33,0,33
2024-02-06,Medan,SKU_BATIK_TULIS,Fashion Premium,1200000,0,6,0,6
2024-02-06,Makassar,SKU_HIJAB_INSTAN,Fashion,65000,0,30,0,30
2024-02-06,Makassar,SKU_KOPI_GAYO,Food & Beverage,220000,0,16,0,16
2024-02-06,Makassar,SKU_BATIK_TULIS,Fashion Premium,1200000,0,4,0,4
2024-02-07,Jakarta,SKU_HIJAB_INSTAN,Fashion,65000,0,168,0,168
2024-02-07,Jakarta,SKU_KOPI_GAYO,Food & Beverage,220000,0,89,0,89
2024-02-07,Jakarta,SKU_BATIK_TULIS,Fashion Premium,1200000,0,17,0,17
2024-02-07,Surabaya,SKU_HIJAB_INSTAN,Fashion,65000,0,85,0,85
2024-02-07,Surabaya,SKU_KOPI_GAYO,Food & Beverage,220000,0,62,0,62
2024-02-07,Surabaya,SKU_BATIK_TULIS,Fashion Premium,1200000,0,7,0,7
2024-02-07,Medan,SKU_HIJAB_INSTAN,Fashion,65000,0,58,0,58
2024-02-07,Medan,SKU_KOPI_GAYO,Food & Beverage,220000,0,34,0,34
2024-02-07,Medan,SKU_BATIK_TULIS,Fashion Premium,1200000,0,4,0,4
2024-02-07,Makassar,SKU_HIJAB_INSTAN,Fashion,65000,0,27,0,27
2024-02-07,Makassar,SKU_KOPI_GAYO,Food & Beverage,220000,0,19,0,19
2024-02-07,Makassar,SKU_BATIK_TULIS,Fashion Premium,1200000,0,5,0,5
2024-02-08,Jakarta,SKU_HIJAB_INSTAN,Fashion,65000,0,177,0,177
2024-02-08,Jakarta,SKU_KOPI_GAYO,Food & Beverage,220000,0,98,0,98
2024-02-08,Jakarta,SKU_BATIK_TULIS,Fashion Premium,1200000,0,20,0,20
2024-02-08,Surabaya,SKU_HIJAB_INSTAN,Fashion,65000,0,99,0,99
2024-02-08,Surabaya,SKU_KOPI_GAYO,Food & Beverage,220000,0,52,0,52
2024-02-08,Surabaya,SKU_BATIK_TULIS,Fashion Premium,1200000,0,10,0,10
2024-02-08,Medan,SKU_HIJAB_INSTAN,Fashion,65000,0,63,0,63
2024-02-08,Medan,SKU_KOPI_GAYO,Food & Beverage,220000,0,30,0,30
2024-02-08,Medan,SKU_BATIK_TULIS,Fashion Premium,1200000,0,8,0,8
2024-02-08,Makassar,SKU_HIJAB_INSTAN,Fashion,65000,0,46,0,46
2024-02-08,Makassar,SKU_KOPI_GAYO,Food & Beverage,220000,0,10,0,10
2024-02-08,Makassar,SKU_BATIK_TULIS,Fashion Premium,1200000,0,3,0,3
2024-02-09,Jakarta,SKU_HIJAB_INSTAN,Fashion,65000,0,212,0,212
2024-02-09,Jakarta,SKU_KOPI_GAYO,Food & Beverage,220000,0,100,0,100
2024-02-09,Jakarta,SKU_BATIK_TULIS,Fashion Premium,1200000,0,21,0,21
2024-02-09,Surabaya,SKU_HIJAB_INSTAN,Fashion,65000,0,123,0,123
2024-02-09,Surabaya,SKU_KOPI_GAYO,Food & Beverage,220000,0,63,0,63
2024-02-09,Surabaya,SKU_BATIK_TULIS,Fashion Premium,1200000,0,12,0,12
2024-02-09,Medan,SKU_HIJAB_INSTAN,Fashion,65000,0,101,0,101
2024-02-09,Medan,SKU_KOPI_GAYO,Food & Beverage,220000,0,46,0,46
2024-02-09,Medan,SKU_BATIK_TULIS,Fashion Premium,1200000,0,8,0,8
2024-02-09,Makassar,SKU_HIJAB_INSTAN,Fashion,65000,0,31,0,31
2024-02-09,Makassar,SKU_KOPI_GAYO,Food & Beverage,220000,0,25,0,25
2024-02-09,Makassar,SKU_BATIK_TULIS,Fashion Premium,1200000,0,8,0,8
2024-02-10,Jakarta,SKU_HIJAB_INSTAN,Fashion,65000,0,211,0,211
2024-02-10,Jakarta,SKU_KOPI_GAYO,Food & Beverage,220000,0,104,0,104
2024-02-10,Jakarta,SKU_BATIK_TULIS,Fashion Premium,1200000,0,25,0,25
2024-02-10,Surabaya,SKU_HIJAB_INSTAN,Fashion,65000,0,132,0,132
2024-02-10,Surabaya,SKU_KOPI_GAYO,Food & Beverage,220000,0,52,0,52
2024-02-10,Surabaya,SKU_BATIK_TULIS,Fashion Premium,1200000,0,16,0,16
2024-02-10,Medan,SKU_HIJAB_INSTAN,Fashion,65000,0,71,0,71
2024-02-10,Medan,SKU_KOPI_GAYO,Food & Beverage,220000,0,25,0,25
2024-02-10,Medan,SKU_BATIK_TULIS,Fashion Premium,1200000,0,8,0,8
2024-02-10,Makassar,SKU_HIJAB_INSTAN,Fashion,65000,0,56,0,56
2024-02-10,Makassar,SKU_KOPI_GAYO,Food & Beverage,220000,0,18,0,18
2024-02-10,Makassar,SKU_BATIK_TULIS,Fashion Premium,1200000,0,3,0,3
2024-02-11,Jakarta,SKU_HIJAB_INSTAN,Fashion,65000,0,185,0,185
2024-02-11,Jakarta,SKU_KOPI_GAYO,Food & Beverage,220000,0,78,0,78
2024-02-11,Jakarta,SKU_BATIK_TULIS,Fashion Premium,1200000,0,24,0,24
2024-02-11,Surabaya,SKU_HIJAB_INSTAN,Fashion,65000,0,113,0,113
2024-02-11,Surabaya,SKU_KOPI_GAYO,Food & Beverage,220000,0,53,0,53
2024-02-11,Surabaya,SKU_BATIK_TULIS,Fashion Premium,1200000,0,17,0,17
2024-02-11,Medan,SKU_HIJAB_INSTAN,Fashion,65000,0,69,0,69
2024-02-11,Medan,SKU_KOPI_GAYO,Food & Beverage,220000,0,35,0,35
2024-02-11,Medan,SKU_BATIK_TULIS,Fashion Premium,1200000,0,10,0,10
2024-02-11,Makassar,SKU_HIJAB_INSTAN,Fashion,65000,0,60,0,60
2024-02-11,Makassar,SKU_KOPI_GAYO,Food & Beverage,220000,0,22,0,22
2024-02-11,Makassar,SKU_BATIK_TULIS,Fashion Premium,1200000,0,4,0,4
2024-02-12,Jakarta,SKU_HIJAB_INSTAN,Fashion,65000,0,157,1,0
2024-02-12,Jakarta,SKU_KOPI_GAYO,Food & Beverage,220000,0,86,0,86
2024-02-12,Jakarta,SKU_BATIK_TULIS,Fashion Premium,1200000,0,14,0,14
2024-02-12,Surabaya,SKU_HIJAB_INSTAN,Fashion,65000,0,76,0,76
2024-02-12,Surabaya,SKU_KOPI_GAYO,Food & Beverage,220000,0,58,0,58
2024-02-12,Surabaya,SKU_BATIK_TULIS,Fashion Premium,1200000,0,11,1,0
2024-02-12,Medan,SKU_HIJAB_INSTAN,Fashion,65000,0,61,0,61
2024-02-12,Medan,SKU_KOPI_GAYO,Food & Beverage,220000,0,29,0,29
2024-02-12,Medan,SKU_BATIK_TULIS,Fashion Premium,1200000,0,6,0,6
2024-02-12,Makassar,SKU_HIJAB_INSTAN,Fashion,65000,0,59,0,59
2024-02-12,Makassar,SKU_KOPI_GAYO,Food & Beverage,220000,0,24,0,24
2024-02-12,Makassar,SKU_BATIK_TULIS,Fashion Premium,1200000,0,3,0,3
2024-02-13,Jakarta,SKU_HIJAB_INSTAN,Fashion,65000,0,176,0,176
2024-02-13,Jakarta,SKU_KOPI_GAYO,Food & Beverage,220000,0,84,0,84
2024-02-13,Jakarta,SKU_BATIK_TULIS,Fashion Premium,1200000,0,17,0,17
2024-02-13,Surabaya,SKU_HIJAB_INSTAN,Fashion,65000,0,114,0,114
2024-02-13,Surabaya,SKU_KOPI_GAYO,Food & Beverage,220000,0,45,0,45
2024-02-13,Surabaya,SKU_BATIK_TULIS,Fashion Premium,1200000,0,9,0,9
2024-02-13,Medan,SKU_HIJAB_INSTAN,Fashion,65000,0,37,0,37
2024-02-13,Medan,SKU_KOPI_GAYO,Food & Beverage,220000,0,43,0,43
2024-02-13,Medan,SKU_BATIK_TULIS,Fashion Premium,1200000,0,7,0,7
2024-02-13,Makassar,SKU_HIJAB_INSTAN,Fashion,65000,0,53,0,53
2024-02-13,Makassar,SKU_KOPI_GAYO,Food & Beverage,220000,0,7,0,7
2024-02-13,Makassar,SKU_BATIK_TULIS,Fashion Premium,1200000,0,3,0,3
2024-02-14,Jakarta,SKU_HIJAB_INSTAN,Fashion,65000,0,189,0,189
2024-02-14,Jakarta,SKU_KOPI_GAYO,Food & Beverage,220000,0,86,0,86
2024-02-14,Jakarta,SKU_BATIK_TULIS,Fashion Premium,1200000,0,15,0,15
2024-02-14,Surabaya,SKU_HIJAB_INSTAN,Fashion,65000,0,117,0,117
2024-02-14,Surabaya,SKU_KOPI_GAYO,Food & Beverage,220000,0,40,0,40
2024-02-14,Surabaya,SKU_BATIK_TULIS,Fashion Premium,1200000,0,11,0,11
2024-02-14,Medan,SKU_HIJAB_INSTAN,Fashion,65000,0,71,0,71
2024-02-14,Medan,SKU_KOPI_GAYO,Food & Beverage,220000,0,35,0,35
2024-02-14,Medan,SKU_BATIK_TULIS,Fashion Premium,1200000,0,6,0,6
2024-02-14,Makassar,SKU_HIJAB_INSTAN,Fashion,65000,0,2,0,2
2024-02-14,Makassar,SKU_KOPI_GAYO,Food & Beverage,220000,0,13,0,13
2024-02-14,Makassar,SKU_BATIK_TULIS,Fashion Premium,1200000,0,3,0,3
2024-02-15,Jakarta,SKU_HIJAB_INSTAN,Fashion,65000,0,174,0,174
2024-02-15,Jakarta,SKU_KOPI_GAYO,Food & Beverage,220000,0,101,0,101
2024-02-15,Jakarta,SKU_BATIK_TULIS,Fashion Premium,1200000,0,16,0,16
2024-02-15,Surabaya,SKU_HIJAB_INSTAN,Fashion,65000,0,110,0,110
2024-02-15,Surabaya,SKU_KOPI_GAYO,Food & Beverage,220000,0,52,0,52
2024-02-15,Surabaya,SKU_BATIK_TULIS,Fashion Premium,1200000,0,10,0,10
2024-02-15,Medan,SKU_HIJAB_INSTAN,Fashion,65000,0,74,0,74
2024-02-15,Medan,SKU_KOPI_GAYO,Food & Beverage,220000,0,37,0,37
2024-02-15,Medan,SKU_BATIK_TULIS,Fashion Premium,1200000,0,9,0,9
2024-02-15,Makassar,SKU_HIJAB_INSTAN,Fashion,65000,0,44,0,44
2024-02-15,Makassar,SKU_KOPI_GAYO,Food & Beverage,220000,0,21,0,21
2024-02-15,Makassar,SKU_BATIK_TULIS,Fashion Premium,1200000,0,5,0,5
2024-02-16,Jakarta,SKU_HIJAB_INSTAN,Fashion,65000,0,207,0,207
2024-02-16,Jakarta,SKU_KOPI_GAYO,Food & Beverage,220000,0,89,0,89
2024-02-16,Jakarta,SKU_BATIK_TULIS,Fashion Premium,1200000,0,21,0,21
2024-02-16,Surabaya,SKU_HIJAB_INSTAN,Fashion,65000,0,109,0,109
2024-02-16,Surabaya,SKU_KOPI_GAYO,Food & Beverage,220000,0,48,0,48
2024-02-16,Surabaya,SKU_BATIK_TULIS,Fashion Premium,1200000,0,15,0,15
2024-02-16,Medan,SKU_HIJAB_INSTAN,Fashion,65000,0,98,0,98
2024-02-16,Medan,SKU_KOPI_GAYO,Food & Beverage,220000,0,44,0,44
2024-02-16,Medan,SKU_BATIK_TULIS,Fashion Premium,1200000,0,5,0,5
2024-02-16,Makassar,SKU_HIJAB_INSTAN,Fashion,65000,0,27,0,27
2024-02-16,Makassar,SKU_KOPI_GAYO,Food & Beverage,220000,0,15,1,0
2024-02-16,Makassar,SKU_BATIK_TULIS,Fashion Premium,1200000,0,4,0,4
2024-02-17,Jakarta,SKU_HIJAB_INSTAN,Fashion,65000,0,205,0,205
2024-02-17,Jakarta,SKU_KOPI_GAYO,Food & Beverage,220000,0,98,0,98
2024-02-17,Jakarta,SKU_BATIK_TULIS,Fashion Premium,1200000,0,30,0,30
2024-02-17,Surabaya,SKU_HIJAB_INSTAN,Fashion,65000,0,119,0,119
2024-02-17,Surabaya,SKU_KOPI_GAYO,Food & Beverage,220000,0,58,0,58
2024-02-17,Surabaya,SKU_BATIK_TULIS,Fashion Premium,1200000,0,16,0,16
2024-02-17,Medan,SKU_HIJAB_INSTAN,Fashion,65000,0,78,0,78
2024-02-17,Medan,SKU_KOPI_GAYO,Food & Beverage,220000,0,41,0,41
2024-02-17,Medan,SKU_BATIK_TULIS,Fashion Premium,1200000,0,11,0,11
2024-02-17,Makassar,SKU_HIJAB_INSTAN,Fashion,65000,0,27,0,27
2024-02-17,Makassar,SKU_KOPI_GAYO,Food & Beverage,220000,0,8,0,8
2024-02-17,Makassar,SKU_BATIK_TULIS,Fashion Premium,1200000,0,2,0,2
2024-02-18,Jakarta,SKU_HIJAB_INSTAN,Fashion,65000,0,194,0,194
2024-02-18,Jakarta,SKU_KOPI_GAYO,Food & Beverage,220000,0,97,0,97
2024-02-18,Jakarta,SKU_BATIK_TULIS,Fashion Premium,1200000,0,20,0,20
2024-02-18,Surabaya,SKU_HIJAB_INSTAN,Fashion,65000,0,123,0,123
2024-02-18,Surabaya,SKU_KOPI_GAYO,Food & Beverage,220000,0,59,0,59
2024-02-18,Surabaya,SKU_BATIK_TULIS,Fashion Premium,1200000,0,11,0,11
2024-02-18,Medan,SKU_HIJAB_INSTAN,Fashion,65000,0,76,0,76
2024-02-18,Medan,SKU_KOPI_GAYO,Food & Beverage,220000,0,40,0,40
2024-02-18,Medan,SKU_BATIK_TULIS,Fashion Premium,1200000,0,11,0,11
2024-02-18,Makassar,SKU_HIJAB_INSTAN,Fashion,65000,0,39,0,39
2024-02-18,Makassar,SKU_KOPI_GAYO,Food & Beverage,220000,0,10,0,10
2024-02-18,Makassar,SKU_BATIK_TULIS,Fashion Premium,1200000,0,2,0,2
2024-02-19,Jakarta,SKU_HIJAB_INSTAN,Fashion,65000,0,166,0,166
2024-02-19,Jakarta,SKU_KOPI_GAYO,Food & Beverage,220000,0,82,0,82
2024-02-19,Jakarta,SKU_BATIK_TULIS,Fashion Premium,1200000,0,16,0,16
2024-02-19,Surabaya,SKU_HIJAB_INSTAN,Fashion,65000,0,101,0,101
2024-02-19,Surabaya,SKU_KOPI_GAYO,Food & Beverage,220000,0,41,0,41
2024-02-19,Surabaya,SKU_BATIK_TULIS,Fashion Premium,1200000,0,9,0,9
2024-02-19,Medan,SKU_HIJAB_INSTAN,Fashion,65000,0,62,0,62
2024-02-19,Medan,SKU_KOPI_GAYO,Food & Beverage,220000,0,26,0,26
2024-02-19,Medan,SKU_BATIK_TULIS,Fashion Premium,1200000,0,5,0,5
2024-02-19,Makassar,SKU_HIJAB_INSTAN,Fashion,65000,0,33,0,33
2024-02-19,Makassar,SKU_KOPI_GAYO,Food & Beverage,220000,0,14,0,14
2024-02-19,Makassar,SKU_BATIK_TULIS,Fashion Premium,1200000,0,4,0,4
2024-02-20,Jakarta,SKU_HIJAB_INSTAN,Fashion,65000,0,143,1,0
2024-02-20,Jakarta,SKU_KOPI_GAYO,Food & Beverage,220000,0,78,0,78
2024-02-20,Jakarta,SKU_BATIK_TULIS,Fashion Premium,1200000,0,16,0,16
2024-02-20,Surabaya,SKU_HIJAB_INSTAN,Fashion,65000,0,95,0,95
2024-02-20,Surabaya,SKU_KOPI_GAYO,Food & Beverage,220000,0,52,0,52
2024-02-20,Surabaya,SKU_BATIK_TULIS,Fashion Premium,1200000,0,13,0,13
2024-02-20,Medan,SKU_HIJAB_INSTAN,Fashion,65000,0,74,0,74
2024-02-20,Medan,SKU_KOPI_GAYO,Food & Beverage,220000,0,29,0,29
2024-02-20,Medan,SKU_BATIK_TULIS,Fashion Premium,1200000,0,7,0,7
2024-02-20,Makassar,SKU_HIJAB_INSTAN,Fashion,65000,0,18,0,18
2024-02-20,Makassar,SKU_KOPI_GAYO,Food & Beverage,220000,0,18,0,18
2024-02-20,Makassar,SKU_BATIK_TULIS,Fashion Premium,1200000,0,3,0,3
2024-02-21,Jakarta,SKU_HIJAB_INSTAN,Fashion,65000,0,149,0,149
2024-02-21,Jakarta,SKU_KOPI_GAYO,Food & Beverage,220000,0,89,0,89
2024-02-21,Jakarta,SKU_BATIK_TULIS,Fashion Premium,1200000,0,14,0,14
2024-02-21,Surabaya,SKU_HIJAB_INSTAN,Fashion,65000,0,94,0,94
2024-02-21,Surabaya,SKU_KOPI_GAYO,Food & Beverage,220000,0,58,0,58
2024-02-21,Surabaya,SKU_BATIK_TULIS,Fashion Premium,1200000,0,10,0,10
2024-02-21,Medan,SKU_HIJAB_INSTAN,Fashion,65000,0,70,0,70
2024-02-21,Medan,SKU_KOPI_GAYO,Food & Beverage,220000,0,28,0,28
2024-02-21,Medan,SKU_BATIK_TULIS,Fashion Premium,1200000,0,6,0,6
2024-02-21,Makassar,SKU_HIJAB_INSTAN,Fashion,65000,0,39,0,39
2024-02-21,Makassar,SKU_KOPI_GAYO,Food & Beverage,220000,0,24,0,24
2024-02-21,Makassar,SKU_BATIK_TULIS,Fashion Premium,1200000,0,4,0,4
2024-02-22,Jakarta,SKU_HIJAB_INSTAN,Fashion,65000,0,153,0,153
2024-02-22,Jakarta,SKU_KOPI_GAYO,Food & Beverage,220000,0,93,0,93
2024-02-22,Jakarta,SKU_BATIK_TULIS,Fashion Premium,1200000,0,17,0,17
2024-02-22,Surabaya,SKU_HIJAB_INSTAN,Fashion,65000,0,97,0,97
2024-02-22,Surabaya,SKU_KOPI_GAYO,Food & Beverage,220000,0,59,0,59
2024-02-22,Surabaya,SKU_BATIK_TULIS,Fashion Premium,1200000,0,11,0,11
2024-02-22,Medan,SKU_HIJAB_INSTAN,Fashion,65000,0,70,0,70
2024-02-22,Medan,SKU_KOPI_GAYO,Food & Beverage,220000,0,34,0,34
2024-02-22,Medan,SKU_BATIK_TULIS,Fashion Premium,1200000,0,8,0,8
2024-02-22,Makassar,SKU_HIJAB_INSTAN,Fashion,65000,0,29,1,0
2024-02-22,Makassar,SKU_KOPI_GAYO,Food & Beverage,220000,0,13,0,13
2024-02-22,Makassar,SKU_BATIK_TULIS,Fashion Premium,1200000,0,5,0,5
2024-02-23,Jakarta,SKU_HIJAB_INSTAN,Fashion,65000,0,160,0,160
2024-02-23,Jakarta,SKU_KOPI_GAYO,Food & Beverage,220000,0,88,0,88
2024-02-23,Jakarta,SKU_BATIK_TULIS,Fashion Premium,1200000,0,20,0,20
2024-02-23,Surabaya,SKU_HIJAB_INSTAN,Fashion,65000,0,99,0,99
2024-02-23,Surabaya,SKU_KOPI_GAYO,Food & Beverage,220000,0,72,0,72
2024-02-23,Surabaya,SKU_BATIK_TULIS,Fashion Premium,1200000,0,15,0,15
2024-02-23,Medan,SKU_HIJAB_INSTAN,Fashion,65000,0,59,0,59
2024-02-23,Medan,SKU_KOPI_GAYO,Food & Beverage,220000,0,28,0,28
2024-02-23,Medan,SKU_BATIK_TULIS,Fashion Premium,1200000,0,7,0,7
2024-02-23,Makassar,SKU_HIJAB_INSTAN,Fashion,65000,0,18,0,18
2024-02-23,Makassar,SKU_KOPI_GAYO,Food & Beverage,220000,0,20,0,20
2024-02-23,Makassar,SKU_BATIK_TULIS,Fashion Premium,1200000,0,4,0,4
2024-02-24,Jakarta,SKU_HIJAB_INSTAN,Fashion,65000,0,197,0,197
2024-02-24,Jakarta,SKU_KOPI_GAYO,Food & Beverage,220000,0,86,0,86
2024-02-24,Jakarta,SKU_BATIK_TULIS,Fashion Premium,1200000,0,26,0,26
2024-02-24,Surabaya,SKU_HIJAB_INSTAN,Fashion,65000,0,132,0,132
2024-02-24,Surabaya,SKU_KOPI_GAYO,Food & Beverage,220000,0,69,0,69
2024-02-24,Surabaya,SKU_BATIK_TULIS,Fashion Premium,1200000,0,15,0,15
2024-02-24,Medan,SKU_HIJAB_INSTAN,Fashion,65000,0,62,0,62
2024-02-24,Medan,SKU_KOPI_GAYO,Food & Beverage,220000,0,50,0,50
2024-02-24,Medan,SKU_BATIK_TULIS,Fashion Premium,1200000,0,9,0,9
2024-02-24,Makassar,SKU_HIJAB_INSTAN,Fashion,65000,0,54,0,54
2024-02-24,Makassar,SKU_KOPI_GAYO,Food & Beverage,220000,0,30,0,30
2024-02-24,Makassar,SKU_BATIK_TULIS,Fashion Premium,1200000,0,5,0,5
2024-02-25,Jakarta,SKU_HIJAB_INSTAN,Fashion,65000,0,201,0,201
2024-02-25,Jakarta,SKU_KOPI_GAYO,Food & Beverage,220000,0,103,0,103
2024-02-25,Jakarta,SKU_BATIK_TULIS,Fashion Premium,960000,1,37,1,0
2024-02-25,Surabaya,SKU_HIJAB_INSTAN,Fashion,65000,0,127,0,127
2024-02-25,Surabaya,SKU_KOPI_GAYO,Food & Beverage,176000,1,83,0,83
2024-02-25,Surabaya,SKU_BATIK_TULIS,Fashion Premium,960000,1,23,0,23
2024-02-25,Medan,SKU_HIJAB_INSTAN,Fashion,65000,0,68,0,68
2024-02-25,Medan,SKU_KOPI_GAYO,Food & Beverage,176000,1,69,0,69
2024-02-25,Medan,SKU_BATIK_TULIS,Fashion Premium,1200000,0,8,0,8
2024-02-25,Makassar,SKU_HIJAB_INSTAN,Fashion,65000,0,28,0,28
2024-02-25,Makassar,SKU_KOPI_GAYO,Food & Beverage,220000,0,20,0,20
2024-02-25,Makassar,SKU_BATIK_TULIS,Fashion Premium,960000,1,11,0,11
2024-02-26,Jakarta,SKU_HIJAB_INSTAN,Fashion,65000,0,191,0,191
2024-02-26,Jakarta,SKU_KOPI_GAYO,Food & Beverage,220000,0,105,0,105
2024-02-26,Jakarta,SKU_BATIK_TULIS,Fashion Premium,960000,1,27,0,27
2024-02-26,Surabaya,SKU_HIJAB_INSTAN,Fashion,65000,0,109,0,109
2024-02-26,Surabaya,SKU_KOPI_GAYO,Food & Beverage,176000,1,70,0,70
2024-02-26,Surabaya,SKU_BATIK_TULIS,Fashion Premium,1200000,0,11,0,11
2024-02-26,Medan,SKU_HIJAB_INSTAN,Fashion,52000,1,67,0,67
2024-02-26,Medan,SKU_KOPI_GAYO,Food & Beverage,220000,0,45,0,45
2024-02-26,Medan,SKU_BATIK_TULIS,Fashion Premium,960000,1,11,0,11
2024-02-26,Makassar,SKU_HIJAB_INSTAN,Fashion,52000,1,62,0,62
2024-02-26,Makassar,SKU_KOPI_GAYO,Food & Beverage,220000,0,19,0,19
2024-02-26,Makassar,SKU_BATIK_TULIS,Fashion Premium,1200000,0,3,0,3
2024-02-27,Jakarta,SKU_HIJAB_INSTAN,Fashion,52000,1,299,0,299
2024-02-27,Jakarta,SKU_KOPI_GAYO,Food & Beverage,176000,1,115,0,115
2024-02-27,Jakarta,SKU_BATIK_TULIS,Fashion Premium,1200000,0,20,0,20
2024-02-27,Surabaya,SKU_HIJAB_INSTAN,Fashion,65000,0,102,0,102
2024-02-27,Surabaya,SKU_KOPI_GAYO,Food & Beverage,220000,0,54,0,54
2024-02-27,Surabaya,SKU_BATIK_TULIS,Fashion Premium,960000,1,17,0,17
2024-02-27,Medan,SKU_HIJAB_INSTAN,Fashion,65000,0,63,0,63
2024-02-27,Medan,SKU_KOPI_GAYO,Food & Beverage,176000,1,57,0,57
2024-02-27,Medan,SKU_BATIK_TULIS,Fashion Premium,1200000,0,6,0,6
2024-02-27,Makassar,SKU_HIJAB_INSTAN,Fashion,52000,1,31,0,31
2024-02-27,Makassar,SKU_KOPI_GAYO,Food & Beverage,220000,0,18,0,18
2024-02-27,Makassar,SKU_BATIK_TULIS,Fashion Premium,960000,1,9,0,9
2024-02-28,Jakarta,SKU_HIJAB_INSTAN,Fashion,52000,1,288,0,288
2024-02-28,Jakarta,SKU_KOPI_GAYO,Food & Beverage,220000,0,101,0,101
2024-02-28,Jakarta,SKU_BATIK_TULIS,Fashion Premium,1200000,0,18,0,18
2024-02-28,Surabaya,SKU_HIJAB_INSTAN,Fashion,52000,1,123,0,123
2024-02-28,Surabaya,SKU_KOPI_GAYO,Food & Beverage,220000,0,48,0,48
2024-02-28,Surabaya,SKU_BATIK_TULIS,Fashion Premium,1200000,0,11,0,11
2024-02-28,Medan,SKU_HIJAB_INSTAN,Fashion,52000,1,138,0,138
2024-02-28,Medan,SKU_KOPI_GAYO,Food & Beverage,220000,0,40,0,40
2024-02-28,Medan,SKU_BATIK_TULIS,Fashion Premium,1200000,0,4,0,4
2024-02-28,Makassar,SKU_HIJAB_INSTAN,Fashion,65000,0,26,0,26
2024-02-28,Makassar,SKU_KOPI_GAYO,Food & Beverage,176000,1,21,0,21
2024-02-28,Makassar,SKU_BATIK_TULIS,Fashion Premium,1200000,0,4,0,4
2024-02-29,Jakarta,SKU_HIJAB_INSTAN,Fashion,65000,0,164,0,164
2024-02-29,Jakarta,SKU_KOPI_GAYO,Food & Beverage,220000,0,96,0,96
2024-02-29,Jakarta,SKU_BATIK_TULIS,Fashion Premium,1200000,0,17,0,17
2024-02-29,Surabaya,SKU_HIJAB_INSTAN,Fashion,65000,0,99,0,99
2024-02-29,Surabaya,SKU_KOPI_GAYO,Food & Beverage,220000,0,46,0,46
2024-02-29,Surabaya,SKU_BATIK_TULIS,Fashion Premium,1200000,0,12,0,12
2024-02-29,Medan,SKU_HIJAB_INSTAN,Fashion,65000,0,92,0,92
2024-02-29,Medan,SKU_KOPI_GAYO,Food & Beverage,220000,0,40,0,40
2024-02-29,Medan,SKU_BATIK_TULIS,Fashion Premium,1200000,0,8,0,8
2024-02-29,Makassar,SKU_HIJAB_INSTAN,Fashion,65000,0,56,0,56
2024-02-29,Makassar,SKU_KOPI_GAYO,Food & Beverage,220000,0,5,0,5
2024-02-29,Makassar,SKU_BATIK_TULIS,Fashion Premium,1200000,0,3,0,3
2024-03-01,Jakarta,SKU_HIJAB_INSTAN,Fashion,65000,0,193,0,193
2024-03-01,Jakarta,SKU_KOPI_GAYO,Food & Beverage,220000,0,89,0,89
2024-03-01,Jakarta,SKU_BATIK_TULIS,Fashion Premium,1200000,0,21,0,21
2024-03-01,Surabaya,SKU_HIJAB_INSTAN,Fashion,65000,0,107,0,107
2024-03-01,Surabaya,SKU_KOPI_GAYO,Food & Beverage,220000,0,57,0,57
2024-03-01,Surabaya,SKU_BATIK_TULIS,Fashion Premium,1200000,0,12,0,12
2024-03-01,Medan,SKU_HIJAB_INSTAN,Fashion,65000,0,62,0,62
2024-03-01,Medan,SKU_KOPI_GAYO,Food & Beverage,220000,0,38,0,38
2024-03-01,Medan,SKU_BATIK_TULIS,Fashion Premium,1200000,0,9,0,9
2024-03-01,Makassar,SKU_HIJAB_INSTAN,Fashion,65000,0,40,0,40
2024-03-01,Makassar,SKU_KOPI_GAYO,Food & Beverage,220000,0,5,0,5
2024-03-01,Makassar,SKU_BATIK_TULIS,Fashion Premium,1200000,0,5,0,5
2024-03-02,Jakarta,SKU_HIJAB_INSTAN,Fashion,65000,0,188,0,188
2024-03-02,Jakarta,SKU_KOPI_GAYO,Food & Beverage,220000,0,99,0,99
2024-03-02,Jakarta,SKU_BATIK_TULIS,Fashion Premium,1200000,0,26,0,26
2024-03-02,Surabaya,SKU_HIJAB_INSTAN,Fashion,65000,0,100,0,100
2024-03-02,Surabaya,SKU_KOPI_GAYO,Food & Beverage,220000,0,64,0,64
2024-03-02,Surabaya,SKU_BATIK_TULIS,Fashion Premium,1200000,0,18,0,18
2024-03-02,Medan,SKU_HIJAB_INSTAN,Fashion,65000,0,77,0,77
2024-03-02,Medan,SKU_KOPI_GAYO,Food & Beverage,220000,0,41,0,41
2024-03-02,Medan,SKU_BATIK_TULIS,Fashion Premium,1200000,0,9,0,9
2024-03-02,Makassar,SKU_HIJAB_INSTAN,Fashion,65000,0,22,0,22
2024-03-02,Makassar,SKU_KOPI_GAYO,Food & Beverage,220000,0,26,0,26
2024-03-02,Makassar,SKU_BATIK_TULIS,Fashion Premium,1200000,0,5,0,5
2024-03-03,Jakarta,SKU_HIJAB_INSTAN,Fashion,65000,0,186,0,186
2024-03-03,Jakarta,SKU_KOPI_GAYO,Food & Beverage,220000,0,86,0,86
2024-03-03,Jakarta,SKU_BATIK_TULIS,Fashion Premium,1200000,0,26,0,26
2024-03-03,Surabaya,SKU_HIJAB_INSTAN,Fashion,65000,0,97,0,97
2024-03-03,Surabaya,SKU_KOPI_GAYO,Food & Beverage,220000,0,61,0,61
2024-03-03,Surabaya,SKU_BATIK_TULIS,Fashion Premium,1200000,0,14,0,14
2024-03-03,Medan,SKU_HIJAB_INSTAN,Fashion,65000,0,90,0,90
2024-03-03,Medan,SKU_KOPI_GAYO,Food & Beverage,220000,0,49,0,49
2024-03-03,Medan,SKU_BATIK_TULIS,Fashion Premium,1200000,0,4,0,4
2024-03-03,Makassar,SKU_HIJAB_INSTAN,Fashion,65000,0,23,0,23
2024-03-03,Makassar,SKU_KOPI_GAYO,Food & Beverage,220000,0,18,0,18
2024-03-03,Makassar,SKU_BATIK_TULIS,Fashion Premium,1200000,0,7,0,7
2024-03-04,Jakarta,SKU_HIJAB_INSTAN,Fashion,65000,0,156,0,156
2024-03-04,Jakarta,SKU_KOPI_GAYO,Food & Beverage,220000,0,82,0,82
2024-03-04,Jakarta,SKU_BATIK_TULIS,Fashion Premium,1200000,0,12,0,12
2024-03-04,Surabaya,SKU_HIJAB_INSTAN,Fashion,65000,0,88,0,88
2024-03-04,Surabaya,SKU_KOPI_GAYO,Food & Beverage,220000,0,55,0,55
2024-03-04,Surabaya,SKU_BATIK_TULIS,Fashion Premium,1200000,0,8,0,8
2024-03-04,Medan,SKU_HIJAB_INSTAN,Fashion,65000,0,55,0,55
2024-03-04,Medan,SKU_KOPI_GAYO,Food & Beverage,220000,0,47,0,47
2024-03-04,Medan,SKU_BATIK_TULIS,Fashion Premium,1200000,0,5,0,5
2024-03-04,Makassar,SKU_HIJAB_INSTAN,Fashion,65000,0,33,0,33
2024-03-04,Makassar,SKU_KOPI_GAYO,Food & Beverage,220000,0,12,0,12
2024-03-04,Makassar,SKU_BATIK_TULIS,Fashion Premium,1200000,0,2,0,2
2024-03-05,Jakarta,SKU_HIJAB_INSTAN,Fashion,65000,0,175,0,175
2024-03-05,Jakarta,SKU_KOPI_GAYO,Food & Beverage,220000,0,76,0,76
2024-03-05,Jakarta,SKU_BATIK_TULIS,Fashion Premium,1200000,0,16,0,16
2024-03-05,Surabaya,SKU_HIJAB_INSTAN,Fashion,65000,0,63,0,63
2024-03-05,Surabaya,SKU_KOPI_GAYO,Food & Beverage,220000,0,54,0,54
2024-03-05,Surabaya,SKU_BATIK_TULIS,Fashion Premium,1200000,0,8,0,8
2024-03-05,Medan,SKU_HIJAB_INSTAN,Fashion,65000,0,55,0,55
2024-03-05,Medan,SKU_KOPI_GAYO,Food & Beverage,220000,0,33,0,33
2024-03-05,Medan,SKU_BATIK_TULIS,Fashion Premium,1200000,0,4,0,4
2024-03-05,Makassar,SKU_HIJAB_INSTAN,Fashion,65000,0,8,0,8
2024-03-05,Makassar,SKU_KOPI_GAYO,Food & Beverage,220000,0,16,0,16
2024-03-05,Makassar,SKU_BATIK_TULIS,Fashion Premium,1200000,0,4,0,4
2024-03-06,Jakarta,SKU_HIJAB_INSTAN,Fashion,65000,0,174,0,174
2024-03-06,Jakarta,SKU_KOPI_GAYO,Food & Beverage,220000,0,96,0,96
2024-03-06,Jakarta,SKU_BATIK_TULIS,Fashion Premium,1200000,0,14,0,14
2024-03-06,Surabaya,SKU_HIJAB_INSTAN,Fashion,65000,0,97,0,97
2024-03-06,Surabaya,SKU_KOPI_GAYO,Food & Beverage,220000,0,53,0,53
2024-03-06,Surabaya,SKU_BATIK_TULIS,Fashion Premium,1200000,0,9,0,9
2024-03-06,Medan,SKU_HIJAB_INSTAN,Fashion,65000,0,69,0,69
2024-03-06,Medan,SKU_KOPI_GAYO,Food & Beverage,220000,0,42,0,42
2024-03-06,Medan,SKU_BATIK_TULIS,Fashion Premium,1200000,0,7,0,7
2024-03-06,Makassar,SKU_HIJAB_INSTAN,Fashion,65000,0,50,0,50
2024-03-06,Makassar,SKU_KOPI_GAYO,Food & Beverage,220000,0,19,0,19
2024-03-06,Makassar,SKU_BATIK_TULIS,Fashion Premium,1200000,0,3,0,3
2024-03-07,Jakarta,SKU_HIJAB_INSTAN,Fashion,65000,0,198,0,198
2024-03-07,Jakarta,SKU_KOPI_GAYO,Food & Beverage,220000,0,91,0,91
2024-03-07,Jakarta,SKU_BATIK_TULIS,Fashion Premium,1200000,0,21,0,21
2024-03-07,Surabaya,SKU_HIJAB_INSTAN,Fashion,65000,0,118,0,118
2024-03-07,Surabaya,SKU_KOPI_GAYO,Food & Beverage,220000,0,49,0,49
2024-03-07,Surabaya,SKU_BATIK_TULIS,Fashion Premium,1200000,0,11,0,11
2024-03-07,Medan,SKU_HIJAB_INSTAN,Fashion,65000,0,91,0,91
2024-03-07,Medan,SKU_KOPI_GAYO,Food & Beverage,220000,0,44,0,44
2024-03-07,Medan,SKU_BATIK_TULIS,Fashion Premium,1200000,0,8,0,8
2024-03-07,Makassar,SKU_HIJAB_INSTAN,Fashion,65000,0,44,0,44
2024-03-07,Makassar,SKU_KOPI_GAYO,Food & Beverage,220000,0,8,0,8
2024-03-07,Makassar,SKU_BATIK_TULIS,Fashion Premium,1200000,0,2,0,2
2024-03-08,Jakarta,SKU_HIJAB_INSTAN,Fashion,65000,0,190,0,190
2024-03-08,Jakarta,SKU_KOPI_GAYO,Food & Beverage,220000,0,109,0,109
2024-03-08,Jakarta,SKU_BATIK_TULIS,Fashion Premium,1200000,0,20,0,20
2024-03-08,Surabaya,SKU_HIJAB_INSTAN,Fashion,65000,0,107,0,107
2024-03-08,Surabaya,SKU_KOPI_GAYO,Food & Beverage,220000,0,53,0,53
2024-03-08,Surabaya,SKU_BATIK_TULIS,Fashion Premium,1200000,0,14,0,14
2024-03-08,Medan,SKU_HIJAB_INSTAN,Fashion,65000,0,78,0,78
2024-03-08,Medan,SKU_KOPI_GAYO,Food & Beverage,220000,0,45,0,45
2024-03-08,Medan,SKU_BATIK_TULIS,Fashion Premium,1200000,0,9,0,9
2024-03-08,Makassar,SKU_HIJAB_INSTAN,Fashion,65000,0,40,0,40
2024-03-08,Makassar,SKU_KOPI_GAYO,Food & Beverage,220000,0,18,0,18
2024-03-08,Makassar,SKU_BATIK_TULIS,Fashion Premium,1200000,0,6,0,6
2024-03-09,Jakarta,SKU_HIJAB_INSTAN,Fashion,65000,0,206,0,206
2024-03-09,Jakarta,SKU_KOPI_GAYO,Food & Beverage,220000,0,91,0,91
2024-03-09,Jakarta,SKU_BATIK_TULIS,Fashion Premium,1200000,0,26,0,26
2024-03-09,Surabaya,SKU_HIJAB_INSTAN,Fashion,65000,0,122,0,122
2024-03-09,Surabaya,SKU_KOPI_GAYO,Food & Beverage,220000,0,64,0,64
2024-03-09,Surabaya,SKU_BATIK_TULIS,Fashion Premium,1200000,0,9,0,9
2024-03-09,Medan,SKU_HIJAB_INSTAN,Fashion,65000,0,104,0,104
2024-03-09,Medan,SKU_KOPI_GAYO,Food & Beverage,220000,0,37,0,37
2024-03-09,Medan,SKU_BATIK_TULIS,Fashion Premium,1200000,0,12,0,12
2024-03-09,Makassar,SKU_HIJAB_INSTAN,Fashion,65000,0,56,0,56
2024-03-09,Makassar,SKU_KOPI_GAYO,Food & Beverage,220000,0,15,0,15
2024-03-09,Makassar,SKU_BATIK_TULIS,Fashion Premium,1200000,0,3,0,3
2024-03-10,Jakarta,SKU_HIJAB_INSTAN,Fashion,65000,0,182,0,182
2024-03-10,Jakarta,SKU_KOPI_GAYO,Food & Beverage,220000,0,86,0,86
2024-03-10,Jakarta,SKU_BATIK_TULIS,Fashion Premium,1200000,0,25,0,25
2024-03-10,Surabaya,SKU_HIJAB_INSTAN,Fashion,65000,0,115,0,115
2024-03-10,Surabaya,SKU_KOPI_GAYO,Food & Beverage,220000,0,69,0,69
2024-03-10,Surabaya,SKU_BATIK_TULIS,Fashion Premium,1200000,0,12,0,12
2024-03-10,Medan,SKU_HIJAB_INSTAN,Fashion,65000,0,71,0,71
2024-03-10,Medan,SKU_KOPI_GAYO,Food & Beverage,220000,0,41,0,41
2024-03-10,Medan,SKU_BATIK_TULIS,Fashion Premium,1200000,0,12,0,12
2024-03-10,Makassar,SKU_HIJAB_INSTAN,Fashion,65000,0,31,0,31
2024-03-10,Makassar,SKU_KOPI_GAYO,Food & Beverage,220000,0,24,0,24
2024-03-10,Makassar,SKU_BATIK_TULIS,Fashion Premium,1200000,0,4,0,4
2024-03-11,Jakarta,SKU_HIJAB_INSTAN,Fashion,65000,0,168,0,168
2024-03-11,Jakarta,SKU_KOPI_GAYO,Food & Beverage,220000,0,81,0,81
2024-03-11,Jakarta,SKU_BATIK_TULIS,Fashion Premium,1200000,0,16,0,16
2024-03-11,Surabaya,SKU_HIJAB_INSTAN,Fashion,65000,0,93,1,0
2024-03-11,Surabaya,SKU_KOPI_GAYO,Food & Beverage,220000,0,48,0,48
2024-03-11,Surabaya,SKU_BATIK_TULIS,Fashion Premium,1200000,0,9,0,9
2024-03-11,Medan,SKU_HIJAB_INSTAN,Fashion,65000,0,72,0,72
2024-03-11,Medan,SKU_KOPI_GAYO,Food & Beverage,220000,0,33,0,33
2024-03-11,Medan,SKU_BATIK_TULIS,Fashion Premium,1200000,0,5,0,5
2024-03-11,Makassar,SKU_HIJAB_INSTAN,Fashion,65000,0,30,1,0
2024-03-11,Makassar,SKU_KOPI_GAYO,Food & Beverage,220000,0,16,1,0
2024-03-11,Makassar,SKU_BATIK_TULIS,Fashion Premium,1200000,0,3,0,3
2024-03-12,Jakarta,SKU_HIJAB_INSTAN,Fashion,65000,0,161,0,161
2024-03-12,Jakarta,SKU_KOPI_GAYO,Food & Beverage,220000,0,84,0,84
2024-03-12,Jakarta,SKU_BATIK_TULIS,Fashion Premium,1200000,0,15,0,15
2024-03-12,Surabaya,SKU_HIJAB_INSTAN,Fashion,65000,0,107,0,107
2024-03-12,Surabaya,SKU_KOPI_GAYO,Food & Beverage,220000,0,53,0,53
2024-03-12,Surabaya,SKU_BATIK_TULIS,Fashion Premium,1200000,0,11,0,11
2024-03-12,Medan,SKU_HIJAB_INSTAN,Fashion,65000,0,80,0,80
2024-03-12,Medan,SKU_KOPI_GAYO,Food & Beverage,220000,0,36,0,36
2024-03-12,Medan,SKU_BATIK_TULIS,Fashion Premium,1200000,0,6,0,6
2024-03-12,Makassar,SKU_HIJAB_INSTAN,Fashion,65000,0,33,0,33
2024-03-12,Makassar,SKU_KOPI_GAYO,Food & Beverage,220000,0,13,0,13
2024-03-12,Makassar,SKU_BATIK_TULIS,Fashion Premium,1200000,0,2,0,2
2024-03-13,Jakarta,SKU_HIJAB_INSTAN,Fashion,65000,0,159,0,159
2024-03-13,Jakarta,SKU_KOPI_GAYO,Food & Beverage,220000,0,87,0,87
2024-03-13,Jakarta,SKU_BATIK_TULIS,Fashion Premium,1200000,0,13,0,13
2024-03-13,Surabaya,SKU_HIJAB_INSTAN,Fashion,65000,0,124,0,124
2024-03-13,Surabaya,SKU_KOPI_GAYO,Food & Beverage,220000,0,66,0,66
2024-03-13,Surabaya,SKU_BATIK_TULIS,Fashion Premium,1200000,0,8,0,8
2024-03-13,Medan,SKU_HIJAB_INSTAN,Fashion,65000,0,94,0,94
2024-03-13,Medan,SKU_KOPI_GAYO,Food & Beverage,220000,0,28,0,28
2024-03-13,Medan,SKU_BATIK_TULIS,Fashion Premium,1200000,0,6,0,6
2024-03-13,Makassar,SKU_HIJAB_INSTAN,Fashion,65000,0,39,0,39
2024-03-13,Makassar,SKU_KOPI_GAYO,Food & Beverage,220000,0,18,0,18
2024-03-13,Makassar,SKU_BATIK_TULIS,Fashion Premium,1200000,0,2,0,2
2024-03-14,Jakarta,SKU_HIJAB_INSTAN,Fashion,65000,0,168,0,168
2024-03-14,Jakarta,SKU_KOPI_GAYO,Food & Beverage,220000,0,96,0,96
2024-03-14,Jakarta,SKU_BATIK_TULIS,Fashion Premium,1200000,0,21,0,21
2024-03-14,Surabaya,SKU_HIJAB_INSTAN,Fashion,65000,0,82,0,82
2024-03-14,Surabaya,SKU_KOPI_GAYO,Food & Beverage,220000,0,56,0,56
2024-03-14,Surabaya,SKU_BATIK_TULIS,Fashion Premium,1200000,0,12,0,12
2024-03-14,Medan,SKU_HIJAB_INSTAN,Fashion,65000,0,73,0,73
2024-03-14,Medan,SKU_KOPI_GAYO,Food & Beverage,220000,0,26,0,26
2024-03-14,Medan,SKU_BATIK_TULIS,Fashion Premium,1200000,0,8,0,8
2024-03-14,Makassar,SKU_HIJAB_INSTAN,Fashion,65000,0,50,0,50
2024-03-14,Makassar,SKU_KOPI_GAYO,Food & Beverage,220000,0,12,0,12
2024-03-14,Makassar,SKU_BATIK_TULIS,Fashion Premium,1200000,0,3,0,3
2024-03-15,Jakarta,SKU_HIJAB_INSTAN,Fashion,65000,0,189,0,189
2024-03-15,Jakarta,SKU_KOPI_GAYO,Food & Beverage,220000,0,93,0,93
2024-03-15,Jakarta,SKU_BATIK_TULIS,Fashion Premium,1200000,0,21,0,21
2024-03-15,Surabaya,SKU_HIJAB_INSTAN,Fashion,65000,0,95,0,95
2024-03-15,Surabaya,SKU_KOPI_GAYO,Food & Beverage,220000,0,52,0,52
2024-03-15,Surabaya,SKU_BATIK_TULIS,Fashion Premium,1200000,0,9,0,9
2024-03-15,Medan,SKU_HIJAB_INSTAN,Fashion,65000,0,84,0,84
2024-03-15,Medan,SKU_KOPI_GAYO,Food & Beverage,220000,0,32,0,32
2024-03-15,Medan,SKU_BATIK_TULIS,Fashion Premium,1200000,0,10,0,10
2024-03-15,Makassar,SKU_HIJAB_INSTAN,Fashion,65000,0,34,0,34
2024-03-15,Makassar,SKU_KOPI_GAYO,Food & Beverage,220000,0,19,0,19
2024-03-15,Makassar,SKU_BATIK_TULIS,Fashion Premium,1200000,0,2,0,2
2024-03-16,Jakarta,SKU_HIJAB_INSTAN,Fashion,65000,0,380,0,380
2024-03-16,Jakarta,SKU_KOPI_GAYO,Food & Beverage,220000,0,113,0,113
2024-03-16,Jakarta,SKU_BATIK_TULIS,Fashion Premium,1200000,0,41,0,41
2024-03-16,Surabaya,SKU_HIJAB_INSTAN,Fashion,52000,1,402,0,402
2024-03-16,Surabaya,SKU_KOPI_GAYO,Food & Beverage,220000,0,72,0,72
2024-03-16,Surabaya,SKU_BATIK_TULIS,Fashion Premium,1200000,0,23,0,23
2024-03-16,Medan,SKU_HIJAB_INSTAN,Fashion,65000,0,153,0,153
2024-03-16,Medan,SKU_KOPI_GAYO,Food & Beverage,176000,1,45,0,45
2024-03-16,Medan,SKU_BATIK_TULIS,Fashion Premium,1200000,0,23,0,23
2024-03-16,Makassar,SKU_HIJAB_INSTAN,Fashion,52000,1,173,0,173
2024-03-16,Makassar,SKU_KOPI_GAYO,Food & Beverage,176000,1,16,0,16
2024-03-16,Makassar,SKU_BATIK_TULIS,Fashion Premium,960000,1,9,0,9
2024-03-17,Jakarta,SKU_HIJAB_INSTAN,Fashion,65000,0,437,0,437
2024-03-17,Jakarta,SKU_KOPI_GAYO,Food & Beverage,220000,0,99,0,99
2024-03-17,Jakarta,SKU_BATIK_TULIS,Fashion Premium,1200000,0,41,0,41
2024-03-17,Surabaya,SKU_HIJAB_INSTAN,Fashion,65000,0,240,0,240
2024-03-17,Surabaya,SKU_KOPI_GAYO,Food & Beverage,220000,0,47,0,47
2024-03-17,Surabaya,SKU_BATIK_TULIS,Fashion Premium,960000,1,30,0,30
2024-03-17,Medan,SKU_HIJAB_INSTAN,Fashion,65000,0,114,0,114
2024-03-17,Medan,SKU_KOPI_GAYO,Food & Beverage,176000,1,54,0,54
2024-03-17,Medan,SKU_BATIK_TULIS,Fashion Premium,960000,1,24,0,24
2024-03-17,Makassar,SKU_HIJAB_INSTAN,Fashion,52000,1,56,0,56
2024-03-17,Makassar,SKU_KOPI_GAYO,Food & Beverage,220000,0,16,0,16
2024-03-17,Makassar,SKU_BATIK_TULIS,Fashion Premium,1200000,0,7,0,7
2024-03-18,Jakarta,SKU_HIJAB_INSTAN,Fashion,65000,0,294,0,294
2024-03-18,Jakarta,SKU_KOPI_GAYO,Food & Beverage,176000,1,146,0,146
2024-03-18,Jakarta,SKU_BATIK_TULIS,Fashion Premium,1200000,0,27,0,27
2024-03-18,Surabaya,SKU_HIJAB_INSTAN,Fashion,65000,0,251,0,251
2024-03-18,Surabaya,SKU_KOPI_GAYO,Food & Beverage,176000,1,91,0,91
2024-03-18,Surabaya,SKU_BATIK_TULIS,Fashion Premium,960000,1,26,0,26
2024-03-18,Medan,SKU_HIJAB_INSTAN,Fashion,52000,1,127,0,127
2024-03-18,Medan,SKU_KOPI_GAYO,Food & Beverage,220000,0,36,0,36
2024-03-18,Medan,SKU_BATIK_TULIS,Fashion Premium,1200000,0,10,0,10
2024-03-18,Makassar,SKU_HIJAB_INSTAN,Fashion,65000,0,97,0,97
2024-03-18,Makassar,SKU_KOPI_GAYO,Food & Beverage,176000,1,43,0,43
2024-03-18,Makassar,SKU_BATIK_TULIS,Fashion Premium,1200000,0,4,0,4
2024-03-19,Jakarta,SKU_HIJAB_INSTAN,Fashion,52000,1,578,0,578
2024-03-19,Jakarta,SKU_KOPI_GAYO,Food & Beverage,220000,0,108,0,108
2024-03-19,Jakarta,SKU_BATIK_TULIS,Fashion Premium,1200000,0,33,0,33
2024-03-19,Surabaya,SKU_HIJAB_INSTAN,Fashion,65000,0,216,0,216
2024-03-19,Surabaya,SKU_KOPI_GAYO,Food & Beverage,176000,1,82,0,82
2024-03-19,Surabaya,SKU_BATIK_TULIS,Fashion Premium,960000,1,24,0,24
2024-03-19,Medan,SKU_HIJAB_INSTAN,Fashion,65000,0,181,0,181
2024-03-19,Medan,SKU_KOPI_GAYO,Food & Beverage,220000,0,30,0,30
2024-03-19,Medan,SKU_BATIK_TULIS,Fashion Premium,960000,1,16,0,16
2024-03-19,Makassar,SKU_HIJAB_INSTAN,Fashion,52000,1,114,0,114
2024-03-19,Makassar,SKU_KOPI_GAYO,Food & Beverage,220000,0,23,0,23
2024-03-19,Makassar,SKU_BATIK_TULIS,Fashion Premium,1200000,0,2,0,2
2024-03-20,Jakarta,SKU_HIJAB_INSTAN,Fashion,65000,0,384,0,384
2024-03-20,Jakarta,SKU_KOPI_GAYO,Food & Beverage,220000,0,97,0,97
2024-03-20,Jakarta,SKU_BATIK_TULIS,Fashion Premium,1200000,0,27,0,27
2024-03-20,Surabaya,SKU_HIJAB_INSTAN,Fashion,65000,0,205,0,205
2024-03-20,Surabaya,SKU_KOPI_GAYO,Food & Beverage,220000,0,54,0,54
2024-03-20,Surabaya,SKU_BATIK_TULIS,Fashion Premium,1200000,0,21,0,21
2024-03-20,Medan,SKU_HIJAB_INSTAN,Fashion,65000,0,163,0,163
2024-03-20,Medan,SKU_KOPI_GAYO,Food & Beverage,220000,0,49,0,49
2024-03-20,Medan,SKU_BATIK_TULIS,Fashion Premium,1200000,0,7,0,7
2024-03-20,Makassar,SKU_HIJAB_INSTAN,Fashion,52000,1,115,0,115
2024-03-20,Makassar,SKU_KOPI_GAYO,Food & Beverage,220000,0,19,0,19
2024-03-20,Makassar,SKU_BATIK_TULIS,Fashion Premium,1200000,0,6,0,6
2024-03-21,Jakarta,SKU_HIJAB_INSTAN,Fashion,65000,0,415,0,415
2024-03-21,Jakarta,SKU_KOPI_GAYO,Food & Beverage,220000,0,88,0,88
2024-03-21,Jakarta,SKU_BATIK_TULIS,Fashion Premium,1200000,0,31,0,31
2024-03-21,Surabaya,SKU_HIJAB_INSTAN,Fashion,52000,1,284,0,284
2024-03-21,Surabaya,SKU_KOPI_GAYO,Food & Beverage,220000,0,60,0,60
2024-03-21,Surabaya,SKU_BATIK_TULIS,Fashion Premium,1200000,0,23,0,23
2024-03-21,Medan,SKU_HIJAB_INSTAN,Fashion,65000,0,188,0,188
2024-03-21,Medan,SKU_KOPI_GAYO,Food & Beverage,220000,0,38,0,38
2024-03-21,Medan,SKU_BATIK_TULIS,Fashion Premium,1200000,0,17,0,17
2024-03-21,Makassar,SKU_HIJAB_INSTAN,Fashion,65000,0,5,0,5
2024-03-21,Makassar,SKU_KOPI_GAYO,Food & Beverage,220000,0,25,0,25
2024-03-21,Makassar,SKU_BATIK_TULIS,Fashion Premium,960000,1,8,0,8
2024-03-22,Jakarta,SKU_HIJAB_INSTAN,Fashion,52000,1,547,0,547
2024-03-22,Jakarta,SKU_KOPI_GAYO,Food & Beverage,220000,0,100,0,100
2024-03-22,Jakarta,SKU_BATIK_TULIS,Fashion Premium,1200000,0,36,0,36
2024-03-22,Surabaya,SKU_HIJAB_INSTAN,Fashion,65000,0,260,0,260
2024-03-22,Surabaya,SKU_KOPI_GAYO,Food & Beverage,220000,0,58,0,58
2024-03-22,Surabaya,SKU_BATIK_TULIS,Fashion Premium,1200000,0,31,0,31
2024-03-22,Medan,SKU_HIJAB_INSTAN,Fashion,65000,0,158,0,158
2024-03-22,Medan,SKU_KOPI_GAYO,Food & Beverage,220000,0,44,0,44
2024-03-22,Medan,SKU_BATIK_TULIS,Fashion Premium,1200000,0,18,0,18
2024-03-22,Makassar,SKU_HIJAB_INSTAN,Fashion,65000,0,30,0,30
2024-03-22,Makassar,SKU_KOPI_GAYO,Food & Beverage,176000,1,17,0,17
2024-03-22,Makassar,SKU_BATIK_TULIS,Fashion Premium,960000,1,8,0,8
2024-03-23,Jakarta,SKU_HIJAB_INSTAN,Fashion,65000,0,433,1,0
2024-03-23,Jakarta,SKU_KOPI_GAYO,Food & Beverage,220000,0,111,0,111
2024-03-23,Jakarta,SKU_BATIK_TULIS,Fashion Premium,1200000,0,39,0,39
2024-03-23,Surabaya,SKU_HIJAB_INSTAN,Fashion,65000,0,265,0,265
2024-03-23,Surabaya,SKU_KOPI_GAYO,Food & Beverage,176000,1,86,0,86
2024-03-23,Surabaya,SKU_BATIK_TULIS,Fashion Premium,1200000,0,26,0,26
2024-03-23,Medan,SKU_HIJAB_INSTAN,Fashion,65000,0,202,0,202
2024-03-23,Medan,SKU_KOPI_GAYO,Food & Beverage,220000,0,40,0,40
2024-03-23,Medan,SKU_BATIK_TULIS,Fashion Premium,1200000,0,15,0,15
2024-03-23,Makassar,SKU_HIJAB_INSTAN,Fashion,52000,1,177,0,177
2024-03-23,Makassar,SKU_KOPI_GAYO,Food & Beverage,176000,1,2,0,2
2024-03-23,Makassar,SKU_BATIK_TULIS,Fashion Premium,1200000,0,10,0,10
2024-03-24,Jakarta,SKU_HIJAB_INSTAN,Fashion,65000,0,364,0,364
2024-03-24,Jakarta,SKU_KOPI_GAYO,Food & Beverage,220000,0,99,0,99
2024-03-24,Jakarta,SKU_BATIK_TULIS,Fashion Premium,960000,1,59,0,59
2024-03-24,Surabaya,SKU_HIJAB_INSTAN,Fashion,65000,0,291,0,291
2024-03-24,Surabaya,SKU_KOPI_GAYO,Food & Beverage,220000,0,73,0,73
2024-03-24,Surabaya,SKU_BATIK_TULIS,Fashion Premium,1200000,0,25,0,25
2024-03-24,Medan,SKU_HIJAB_INSTAN,Fashion,52000,1,227,0,227
2024-03-24,Medan,SKU_KOPI_GAYO,Food & Beverage,220000,0,33,0,33
2024-03-24,Medan,SKU_BATIK_TULIS,Fashion Premium,1200000,0,15,0,15
2024-03-24,Makassar,SKU_HIJAB_INSTAN,Fashion,52000,1,155,0,155
2024-03-24,Makassar,SKU_KOPI_GAYO,Food & Beverage,176000,1,27,0,27
2024-03-24,Makassar,SKU_BATIK_TULIS,Fashion Premium,960000,1,2,0,2
2024-03-25,Jakarta,SKU_HIJAB_INSTAN,Fashion,65000,0,348,0,348
2024-03-25,Jakarta,SKU_KOPI_GAYO,Food & Beverage,220000,0,109,0,109
2024-03-25,Jakarta,SKU_BATIK_TULIS,Fashion Premium,960000,1,48,0,48
2024-03-25,Surabaya,SKU_HIJAB_INSTAN,Fashion,52000,1,315,0,315
2024-03-25,Surabaya,SKU_KOPI_GAYO,Food & Beverage,220000,0,77,0,77
2024-03-25,Surabaya,SKU_BATIK_TULIS,Fashion Premium,960000,1,23,0,23
2024-03-25,Medan,SKU_HIJAB_INSTAN,Fashion,52000,1,219,0,219
2024-03-25,Medan,SKU_KOPI_GAYO,Food & Beverage,176000,1,72,0,72
2024-03-25,Medan,SKU_BATIK_TULIS,Fashion Premium,1200000,0,14,0,14
2024-03-25,Makassar,SKU_HIJAB_INSTAN,Fashion,65000,0,101,0,101
2024-03-25,Makassar,SKU_KOPI_GAYO,Food & Beverage,176000,1,23,0,23
2024-03-25,Makassar,SKU_BATIK_TULIS,Fashion Premium,960000,1,3,0,3
2024-03-26,Jakarta,SKU_HIJAB_INSTAN,Fashion,65000,0,367,0,367
2024-03-26,Jakarta,SKU_KOPI_GAYO,Food & Beverage,176000,1,168,0,168
2024-03-26,Jakarta,SKU_BATIK_TULIS,Fashion Premium,1200000,0,31,0,31
2024-03-26,Surabaya,SKU_HIJAB_INSTAN,Fashion,52000,1,250,0,250
2024-03-26,Surabaya,SKU_KOPI_GAYO,Food & Beverage,220000,0,74,0,74
2024-03-26,Surabaya,SKU_BATIK_TULIS,Fashion Premium,960000,1,27,0,27
2024-03-26,Medan,SKU_HIJAB_INSTAN,Fashion,65000,0,169,0,169
2024-03-26,Medan,SKU_KOPI_GAYO,Food & Beverage,176000,1,36,0,36
2024-03-26,Medan,SKU_BATIK_TULIS,Fashion Premium,960000,1,20,0,20
2024-03-26,Makassar,SKU_HIJAB_INSTAN,Fashion,52000,1,79,0,79
2024-03-26,Makassar,SKU_KOPI_GAYO,Food & Beverage,220000,0,9,0,9
2024-03-26,Makassar,SKU_BATIK_TULIS,Fashion Premium,1200000,0,2,0,2
2024-03-27,Jakarta,SKU_HIJAB_INSTAN,Fashion,52000,1,687,0,687
2024-03-27,Jakarta,SKU_KOPI_GAYO,Food & Beverage,176000,1,182,0,182
2024-03-27,Jakarta,SKU_BATIK_TULIS,Fashion Premium,1200000,0,35,0,35
2024-03-27,Surabaya,SKU_HIJAB_INSTAN,Fashion,52000,1,310,0,310
2024-03-27,Surabaya,SKU_KOPI_GAYO,Food & Beverage,176000,1,90,0,90
2024-03-27,Surabaya,SKU_BATIK_TULIS,Fashion Premium,1200000,0,16,0,16
2024-03-27,Medan,SKU_HIJAB_INSTAN,Fashion,52000,1,205,0,205
2024-03-27,Medan,SKU_KOPI_GAYO,Food & Beverage,176000,1,57,0,57
2024-03-27,Medan,SKU_BATIK_TULIS,Fashion Premium,960000,1,15,0,15
2024-03-27,Makassar,SKU_HIJAB_INSTAN,Fashion,65000,0,101,0,101
2024-03-27,Makassar,SKU_KOPI_GAYO,Food & Beverage,176000,1,53,0,53
2024-03-27,Makassar,SKU_BATIK_TULIS,Fashion Premium,960000,1,9,0,9
2024-03-28,Jakarta,SKU_HIJAB_INSTAN,Fashion,52000,1,603,0,603
2024-03-28,Jakarta,SKU_KOPI_GAYO,Food & Beverage,220000,0,122,0,122
2024-03-28,Jakarta,SKU_BATIK_TULIS,Fashion Premium,1200000,0,37,0,37
2024-03-28,Surabaya,SKU_HIJAB_INSTAN,Fashion,65000,0,239,0,239
2024-03-28,Surabaya,SKU_KOPI_GAYO,Food & Beverage,220000,0,81,0,81
2024-03-28,Surabaya,SKU_BATIK_TULIS,Fashion Premium,1200000,0,25,0,25
2024-03-28,Medan,SKU_HIJAB_INSTAN,Fashion,65000,0,190,0,190
2024-03-28,Medan,SKU_KOPI_GAYO,Food & Beverage,220000,0,57,0,57
2024-03-28,Medan,SKU_BATIK_TULIS,Fashion Premium,960000,1,30,0,30
2024-03-28,Makassar,SKU_HIJAB_INSTAN,Fashion,52000,1,181,0,181
2024-03-28,Makassar,SKU_KOPI_GAYO,Food & Beverage,176000,1,40,0,40
2024-03-28,Makassar,SKU_BATIK_TULIS,Fashion Premium,1200000,0,3,0,3
2024-03-29,Jakarta,SKU_HIJAB_INSTAN,Fashion,52000,1,586,0,586
2024-03-29,Jakarta,SKU_KOPI_GAYO,Food & Beverage,220000,0,103,0,103
2024-03-29,Jakarta,SKU_BATIK_TULIS,Fashion Premium,1200000,0,33,0,33
2024-03-29,Surabaya,SKU_HIJAB_INSTAN,Fashion,65000,0,231,0,231
2024-03-29,Surabaya,SKU_KOPI_GAYO,Food & Beverage,220000,0,59,0,59
2024-03-29,Surabaya,SKU_BATIK_TULIS,Fashion Premium,1200000,0,25,0,25
2024-03-29,Medan,SKU_HIJAB_INSTAN,Fashion,65000,0,146,0,146
2024-03-29,Medan,SKU_KOPI_GAYO,Food & Beverage,176000,1,62,0,62
2024-03-29,Medan,SKU_BATIK_TULIS,Fashion Premium,960000,1,22,0,22
2024-03-29,Makassar,SKU_HIJAB_INSTAN,Fashion,52000,1,130,0,130
2024-03-29,Makassar,SKU_KOPI_GAYO,Food & Beverage,220000,0,21,0,21
2024-03-29,Makassar,SKU_BATIK_TULIS,Fashion Premium,960000,1,19,0,19
2024-03-30,Jakarta,SKU_HIJAB_INSTAN,Fashion,52000,1,603,0,603
2024-03-30,Jakarta,SKU_KOPI_GAYO,Food & Beverage,176000,1,158,0,158
2024-03-30,Jakarta,SKU_BATIK_TULIS,Fashion Premium,960000,1,73,0,73
2024-03-30,Surabaya,SKU_HIJAB_INSTAN,Fashion,52000,1,412,0,412
2024-03-30,Surabaya,SKU_KOPI_GAYO,Food & Beverage,220000,0,60,0,60
2024-03-30,Surabaya,SKU_BATIK_TULIS,Fashion Premium,1200000,0,24,0,24
2024-03-30,Medan,SKU_HIJAB_INSTAN,Fashion,65000,0,162,0,162
2024-03-30,Medan,SKU_KOPI_GAYO,Food & Beverage,220000,0,39,0,39
2024-03-30,Medan,SKU_BATIK_TULIS,Fashion Premium,1200000,0,15,0,15
2024-03-30,Makassar,SKU_HIJAB_INSTAN,Fashion,65000,0,113,0,113
2024-03-30,Makassar,SKU_KOPI_GAYO,Food & Beverage,220000,0,18,0,18
2024-03-30,Makassar,SKU_BATIK_TULIS,Fashion Premium,1200000,0,8,0,8
2024-03-31,Jakarta,SKU_HIJAB_INSTAN,Fashion,65000,0,404,0,404
2024-03-31,Jakarta,SKU_KOPI_GAYO,Food & Beverage,176000,1,167,0,167
2024-03-31,Jakarta,SKU_BATIK_TULIS,Fashion Premium,960000,1,62,0,62
2024-03-31,Surabaya,SKU_HIJAB_INSTAN,Fashion,65000,0,215,0,215
2024-03-31,Surabaya,SKU_KOPI_GAYO,Food & Beverage,220000,0,65,0,65
2024-03-31,Surabaya,SKU_BATIK_TULIS,Fashion Premium,1200000,0,24,0,24
2024-03-31,Medan,SKU_HIJAB_INSTAN,Fashion,65000,0,180,0,180
2024-03-31,Medan,SKU_KOPI_GAYO,Food & Beverage,176000,1,53,0,53
2024-03-31,Medan,SKU_BATIK_TULIS,Fashion Premium,1200000,0,19,0,19
2024-03-31,Makassar,SKU_HIJAB_INSTAN,Fashion,65000,0,108,0,108
2024-03-31,Makassar,SKU_KOPI_GAYO,Food & Beverage,220000,0,27,0,27
2024-03-31,Makassar,SKU_BATIK_TULIS,Fashion Premium,960000,1,16,0,16
2024-04-01,Jakarta,SKU_HIJAB_INSTAN,Fashion,52000,1,483,0,483
2024-04-01,Jakarta,SKU_KOPI_GAYO,Food & Beverage,176000,1,136,0,136
2024-04-01,Jakarta,SKU_BATIK_TULIS,Fashion Premium,1200000,0,25,0,25
2024-04-01,Surabaya,SKU_HIJAB_INSTAN,Fashion,65000,0,190,0,190
2024-04-01,Surabaya,SKU_KOPI_GAYO,Food & Beverage,220000,0,60,0,60
2024-04-01,Surabaya,SKU_BATIK_TULIS,Fashion Premium,1200000,0,17,0,17
2024-04-01,Medan,SKU_HIJAB_INSTAN,Fashion,52000,1,206,0,206
2024-04-01,Medan,SKU_KOPI_GAYO,Food & Beverage,176000,1,64,0,64
2024-04-01,Medan,SKU_BATIK_TULIS,Fashion Premium,960000,1,13,0,13
2024-04-01,Makassar,SKU_HIJAB_INSTAN,Fashion,52000,1,88,0,88
2024-04-01,Makassar,SKU_KOPI_GAYO,Food & Beverage,176000,1,11,0,11
2024-04-01,Makassar,SKU_BATIK_TULIS,Fashion Premium,1200000,0,6,0,6
2024-04-02,Jakarta,SKU_HIJAB_INSTAN,Fashion,52000,1,512,0,512
2024-04-02,Jakarta,SKU_KOPI_GAYO,Food & Beverage,220000,0,95,0,95
2024-04-02,Jakarta,SKU_BATIK_TULIS,Fashion Premium,960000,1,39,0,39
2024-04-02,Surabaya,SKU_HIJAB_INSTAN,Fashion,65000,0,221,0,221
2024-04-02,Surabaya,SKU_KOPI_GAYO,Food & Beverage,176000,1,107,0,107
2024-04-02,Surabaya,SKU_BATIK_TULIS,Fashion Premium,1200000,0,14,0,14
2024-04-02,Medan,SKU_HIJAB_INSTAN,Fashion,65000,0,148,0,148
2024-04-02,Medan,SKU_KOPI_GAYO,Food & Beverage,176000,1,46,0,46
2024-04-02,Medan,SKU_BATIK_TULIS,Fashion Premium,960000,1,15,0,15
2024-04-02,Makassar,SKU_HIJAB_INSTAN,Fashion,52000,1,186,0,186
2024-04-02,Makassar,SKU_KOPI_GAYO,Food & Beverage,220000,0,25,0,25
2024-04-02,Makassar,SKU_BATIK_TULIS,Fashion Premium,1200000,0,4,0,4
2024-04-03,Jakarta,SKU_HIJAB_INSTAN,Fashion,65000,0,346,0,346
2024-04-03,Jakarta,SKU_KOPI_GAYO,Food & Beverage,220000,0,93,0,93
2024-04-03,Jakarta,SKU_BATIK_TULIS,Fashion Premium,1200000,0,29,0,29
2024-04-03,Surabaya,SKU_HIJAB_INSTAN,Fashion,65000,0,252,0,252
2024-04-03,Surabaya,SKU_KOPI_GAYO,Food & Beverage,220000,0,68,0,68
2024-04-03,Surabaya,SKU_BATIK_TULIS,Fashion Premium,960000,1,28,0,28
2024-04-03,Medan,SKU_HIJAB_INSTAN,Fashion,65000,0,162,0,162
2024-04-03,Medan,SKU_KOPI_GAYO,Food & Beverage,220000,0,42,1,0
2024-04-03,Medan,SKU_BATIK_TULIS,Fashion Premium,960000,1,18,1,0
2024-04-03,Makassar,SKU_HIJAB_INSTAN,Fashion,52000,1,136,0,136
2024-04-03,Makassar,SKU_KOPI_GAYO,Food & Beverage,220000,0,23,0,23
2024-04-03,Makassar,SKU_BATIK_TULIS,Fashion Premium,1200000,0,5,1,0
2024-04-04,Jakarta,SKU_HIJAB_INSTAN,Fashion,65000,0,380,0,380
2024-04-04,Jakarta,SKU_KOPI_GAYO,Food & Beverage,220000,0,100,0,100
2024-04-04,Jakarta,SKU_BATIK_TULIS,Fashion Premium,1200000,0,36,0,36
2024-04-04,Surabaya,SKU_HIJAB_INSTAN,Fashion,65000,0,228,0,228
2024-04-04,Surabaya,SKU_KOPI_GAYO,Food & Beverage,220000,0,64,0,64
2024-04-04,Surabaya,SKU_BATIK_TULIS,Fashion Premium,1200000,0,17,0,17
2024-04-04,Medan,SKU_HIJAB_INSTAN,Fashion,65000,0,165,0,165
2024-04-04,Medan,SKU_KOPI_GAYO,Food & Beverage,176000,1,62,1,0
2024-04-04,Medan,SKU_BATIK_TULIS,Fashion Premium,960000,1,14,1,0
2024-04-04,Makassar,SKU_HIJAB_INSTAN,Fashion,52000,1,124,0,124
2024-04-04,Makassar,SKU_KOPI_GAYO,Food & Beverage,220000,0,21,1,0
2024-04-04,Makassar,SKU_BATIK_TULIS,Fashion Premium,1200000,0,7,0,7
2024-04-05,Jakarta,SKU_HIJAB_INSTAN,Fashion,65000,0,398,0,398
2024-04-05,Jakarta,SKU_KOPI_GAYO,Food & Beverage,176000,1,147,0,147
2024-04-05,Jakarta,SKU_BATIK_TULIS,Fashion Premium,1200000,0,39,0,39
2024-04-05,Surabaya,SKU_HIJAB_INSTAN,Fashion,65000,0,222,0,222
2024-04-05,Surabaya,SKU_KOPI_GAYO,Food & Beverage,220000,0,63,0,63
2024-04-05,Surabaya,SKU_BATIK_TULIS,Fashion Premium,1200000,0,21,0,21
2024-04-05,Medan,SKU_HIJAB_INSTAN,Fashion,65000,0,190,0,190
2024-04-05,Medan,SKU_KOPI_GAYO,Food & Beverage,220000,0,51,0,51
2024-04-05,Medan,SKU_BATIK_TULIS,Fashion Premium,1200000,0,17,0,17
2024-04-05,Makassar,SKU_HIJAB_INSTAN,Fashion,65000,0,90,1,0
2024-04-05,Makassar,SKU_KOPI_GAYO,Food & Beverage,176000,1,28,0,28
2024-04-05,Makassar,SKU_BATIK_TULIS,Fashion Premium,960000,1,10,0,10
2024-04-06,Jakarta,SKU_HIJAB_INSTAN,Fashion,52000,1,630,0,630
2024-04-06,Jakarta,SKU_KOPI_GAYO,Food & Beverage,176000,1,157,0,157
2024-04-06,Jakarta,SKU_BATIK_TULIS,Fashion Premium,960000,1,71,0,71
2024-04-06,Surabaya,SKU_HIJAB_INSTAN,Fashion,65000,0,261,0,261
2024-04-06,Surabaya,SKU_KOPI_GAYO,Food & Beverage,220000,0,65,0,65
2024-04-06,Surabaya,SKU_BATIK_TULIS,Fashion Premium,1200000,0,27,0,27
2024-04-06,Medan,SKU_HIJAB_INSTAN,Fashion,65000,0,175,0,175
2024-04-06,Medan,SKU_KOPI_GAYO,Food & Beverage,220000,0,51,0,51
2024-04-06,Medan,SKU_BATIK_TULIS,Fashion Premium,960000,1,22,1,0
2024-04-06,Makassar,SKU_HIJAB_INSTAN,Fashion,65000,0,123,1,0
2024-04-06,Makassar,SKU_KOPI_GAYO,Food & Beverage,220000,0,25,1,0
2024-04-06,Makassar,SKU_BATIK_TULIS,Fashion Premium,1200000,0,7,1,0
2024-04-07,Jakarta,SKU_HIJAB_INSTAN,Fashion,65000,0,481,1,0
2024-04-07,Jakarta,SKU_KOPI_GAYO,Food & Beverage,176000,1,142,0,142
2024-04-07,Jakarta,SKU_BATIK_TULIS,Fashion Premium,1200000,0,42,0,42
2024-04-07,Surabaya,SKU_HIJAB_INSTAN,Fashion,65000,0,262,0,262
2024-04-07,Surabaya,SKU_KOPI_GAYO,Food & Beverage,176000,1,103,0,103
2024-04-07,Surabaya,SKU_BATIK_TULIS,Fashion Premium,960000,1,24,0,24
2024-04-07,Medan,SKU_HIJAB_INSTAN,Fashion,65000,0,153,1,0
2024-04-07,Medan,SKU_KOPI_GAYO,Food & Beverage,220000,0,41,1,0
2024-04-07,Medan,SKU_BATIK_TULIS,Fashion Premium,1200000,0,22,0,22
2024-04-07,Makassar,SKU_HIJAB_INSTAN,Fashion,65000,0,50,0,50
2024-04-07,Makassar,SKU_KOPI_GAYO,Food & Beverage,220000,0,22,0,22
2024-04-07,Makassar,SKU_BATIK_TULIS,Fashion Premium,1200000,0,10,0,10
2024-04-08,Jakarta,SKU_HIJAB_INSTAN,Fashion,65000,0,365,0,365
2024-04-08,Jakarta,SKU_KOPI_GAYO,Food & Beverage,220000,0,88,0,88
2024-04-08,Jakarta,SKU_BATIK_TULIS,Fashion Premium,960000,1,43,0,43
2024-04-08,Surabaya,SKU_HIJAB_INSTAN,Fashion,65000,0,265,0,265
2024-04-08,Surabaya,SKU_KOPI_GAYO,Food & Beverage,176000,1,80,0,80
2024-04-08,Surabaya,SKU_BATIK_TULIS,Fashion Premium,1200000,0,15,0,15
2024-04-08,Medan,SKU_HIJAB_INSTAN,Fashion,52000,1,232,1,0
2024-04-08,Medan,SKU_KOPI_GAYO,Food & Beverage,220000,0,40,0,40
2024-04-08,Medan,SKU_BATIK_TULIS,Fashion Premium,1200000,0,11,0,11
2024-04-08,Makassar,SKU_HIJAB_INSTAN,Fashion,65000,0,73,0,73
2024-04-08,Makassar,SKU_KOPI_GAYO,Food & Beverage,220000,0,14,0,14
2024-04-08,Makassar,SKU_BATIK_TULIS,Fashion Premium,1200000,0,7,1,0
2024-04-09,Jakarta,SKU_HIJAB_INSTAN,Fashion,65000,0,333,0,333
2024-04-09,Jakarta,SKU_KOPI_GAYO,Food & Beverage,176000,1,151,0,151
2024-04-09,Jakarta,SKU_BATIK_TULIS,Fashion Premium,1200000,0,29,0,29
2024-04-09,Surabaya,SKU_HIJAB_INSTAN,Fashion,65000,0,216,0,216
2024-04-09,Surabaya,SKU_KOPI_GAYO,Food & Beverage,220000,0,68,0,68
2024-04-09,Surabaya,SKU_BATIK_TULIS,Fashion Premium,1200000,0,20,0,20
2024-04-09,Medan,SKU_HIJAB_INSTAN,Fashion,52000,1,149,0,149
2024-04-09,Medan,SKU_KOPI_GAYO,Food & Beverage,220000,0,24,1,0
2024-04-09,Medan,SKU_BATIK_TULIS,Fashion Premium,960000,1,19,1,0
2024-04-09,Makassar,SKU_HIJAB_INSTAN,Fashion,65000,0,127,0,127
2024-04-09,Makassar,SKU_KOPI_GAYO,Food & Beverage,220000,0,31,1,0
2024-04-09,Makassar,SKU_BATIK_TULIS,Fashion Premium,960000,1,12,1,0
2024-04-10,Jakarta,SKU_HIJAB_INSTAN,Fashion,65000,0,373,0,373
2024-04-10,Jakarta,SKU_KOPI_GAYO,Food & Beverage,220000,0,110,0,110
2024-04-10,Jakarta,SKU_BATIK_TULIS,Fashion Premium,1200000,0,33,1,0
2024-04-10,Surabaya,SKU_HIJAB_INSTAN,Fashion,52000,1,344,0,344
2024-04-10,Surabaya,SKU_KOPI_GAYO,Food & Beverage,220000,0,61,0,61
2024-04-10,Surabaya,SKU_BATIK_TULIS,Fashion Premium,1200000,0,16,0,16
2024-04-10,Medan,SKU_HIJAB_INSTAN,Fashion,52000,1,274,0,274
2024-04-10,Medan,SKU_KOPI_GAYO,Food & Beverage,220000,0,35,0,35
2024-04-10,Medan,SKU_BATIK_TULIS,Fashion Premium,1200000,0,11,0,11
2024-04-10,Makassar,SKU_HIJAB_INSTAN,Fashion,52000,1,144,0,144
2024-04-10,Makassar,SKU_KOPI_GAYO,Food & Beverage,176000,1,38,0,38
2024-04-10,Makassar,SKU_BATIK_TULIS,Fashion Premium,1200000,0,5,0,5
2024-04-11,Jakarta,SKU_HIJAB_INSTAN,Fashion,65000,0,27,0,27
2024-04-11,Jakarta,SKU_KOPI_GAYO,Food & Beverage,220000,0,13,0,13
2024-04-11,Jakarta,SKU_BATIK_TULIS,Fashion Premium,1200000,0,2,0,2
2024-04-11,Surabaya,SKU_HIJAB_INSTAN,Fashion,65000,0,15,0,15
2024-04-11,Surabaya,SKU_KOPI_GAYO,Food & Beverage,220000,0,8,0,8
2024-04-11,Surabaya,SKU_BATIK_TULIS,Fashion Premium,1200000,0,2,0,2
2024-04-11,Medan,SKU_HIJAB_INSTAN,Fashion,65000,0,12,0,12
2024-04-11,Medan,SKU_KOPI_GAYO,Food & Beverage,220000,0,5,0,5
2024-04-11,Medan,SKU_BATIK_TULIS,Fashion Premium,1200000,0,2,0,2
2024-04-11,Makassar,SKU_HIJAB_INSTAN,Fashion,65000,0,7,0,7
2024-04-11,Makassar,SKU_KOPI_GAYO,Food & Beverage,220000,0,3,0,3
2024-04-11,Makassar,SKU_BATIK_TULIS,Fashion Premium,1200000,0,2,0,2
2024-04-12,Jakarta,SKU_HIJAB_INSTAN,Fashion,65000,0,28,0,28
2024-04-12,Jakarta,SKU_KOPI_GAYO,Food & Beverage,220000,0,12,0,12
2024-04-12,Jakarta,SKU_BATIK_TULIS,Fashion Premium,1200000,0,3,0,3
2024-04-12,Surabaya,SKU_HIJAB_INSTAN,Fashion,65000,0,10,0,10
2024-04-12,Surabaya,SKU_KOPI_GAYO,Food & Beverage,220000,0,8,1,0
2024-04-12,Surabaya,SKU_BATIK_TULIS,Fashion Premium,1200000,0,2,0,2
2024-04-12,Medan,SKU_HIJAB_INSTAN,Fashion,65000,0,11,0,11
2024-04-12,Medan,SKU_KOPI_GAYO,Food & Beverage,220000,0,4,0,4
2024-04-12,Medan,SKU_BATIK_TULIS,Fashion Premium,1200000,0,2,0,2
2024-04-12,Makassar,SKU_HIJAB_INSTAN,Fashion,65000,0,6,0,6
2024-04-12,Makassar,SKU_KOPI_GAYO,Food & Beverage,220000,0,3,0,3
2024-04-12,Makassar,SKU_BATIK_TULIS,Fashion Premium,1200000,0,2,0,2
2024-04-13,Jakarta,SKU_HIJAB_INSTAN,Fashion,65000,0,30,0,30
2024-04-13,Jakarta,SKU_KOPI_GAYO,Food & Beverage,220000,0,14,0,14
2024-04-13,Jakarta,SKU_BATIK_TULIS,Fashion Premium,1200000,0,4,0,4
2024-04-13,Surabaya,SKU_HIJAB_INSTAN,Fashion,65000,0,18,0,18
2024-04-13,Surabaya,SKU_KOPI_GAYO,Food & Beverage,220000,0,9,0,9
2024-04-13,Surabaya,SKU_BATIK_TULIS,Fashion Premium,1200000,0,2,0,2
2024-04-13,Medan,SKU_HIJAB_INSTAN,Fashion,65000,0,15,0,15
2024-04-13,Medan,SKU_KOPI_GAYO,Food & Beverage,220000,0,5,0,5
2024-04-13,Medan,SKU_BATIK_TULIS,Fashion Premium,1200000,0,2,0,2
2024-04-13,Makassar,SKU_HIJAB_INSTAN,Fashion,65000,0,7,0,7
2024-04-13,Makassar,SKU_KOPI_GAYO,Food & Beverage,220000,0,2,0,2
2024-04-13,Makassar,SKU_BATIK_TULIS,Fashion Premium,1200000,0,2,0,2
2024-04-14,Jakarta,SKU_HIJAB_INSTAN,Fashion,65000,0,191,0,191
2024-04-14,Jakarta,SKU_KOPI_GAYO,Food & Beverage,220000,0,87,0,87
2024-04-14,Jakarta,SKU_BATIK_TULIS,Fashion Premium,1200000,0,23,0,23
2024-04-14,Surabaya,SKU_HIJAB_INSTAN,Fashion,65000,0,97,0,97
2024-04-14,Surabaya,SKU_KOPI_GAYO,Food & Beverage,220000,0,59,0,59
2024-04-14,Surabaya,SKU_BATIK_TULIS,Fashion Premium,1200000,0,15,0,15
2024-04-14,Medan,SKU_HIJAB_INSTAN,Fashion,65000,0,109,0,109
2024-04-14,Medan,SKU_KOPI_GAYO,Food & Beverage,220000,0,34,0,34
2024-04-14,Medan,SKU_BATIK_TULIS,Fashion Premium,1200000,0,7,0,7
2024-04-14,Makassar,SKU_HIJAB_INSTAN,Fashion,65000,0,52,1,0
2024-04-14,Makassar,SKU_KOPI_GAYO,Food & Beverage,220000,0,24,0,24
2024-04-14,Makassar,SKU_BATIK_TULIS,Fashion Premium,1200000,0,6,1,0
2024-04-15,Jakarta,SKU_HIJAB_INSTAN,Fashion,65000,0,188,0,188
2024-04-15,Jakarta,SKU_KOPI_GAYO,Food & Beverage,220000,0,87,0,87
2024-04-15,Jakarta,SKU_BATIK_TULIS,Fashion Premium,1200000,0,17,0,17
2024-04-15,Surabaya,SKU_HIJAB_INSTAN,Fashion,65000,0,93,0,93
2024-04-15,Surabaya,SKU_KOPI_GAYO,Food & Beverage,220000,0,47,0,47
2024-04-15,Surabaya,SKU_BATIK_TULIS,Fashion Premium,1200000,0,8,0,8
2024-04-15,Medan,SKU_HIJAB_INSTAN,Fashion,65000,0,55,0,55
2024-04-15,Medan,SKU_KOPI_GAYO,Food & Beverage,220000,0,48,0,48
2024-04-15,Medan,SKU_BATIK_TULIS,Fashion Premium,1200000,0,7,0,7
2024-04-15,Makassar,SKU_HIJAB_INSTAN,Fashion,65000,0,56,0,56
2024-04-15,Makassar,SKU_KOPI_GAYO,Food & Beverage,220000,0,5,0,5
2024-04-15,Makassar,SKU_BATIK_TULIS,Fashion Premium,1200000,0,2,0,2
2024-04-16,Jakarta,SKU_HIJAB_INSTAN,Fashion,65000,0,164,0,164
2024-04-16,Jakarta,SKU_KOPI_GAYO,Food & Beverage,220000,0,85,0,85
2024-04-16,Jakarta,SKU_BATIK_TULIS,Fashion Premium,1200000,0,16,0,16
2024-04-16,Surabaya,SKU_HIJAB_INSTAN,Fashion,65000,0,101,0,101
2024-04-16,Surabaya,SKU_KOPI_GAYO,Food & Beverage,220000,0,46,0,46
2024-04-16,Surabaya,SKU_BATIK_TULIS,Fashion Premium,1200000,0,9,0,9
2024-04-16,Medan,SKU_HIJAB_INSTAN,Fashion,65000,0,64,0,64
2024-04-16,Medan,SKU_KOPI_GAYO,Food & Beverage,220000,0,27,0,27
2024-04-16,Medan,SKU_BATIK_TULIS,Fashion Premium,1200000,0,6,0,6
2024-04-16,Makassar,SKU_HIJAB_INSTAN,Fashion,65000,0,19,0,19
2024-04-16,Makassar,SKU_KOPI_GAYO,Food & Beverage,220000,0,16,0,16
2024-04-16,Makassar,SKU_BATIK_TULIS,Fashion Premium,1200000,0,2,0,2
2024-04-17,Jakarta,SKU_HIJAB_INSTAN,Fashion,65000,0,186,0,186
2024-04-17,Jakarta,SKU_KOPI_GAYO,Food & Beverage,220000,0,92,0,92
2024-04-17,Jakarta,SKU_BATIK_TULIS,Fashion Premium,1200000,0,17,0,17
2024-04-17,Surabaya,SKU_HIJAB_INSTAN,Fashion,65000,0,113,0,113
2024-04-17,Surabaya,SKU_KOPI_GAYO,Food & Beverage,220000,0,56,0,56
2024-04-17,Surabaya,SKU_BATIK_TULIS,Fashion Premium,1200000,0,11,0,11
2024-04-17,Medan,SKU_HIJAB_INSTAN,Fashion,65000,0,71,0,71
2024-04-17,Medan,SKU_KOPI_GAYO,Food & Beverage,220000,0,40,0,40
2024-04-17,Medan,SKU_BATIK_TULIS,Fashion Premium,1200000,0,7,0,7
2024-04-17,Makassar,SKU_HIJAB_INSTAN,Fashion,65000,0,39,0,39
2024-04-17,Makassar,SKU_KOPI_GAYO,Food & Beverage,220000,0,7,1,0
2024-04-17,Makassar,SKU_BATIK_TULIS,Fashion Premium,1200000,0,2,0,2
2024-04-18,Jakarta,SKU_HIJAB_INSTAN,Fashion,65000,0,181,0,181
2024-04-18,Jakarta,SKU_KOPI_GAYO,Food & Beverage,220000,0,86,0,86
2024-04-18,Jakarta,SKU_BATIK_TULIS,Fashion Premium,1200000,0,19,0,19
2024-04-18,Surabaya,SKU_HIJAB_INSTAN,Fashion,65000,0,99,0,99
2024-04-18,Surabaya,SKU_KOPI_GAYO,Food & Beverage,220000,0,51,0,51
2024-04-18,Surabaya,SKU_BATIK_TULIS,Fashion Premium,1200000,0,11,0,11
2024-04-18,Medan,SKU_HIJAB_INSTAN,Fashion,65000,0,67,0,67
2024-04-18,Medan,SKU_KOPI_GAYO,Food & Beverage,220000,0,46,0,46
2024-04-18,Medan,SKU_BATIK_TULIS,Fashion Premium,1200000,0,5,0,5
2024-04-18,Makassar,SKU_HIJAB_INSTAN,Fashion,65000,0,43,0,43
2024-04-18,Makassar,SKU_KOPI_GAYO,Food & Beverage,220000,0,23,0,23
2024-04-18,Makassar,SKU_BATIK_TULIS,Fashion Premium,1200000,0,6,0,6
2024-04-19,Jakarta,SKU_HIJAB_INSTAN,Fashion,65000,0,189,0,189
2024-04-19,Jakarta,SKU_KOPI_GAYO,Food & Beverage,220000,0,99,0,99
2024-04-19,Jakarta,SKU_BATIK_TULIS,Fashion Premium,1200000,0,24,0,24
2024-04-19,Surabaya,SKU_HIJAB_INSTAN,Fashion,65000,0,104,0,104
2024-04-19,Surabaya,SKU_KOPI_GAYO,Food & Beverage,220000,0,50,0,50
2024-04-19,Surabaya,SKU_BATIK_TULIS,Fashion Premium,1200000,0,13,0,13
2024-04-19,Medan,SKU_HIJAB_INSTAN,Fashion,65000,0,72,0,72
2024-04-19,Medan,SKU_KOPI_GAYO,Food & Beverage,220000,0,42,0,42
2024-04-19,Medan,SKU_BATIK_TULIS,Fashion Premium,1200000,0,6,0,6
2024-04-19,Makassar,SKU_HIJAB_INSTAN,Fashion,65000,0,56,0,56
2024-04-19,Makassar,SKU_KOPI_GAYO,Food & Beverage,220000,0,20,0,20
2024-04-19,Makassar,SKU_BATIK_TULIS,Fashion Premium,1200000,0,4,0,4
2024-04-20,Jakarta,SKU_HIJAB_INSTAN,Fashion,65000,0,208,0,208
2024-04-20,Jakarta,SKU_KOPI_GAYO,Food & Beverage,220000,0,105,0,105
2024-04-20,Jakarta,SKU_BATIK_TULIS,Fashion Premium,1200000,0,26,0,26
2024-04-20,Surabaya,SKU_HIJAB_INSTAN,Fashion,65000,0,124,0,124
2024-04-20,Surabaya,SKU_KOPI_GAYO,Food & Beverage,220000,0,56,0,56
2024-04-20,Surabaya,SKU_BATIK_TULIS,Fashion Premium,1200000,0,14,0,14
2024-04-20,Medan,SKU_HIJAB_INSTAN,Fashion,65000,0,93,0,93
2024-04-20,Medan,SKU_KOPI_GAYO,Food & Beverage,220000,0,36,0,36
2024-04-20,Medan,SKU_BATIK_TULIS,Fashion Premium,1200000,0,11,0,11
2024-04-20,Makassar,SKU_HIJAB_INSTAN,Fashion,65000,0,2,0,2
2024-04-20,Makassar,SKU_KOPI_GAYO,Food & Beverage,220000,0,12,0,12
2024-04-20,Makassar,SKU_BATIK_TULIS,Fashion Premium,1200000,0,3,0,3
2024-04-21,Jakarta,SKU_HIJAB_INSTAN,Fashion,65000,0,198,0,198
2024-04-21,Jakarta,SKU_KOPI_GAYO,Food & Beverage,220000,0,93,0,93
2024-04-21,Jakarta,SKU_BATIK_TULIS,Fashion Premium,1200000,0,22,0,22
2024-04-21,Surabaya,SKU_HIJAB_INSTAN,Fashion,65000,0,102,0,102
2024-04-21,Surabaya,SKU_KOPI_GAYO,Food & Beverage,220000,0,51,0,51
2024-04-21,Surabaya,SKU_BATIK_TULIS,Fashion Premium,1200000,0,16,0,16
2024-04-21,Medan,SKU_HIJAB_INSTAN,Fashion,65000,0,69,0,69
2024-04-21,Medan,SKU_KOPI_GAYO,Food & Beverage,220000,0,22,0,22
2024-04-21,Medan,SKU_BATIK_TULIS,Fashion Premium,1200000,0,9,0,9
2024-04-21,Makassar,SKU_HIJAB_INSTAN,Fashion,65000,0,29,0,29
2024-04-21,Makassar,SKU_KOPI_GAYO,Food & Beverage,220000,0,16,0,16
2024-04-21,Makassar,SKU_BATIK_TULIS,Fashion Premium,1200000,0,6,0,6
2024-04-22,Jakarta,SKU_HIJAB_INSTAN,Fashion,65000,0,160,0,160
2024-04-22,Jakarta,SKU_KOPI_GAYO,Food & Beverage,220000,0,85,0,85
2024-04-22,Jakarta,SKU_BATIK_TULIS,Fashion Premium,1200000,0,11,0,11
2024-04-22,Surabaya,SKU_HIJAB_INSTAN,Fashion,65000,0,90,0,90
2024-04-22,Surabaya,SKU_KOPI_GAYO,Food & Beverage,220000,0,50,0,50
2024-04-22,Surabaya,SKU_BATIK_TULIS,Fashion Premium,1200000,0,9,0,9
2024-04-22,Medan,SKU_HIJAB_INSTAN,Fashion,65000,0,43,0,43
2024-04-22,Medan,SKU_KOPI_GAYO,Food & Beverage,220000,0,26,0,26
2024-04-22,Medan,SKU_BATIK_TULIS,Fashion Premium,1200000,0,6,0,6
2024-04-22,Makassar,SKU_HIJAB_INSTAN,Fashion,65000,0,33,0,33
2024-04-22,Makassar,SKU_KOPI_GAYO,Food & Beverage,220000,0,13,0,13
2024-04-22,Makassar,SKU_BATIK_TULIS,Fashion Premium,1200000,0,3,0,3
2024-04-23,Jakarta,SKU_HIJAB_INSTAN,Fashion,65000,0,163,0,163
2024-04-23,Jakarta,SKU_KOPI_GAYO,Food & Beverage,220000,0,94,0,94
2024-04-23,Jakarta,SKU_BATIK_TULIS,Fashion Premium,1200000,0,15,0,15
2024-04-23,Surabaya,SKU_HIJAB_INSTAN,Fashion,65000,0,89,0,89
2024-04-23,Surabaya,SKU_KOPI_GAYO,Food & Beverage,220000,0,70,0,70
2024-04-23,Surabaya,SKU_BATIK_TULIS,Fashion Premium,1200000,0,10,0,10
2024-04-23,Medan,SKU_HIJAB_INSTAN,Fashion,65000,0,57,0,57
2024-04-23,Medan,SKU_KOPI_GAYO,Food & Beverage,220000,0,32,0,32
2024-04-23,Medan,SKU_BATIK_TULIS,Fashion Premium,1200000,0,5,0,5
2024-04-23,Makassar,SKU_HIJAB_INSTAN,Fashion,65000,0,13,0,13
2024-04-23,Makassar,SKU_KOPI_GAYO,Food & Beverage,220000,0,15,0,15
2024-04-23,Makassar,SKU_BATIK_TULIS,Fashion Premium,1200000,0,3,0,3
2024-04-24,Jakarta,SKU_HIJAB_INSTAN,Fashion,65000,0,191,0,191
2024-04-24,Jakarta,SKU_KOPI_GAYO,Food & Beverage,220000,0,88,0,88
2024-04-24,Jakarta,SKU_BATIK_TULIS,Fashion Premium,1200000,0,16,0,16
2024-04-24,Surabaya,SKU_HIJAB_INSTAN,Fashion,65000,0,124,0,124
2024-04-24,Surabaya,SKU_KOPI_GAYO,Food & Beverage,220000,0,62,0,62
2024-04-24,Surabaya,SKU_BATIK_TULIS,Fashion Premium,1200000,0,10,0,10
2024-04-24,Medan,SKU_HIJAB_INSTAN,Fashion,65000,0,69,0,69
2024-04-24,Medan,SKU_KOPI_GAYO,Food & Beverage,220000,0,38,0,38
2024-04-24,Medan,SKU_BATIK_TULIS,Fashion Premium,1200000,0,6,0,6
2024-04-24,Makassar,SKU_HIJAB_INSTAN,Fashion,65000,0,34,0,34
2024-04-24,Makassar,SKU_KOPI_GAYO,Food & Beverage,220000,0,13,0,13
2024-04-24,Makassar,SKU_BATIK_TULIS,Fashion Premium,1200000,0,5,0,5
2024-04-25,Jakarta,SKU_HIJAB_INSTAN,Fashion,65000,0,197,0,197
2024-04-25,Jakarta,SKU_KOPI_GAYO,Food & Beverage,220000,0,96,0,96
2024-04-25,Jakarta,SKU_BATIK_TULIS,Fashion Premium,1200000,0,21,0,21
2024-04-25,Surabaya,SKU_HIJAB_INSTAN,Fashion,65000,0,113,0,113
2024-04-25,Surabaya,SKU_KOPI_GAYO,Food & Beverage,220000,0,61,0,61
2024-04-25,Surabaya,SKU_BATIK_TULIS,Fashion Premium,960000,1,25,0,25
2024-04-25,Medan,SKU_HIJAB_INSTAN,Fashion,65000,0,82,0,82
2024-04-25,Medan,SKU_KOPI_GAYO,Food & Beverage,176000,1,79,0,79
2024-04-25,Medan,SKU_BATIK_TULIS,Fashion Premium,1200000,0,10,0,10
2024-04-25,Makassar,SKU_HIJAB_INSTAN,Fashion,52000,1,55,0,55
2024-04-25,Makassar,SKU_KOPI_GAYO,Food & Beverage,220000,0,3,0,3
2024-04-25,Makassar,SKU_BATIK_TULIS,Fashion Premium,1200000,0,4,0,4
2024-04-26,Jakarta,SKU_HIJAB_INSTAN,Fashion,65000,0,193,0,193
2024-04-26,Jakarta,SKU_KOPI_GAYO,Food & Beverage,220000,0,107,0,107
2024-04-26,Jakarta,SKU_BATIK_TULIS,Fashion Premium,960000,1,41,0,41
2024-04-26,Surabaya,SKU_HIJAB_INSTAN,Fashion,65000,0,110,0,110
2024-04-26,Surabaya,SKU_KOPI_GAYO,Food & Beverage,220000,0,72,0,72
2024-04-26,Surabaya,SKU_BATIK_TULIS,Fashion Premium,1200000,0,16,0,16
2024-04-26,Medan,SKU_HIJAB_INSTAN,Fashion,65000,0,57,0,57
2024-04-26,Medan,SKU_KOPI_GAYO,Food & Beverage,176000,1,62,0,62
2024-04-26,Medan,SKU_BATIK_TULIS,Fashion Premium,1200000,0,11,0,11
2024-04-26,Makassar,SKU_HIJAB_INSTAN,Fashion,52000,1,81,0,81
2024-04-26,Makassar,SKU_KOPI_GAYO,Food & Beverage,220000,0,15,0,15
2024-04-26,Makassar,SKU_BATIK_TULIS,Fashion Premium,960000,1,10,0,10
2024-04-27,Jakarta,SKU_HIJAB_INSTAN,Fashion,52000,1,377,0,377
2024-04-27,Jakarta,SKU_KOPI_GAYO,Food & Beverage,220000,0,111,0,111
2024-04-27,Jakarta,SKU_BATIK_TULIS,Fashion Premium,960000,1,39,0,39
2024-04-27,Surabaya,SKU_HIJAB_INSTAN,Fashion,52000,1,207,0,207
2024-04-27,Surabaya,SKU_KOPI_GAYO,Food & Beverage,220000,0,63,0,63
2024-04-27,Surabaya,SKU_BATIK_TULIS,Fashion Premium,1200000,0,19,0,19
2024-04-27,Medan,SKU_HIJAB_INSTAN,Fashion,65000,0,81,0,81
2024-04-27,Medan,SKU_KOPI_GAYO,Food & Beverage,220000,0,33,0,33
2024-04-27,Medan,SKU_BATIK_TULIS,Fashion Premium,1200000,0,12,0,12
2024-04-27,Makassar,SKU_HIJAB_INSTAN,Fashion,52000,1,51,0,51
2024-04-27,Makassar,SKU_KOPI_GAYO,Food & Beverage,176000,1,15,0,15
2024-04-27,Makassar,SKU_BATIK_TULIS,Fashion Premium,1200000,0,4,1,0
2024-04-28,Jakarta,SKU_HIJAB_INSTAN,Fashion,65000,0,228,0,228
2024-04-28,Jakarta,SKU_KOPI_GAYO,Food & Beverage,220000,0,104,0,104
2024-04-28,Jakarta,SKU_BATIK_TULIS,Fashion Premium,960000,1,37,0,37
2024-04-28,Surabaya,SKU_HIJAB_INSTAN,Fashion,65000,0,117,0,117
2024-04-28,Surabaya,SKU_KOPI_GAYO,Food & Beverage,220000,0,71,0,71
2024-04-28,Surabaya,SKU_BATIK_TULIS,Fashion Premium,960000,1,18,0,18
2024-04-28,Medan,SKU_HIJAB_INSTAN,Fashion,65000,0,89,0,89
2024-04-28,Medan,SKU_KOPI_GAYO,Food & Beverage,220000,0,50,0,50
2024-04-28,Medan,SKU_BATIK_TULIS,Fashion Premium,1200000,0,11,1,0
2024-04-28,Makassar,SKU_HIJAB_INSTAN,Fashion,52000,1,110,0,110
2024-04-28,Makassar,SKU_KOPI_GAYO,Food & Beverage,220000,0,27,0,27
2024-04-28,Makassar,SKU_BATIK_TULIS,Fashion Premium,1200000,0,4,0,4
2024-04-29,Jakarta,SKU_HIJAB_INSTAN,Fashion,65000,0,162,0,162
2024-04-29,Jakarta,SKU_KOPI_GAYO,Food & Beverage,220000,0,80,0,80
2024-04-29,Jakarta,SKU_BATIK_TULIS,Fashion Premium,1200000,0,14,0,14
2024-04-29,Surabaya,SKU_HIJAB_INSTAN,Fashion,65000,0,90,0,90
2024-04-29,Surabaya,SKU_KOPI_GAYO,Food & Beverage,220000,0,63,0,63
2024-04-29,Surabaya,SKU_BATIK_TULIS,Fashion Premium,1200000,0,8,0,8
2024-04-29,Medan,SKU_HIJAB_INSTAN,Fashion,65000,0,78,1,0
2024-04-29,Medan,SKU_KOPI_GAYO,Food & Beverage,220000,0,36,0,36
2024-04-29,Medan,SKU_BATIK_TULIS,Fashion Premium,1200000,0,5,0,5
2024-04-29,Makassar,SKU_HIJAB_INSTAN,Fashion,65000,0,40,0,40
2024-04-29,Makassar,SKU_KOPI_GAYO,Food & Beverage,220000,0,28,0,28
2024-04-29,Makassar,SKU_BATIK_TULIS,Fashion Premium,1200000,0,2,0,2
2024-04-30,Jakarta,SKU_HIJAB_INSTAN,Fashion,65000,0,184,0,184
2024-04-30,Jakarta,SKU_KOPI_GAYO,Food & Beverage,220000,0,88,0,88
2024-04-30,Jakarta,SKU_BATIK_TULIS,Fashion Premium,1200000,0,16,0,16
2024-04-30,Surabaya,SKU_HIJAB_INSTAN,Fashion,65000,0,114,0,114
2024-04-30,Surabaya,SKU_KOPI_GAYO,Food & Beverage,220000,0,55,0,55
2024-04-30,Surabaya,SKU_BATIK_TULIS,Fashion Premium,1200000,0,12,0,12
2024-04-30,Medan,SKU_HIJAB_INSTAN,Fashion,65000,0,38,0,38
2024-04-30,Medan,SKU_KOPI_GAYO,Food & Beverage,220000,0,30,0,30
2024-04-30,Medan,SKU_BATIK_TULIS,Fashion Premium,1200000,0,7,0,7
2024-04-30,Makassar,SKU_HIJAB_INSTAN,Fashion,65000,0,27,0,27
2024-04-30,Makassar,SKU_KOPI_GAYO,Food & Beverage,220000,0,28,0,28
2024-04-30,Makassar,SKU_BATIK_TULIS,Fashion Premium,1200000,0,2,0,2
2024-05-01,Jakarta,SKU_HIJAB_INSTAN,Fashion,65000,0,175,0,175
2024-05-01,Jakarta,SKU_KOPI_GAYO,Food & Beverage,220000,0,84,0,84
2024-05-01,Jakarta,SKU_BATIK_TULIS,Fashion Premium,1200000,0,17,0,17
2024-05-01,Surabaya,SKU_HIJAB_INSTAN,Fashion,65000,0,81,0,81
2024-05-01,Surabaya,SKU_KOPI_GAYO,Food & Beverage,220000,0,44,0,44
2024-05-01,Surabaya,SKU_BATIK_TULIS,Fashion Premium,1200000,0,13,0,13
2024-05-01,Medan,SKU_HIJAB_INSTAN,Fashion,65000,0,69,0,69
2024-05-01,Medan,SKU_KOPI_GAYO,Food & Beverage,220000,0,33,1,0
2024-05-01,Medan,SKU_BATIK_TULIS,Fashion Premium,1200000,0,5,0,5
2024-05-01,Makassar,SKU_HIJAB_INSTAN,Fashion,65000,0,21,0,21
2024-05-01,Makassar,SKU_KOPI_GAYO,Food & Beverage,220000,0,31,0,31
2024-05-01,Makassar,SKU_BATIK_TULIS,Fashion Premium,1200000,0,3,0,3
2024-05-02,Jakarta,SKU_HIJAB_INSTAN,Fashion,65000,0,195,0,195
2024-05-02,Jakarta,SKU_KOPI_GAYO,Food & Beverage,220000,0,71,0,71
2024-05-02,Jakarta,SKU_BATIK_TULIS,Fashion Premium,1200000,0,18,0,18
2024-05-02,Surabaya,SKU_HIJAB_INSTAN,Fashion,65000,0,132,0,132
2024-05-02,Surabaya,SKU_KOPI_GAYO,Food & Beverage,220000,0,51,0,51
2024-05-02,Surabaya,SKU_BATIK_TULIS,Fashion Premium,1200000,0,10,0,10
2024-05-02,Medan,SKU_HIJAB_INSTAN,Fashion,65000,0,77,0,77
2024-05-02,Medan,SKU_KOPI_GAYO,Food & Beverage,220000,0,26,0,26
2024-05-02,Medan,SKU_BATIK_TULIS,Fashion Premium,1200000,0,5,0,5
2024-05-02,Makassar,SKU_HIJAB_INSTAN,Fashion,65000,0,58,0,58
2024-05-02,Makassar,SKU_KOPI_GAYO,Food & Beverage,220000,0,12,0,12
2024-05-02,Makassar,SKU_BATIK_TULIS,Fashion Premium,1200000,0,4,0,4
2024-05-03,Jakarta,SKU_HIJAB_INSTAN,Fashion,65000,0,219,0,219
2024-05-03,Jakarta,SKU_KOPI_GAYO,Food & Beverage,220000,0,95,0,95
2024-05-03,Jakarta,SKU_BATIK_TULIS,Fashion Premium,1200000,0,23,0,23
2024-05-03,Surabaya,SKU_HIJAB_INSTAN,Fashion,65000,0,88,0,88
2024-05-03,Surabaya,SKU_KOPI_GAYO,Food & Beverage,220000,0,50,0,50
2024-05-03,Surabaya,SKU_BATIK_TULIS,Fashion Premium,1200000,0,16,0,16
2024-05-03,Medan,SKU_HIJAB_INSTAN,Fashion,65000,0,70,0,70
2024-05-03,Medan,SKU_KOPI_GAYO,Food & Beverage,220000,0,28,0,28
2024-05-03,Medan,SKU_BATIK_TULIS,Fashion Premium,1200000,0,9,0,9
2024-05-03,Makassar,SKU_HIJAB_INSTAN,Fashion,65000,0,58,0,58
2024-05-03,Makassar,SKU_KOPI_GAYO,Food & Beverage,220000,0,15,0,15
2024-05-03,Makassar,SKU_BATIK_TULIS,Fashion Premium,1200000,0,5,0,5
2024-05-04,Jakarta,SKU_HIJAB_INSTAN,Fashion,65000,0,225,0,225
2024-05-04,Jakarta,SKU_KOPI_GAYO,Food & Beverage,220000,0,96,0,96
2024-05-04,Jakarta,SKU_BATIK_TULIS,Fashion Premium,1200000,0,24,0,24
2024-05-04,Surabaya,SKU_HIJAB_INSTAN,Fashion,65000,0,158,0,158
2024-05-04,Surabaya,SKU_KOPI_GAYO,Food & Beverage,220000,0,49,1,0
2024-05-04,Surabaya,SKU_BATIK_TULIS,Fashion Premium,1200000,0,15,0,15
2024-05-04,Medan,SKU_HIJAB_INSTAN,Fashion,65000,0,81,0,81
2024-05-04,Medan,SKU_KOPI_GAYO,Food & Beverage,220000,0,38,0,38
2024-05-04,Medan,SKU_BATIK_TULIS,Fashion Premium,1200000,0,11,0,11
2024-05-04,Makassar,SKU_HIJAB_INSTAN,Fashion,65000,0,52,0,52
2024-05-04,Makassar,SKU_KOPI_GAYO,Food & Beverage,220000,0,21,0,21
2024-05-04,Makassar,SKU_BATIK_TULIS,Fashion Premium,1200000,0,2,0,2
2024-05-05,Jakarta,SKU_HIJAB_INSTAN,Fashion,65000,0,184,0,184
2024-05-05,Jakarta,SKU_KOPI_GAYO,Food & Beverage,220000,0,93,0,93
2024-05-05,Jakarta,SKU_BATIK_TULIS,Fashion Premium,1200000,0,23,0,23
2024-05-05,Surabaya,SKU_HIJAB_INSTAN,Fashion,65000,0,147,0,147
2024-05-05,Surabaya,SKU_KOPI_GAYO,Food & Beverage,220000,0,58,0,58
2024-05-05,Surabaya,SKU_BATIK_TULIS,Fashion Premium,1200000,0,15,0,15
2024-05-05,Medan,SKU_HIJAB_INSTAN,Fashion,65000,0,78,0,78
2024-05-05,Medan,SKU_KOPI_GAYO,Food & Beverage,220000,0,43,0,43
2024-05-05,Medan,SKU_BATIK_TULIS,Fashion Premium,1200000,0,9,0,9
2024-05-05,Makassar,SKU_HIJAB_INSTAN,Fashion,65000,0,22,0,22
2024-05-05,Makassar,SKU_KOPI_GAYO,Food & Beverage,220000,0,23,0,23
2024-05-05,Makassar,SKU_BATIK_TULIS,Fashion Premium,1200000,0,5,0,5
2024-05-06,Jakarta,SKU_HIJAB_INSTAN,Fashion,65000,0,145,0,145
2024-05-06,Jakarta,SKU_KOPI_GAYO,Food & Beverage,220000,0,87,0,87
2024-05-06,Jakarta,SKU_BATIK_TULIS,Fashion Premium,1200000,0,15,0,15
2024-05-06,Surabaya,SKU_HIJAB_INSTAN,Fashion,65000,0,90,0,90
2024-05-06,Surabaya,SKU_KOPI_GAYO,Food & Beverage,220000,0,44,0,44
2024-05-06,Surabaya,SKU_BATIK_TULIS,Fashion Premium,1200000,0,9,0,9
2024-05-06,Medan,SKU_HIJAB_INSTAN,Fashion,65000,0,86,0,86
2024-05-06,Medan,SKU_KOPI_GAYO,Food & Beverage,220000,0,39,0,39
2024-05-06,Medan,SKU_BATIK_TULIS,Fashion Premium,1200000,0,4,0,4
2024-05-06,Makassar,SKU_HIJAB_INSTAN,Fashion,65000,0,52,0,52
2024-05-06,Makassar,SKU_KOPI_GAYO,Food & Beverage,220000,0,26,0,26
2024-05-06,Makassar,SKU_BATIK_TULIS,Fashion Premium,1200000,0,2,0,2
2024-05-07,Jakarta,SKU_HIJAB_INSTAN,Fashion,65000,0,193,0,193
2024-05-07,Jakarta,SKU_KOPI_GAYO,Food & Beverage,220000,0,78,0,78
2024-05-07,Jakarta,SKU_BATIK_TULIS,Fashion Premium,1200000,0,15,0,15
2024-05-07,Surabaya,SKU_HIJAB_INSTAN,Fashion,65000,0,95,0,95
2024-05-07,Surabaya,SKU_KOPI_GAYO,Food & Beverage,220000,0,43,0,43
2024-05-07,Surabaya,SKU_BATIK_TULIS,Fashion Premium,1200000,0,10,0,10
2024-05-07,Medan,SKU_HIJAB_INSTAN,Fashion,65000,0,56,0,56
2024-05-07,Medan,SKU_KOPI_GAYO,Food & Beverage,220000,0,26,0,26
2024-05-07,Medan,SKU_BATIK_TULIS,Fashion Premium,1200000,0,6,0,6
2024-05-07,Makassar,SKU_HIJAB_INSTAN,Fashion,65000,0,55,0,55
2024-05-07,Makassar,SKU_KOPI_GAYO,Food & Beverage,220000,0,24,0,24
2024-05-07,Makassar,SKU_BATIK_TULIS,Fashion Premium,1200000,0,3,0,3
2024-05-08,Jakarta,SKU_HIJAB_INSTAN,Fashion,65000,0,167,0,167
2024-05-08,Jakarta,SKU_KOPI_GAYO,Food & Beverage,220000,0,79,0,79
2024-05-08,Jakarta,SKU_BATIK_TULIS,Fashion Premium,1200000,0,15,0,15
2024-05-08,Surabaya,SKU_HIJAB_INSTAN,Fashion,65000,0,116,0,116
2024-05-08,Surabaya,SKU_KOPI_GAYO,Food & Beverage,220000,0,48,0,48
2024-05-08,Surabaya,SKU_BATIK_TULIS,Fashion Premium,1200000,0,10,0,10
2024-05-08,Medan,SKU_HIJAB_INSTAN,Fashion,65000,0,75,0,75
2024-05-08,Medan,SKU_KOPI_GAYO,Food & Beverage,220000,0,24,0,24
2024-05-08,Medan,SKU_BATIK_TULIS,Fashion Premium,1200000,0,6,0,6
2024-05-08,Makassar,SKU_HIJAB_INSTAN,Fashion,65000,0,39,0,39
2024-05-08,Makassar,SKU_KOPI_GAYO,Food & Beverage,220000,0,31,0,31
2024-05-08,Makassar,SKU_BATIK_TULIS,Fashion Premium,1200000,0,3,0,3
2024-05-09,Jakarta,SKU_HIJAB_INSTAN,Fashion,65000,0,190,0,190
2024-05-09,Jakarta,SKU_KOPI_GAYO,Food & Beverage,220000,0,88,0,88
2024-05-09,Jakarta,SKU_BATIK_TULIS,Fashion Premium,1200000,0,21,0,21
2024-05-09,Surabaya,SKU_HIJAB_INSTAN,Fashion,65000,0,88,0,88
2024-05-09,Surabaya,SKU_KOPI_GAYO,Food & Beverage,220000,0,58,0,58
2024-05-09,Surabaya,SKU_BATIK_TULIS,Fashion Premium,1200000,0,11,0,11
2024-05-09,Medan,SKU_HIJAB_INSTAN,Fashion,65000,0,89,0,89
2024-05-09,Medan,SKU_KOPI_GAYO,Food & Beverage,220000,0,39,0,39
2024-05-09,Medan,SKU_BATIK_TULIS,Fashion Premium,1200000,0,7,0,7
2024-05-09,Makassar,SKU_HIJAB_INSTAN,Fashion,65000,0,50,0,50
2024-05-09,Makassar,SKU_KOPI_GAYO,Food & Beverage,220000,0,21,0,21
2024-05-09,Makassar,SKU_BATIK_TULIS,Fashion Premium,1200000,0,2,0,2
2024-05-10,Jakarta,SKU_HIJAB_INSTAN,Fashion,65000,0,187,0,187
2024-05-10,Jakarta,SKU_KOPI_GAYO,Food & Beverage,220000,0,86,0,86
2024-05-10,Jakarta,SKU_BATIK_TULIS,Fashion Premium,1200000,0,23,0,23
2024-05-10,Surabaya,SKU_HIJAB_INSTAN,Fashion,65000,0,120,0,120
2024-05-10,Surabaya,SKU_KOPI_GAYO,Food & Beverage,220000,0,69,0,69
2024-05-10,Surabaya,SKU_BATIK_TULIS,Fashion Premium,1200000,0,13,0,13
2024-05-10,Medan,SKU_HIJAB_INSTAN,Fashion,65000,0,70,1,0
2024-05-10,Medan,SKU_KOPI_GAYO,Food & Beverage,220000,0,26,0,26
2024-05-10,Medan,SKU_BATIK_TULIS,Fashion Premium,1200000,0,8,0,8
2024-05-10,Makassar,SKU_HIJAB_INSTAN,Fashion,65000,0,33,0,33
2024-05-10,Makassar,SKU_KOPI_GAYO,Food & Beverage,220000,0,19,0,19
2024-05-10,Makassar,SKU_BATIK_TULIS,Fashion Premium,1200000,0,3,0,3
2024-05-11,Jakarta,SKU_HIJAB_INSTAN,Fashion,65000,0,204,0,204
2024-05-11,Jakarta,SKU_KOPI_GAYO,Food & Beverage,220000,0,98,0,98
2024-05-11,Jakarta,SKU_BATIK_TULIS,Fashion Premium,1200000,0,25,0,25
2024-05-11,Surabaya,SKU_HIJAB_INSTAN,Fashion,65000,0,120,0,120
2024-05-11,Surabaya,SKU_KOPI_GAYO,Food & Beverage,220000,0,55,0,55
2024-05-11,Surabaya,SKU_BATIK_TULIS,Fashion Premium,1200000,0,19,0,19
2024-05-11,Medan,SKU_HIJAB_INSTAN,Fashion,65000,0,77,0,77
2024-05-11,Medan,SKU_KOPI_GAYO,Food & Beverage,220000,0,37,0,37
2024-05-11,Medan,SKU_BATIK_TULIS,Fashion Premium,1200000,0,6,0,6
2024-05-11,Makassar,SKU_HIJAB_INSTAN,Fashion,65000,0,59,0,59
2024-05-11,Makassar,SKU_KOPI_GAYO,Food & Beverage,220000,0,2,0,2
2024-05-11,Makassar,SKU_BATIK_TULIS,Fashion Premium,1200000,0,3,0,3
2024-05-12,Jakarta,SKU_HIJAB_INSTAN,Fashion,65000,0,208,0,208
2024-05-12,Jakarta,SKU_KOPI_GAYO,Food & Beverage,220000,0,82,0,82
2024-05-12,Jakarta,SKU_BATIK_TULIS,Fashion Premium,1200000,0,22,0,22
2024-05-12,Surabaya,SKU_HIJAB_INSTAN,Fashion,65000,0,119,0,119
2024-05-12,Surabaya,SKU_KOPI_GAYO,Food & Beverage,220000,0,56,0,56
2024-05-12,Surabaya,SKU_BATIK_TULIS,Fashion Premium,1200000,0,12,0,12
2024-05-12,Medan,SKU_HIJAB_INSTAN,Fashion,65000,0,92,0,92
2024-05-12,Medan,SKU_KOPI_GAYO,Food & Beverage,220000,0,44,1,0
2024-05-12,Medan,SKU_BATIK_TULIS,Fashion Premium,1200000,0,10,0,10
2024-05-12,Makassar,SKU_HIJAB_INSTAN,Fashion,65000,0,32,0,32
2024-05-12,Makassar,SKU_KOPI_GAYO,Food & Beverage,220000,0,20,0,20
2024-05-12,Makassar,SKU_BATIK_TULIS,Fashion Premium,1200000,0,3,0,3
2024-05-13,Jakarta,SKU_HIJAB_INSTAN,Fashion,65000,0,197,0,197
2024-05-13,Jakarta,SKU_KOPI_GAYO,Food & Beverage,220000,0,90,0,90
2024-05-13,Jakarta,SKU_BATIK_TULIS,Fashion Premium,1200000,0,14,0,14
2024-05-13,Surabaya,SKU_HIJAB_INSTAN,Fashion,65000,0,127,0,127
2024-05-13,Surabaya,SKU_KOPI_GAYO,Food & Beverage,220000,0,50,0,50
2024-05-13,Surabaya,SKU_BATIK_TULIS,Fashion Premium,1200000,0,9,0,9
2024-05-13,Medan,SKU_HIJAB_INSTAN,Fashion,65000,0,76,0,76
2024-05-13,Medan,SKU_KOPI_GAYO,Food & Beverage,220000,0,31,0,31
2024-05-13,Medan,SKU_BATIK_TULIS,Fashion Premium,1200000,0,5,0,5
2024-05-13,Makassar,SKU_HIJAB_INSTAN,Fashion,65000,0,54,0,54
2024-05-13,Makassar,SKU_KOPI_GAYO,Food & Beverage,220000,0,24,0,24
2024-05-13,Makassar,SKU_BATIK_TULIS,Fashion Premium,1200000,0,4,0,4
2024-05-14,Jakarta,SKU_HIJAB_INSTAN,Fashion,65000,0,180,0,180
2024-05-14,Jakarta,SKU_KOPI_GAYO,Food & Beverage,220000,0,92,0,92
2024-05-14,Jakarta,SKU_BATIK_TULIS,Fashion Premium,1200000,0,19,0,19
2024-05-14,Surabaya,SKU_HIJAB_INSTAN,Fashion,65000,0,102,0,102
2024-05-14,Surabaya,SKU_KOPI_GAYO,Food & Beverage,220000,0,47,0,47
2024-05-14,Surabaya,SKU_BATIK_TULIS,Fashion Premium,1200000,0,8,0,8
2024-05-14,Medan,SKU_HIJAB_INSTAN,Fashion,65000,0,62,0,62
2024-05-14,Medan,SKU_KOPI_GAYO,Food & Beverage,220000,0,14,0,14
2024-05-14,Medan,SKU_BATIK_TULIS,Fashion Premium,1200000,0,8,0,8
2024-05-14,Makassar,SKU_HIJAB_INSTAN,Fashion,65000,0,39,0,39
2024-05-14,Makassar,SKU_KOPI_GAYO,Food & Beverage,220000,0,11,0,11
2024-05-14,Makassar,SKU_BATIK_TULIS,Fashion Premium,1200000,0,4,0,4
2024-05-15,Jakarta,SKU_HIJAB_INSTAN,Fashion,65000,0,158,0,158
2024-05-15,Jakarta,SKU_KOPI_GAYO,Food & Beverage,220000,0,82,0,82
2024-05-15,Jakarta,SKU_BATIK_TULIS,Fashion Premium,1200000,0,17,1,0
2024-05-15,Surabaya,SKU_HIJAB_INSTAN,Fashion,65000,0,126,0,126
2024-05-15,Surabaya,SKU_KOPI_GAYO,Food & Beverage,220000,0,56,0,56
2024-05-15,Surabaya,SKU_BATIK_TULIS,Fashion Premium,1200000,0,6,0,6
2024-05-15,Medan,SKU_HIJAB_INSTAN,Fashion,65000,0,56,0,56
2024-05-15,Medan,SKU_KOPI_GAYO,Food & Beverage,220000,0,30,0,30
2024-05-15,Medan,SKU_BATIK_TULIS,Fashion Premium,1200000,0,7,0,7
2024-05-15,Makassar,SKU_HIJAB_INSTAN,Fashion,65000,0,15,0,15
2024-05-15,Makassar,SKU_KOPI_GAYO,Food & Beverage,220000,0,8,0,8
2024-05-15,Makassar,SKU_BATIK_TULIS,Fashion Premium,1200000,0,3,0,3
2024-05-16,Jakarta,SKU_HIJAB_INSTAN,Fashion,65000,0,189,0,189
2024-05-16,Jakarta,SKU_KOPI_GAYO,Food & Beverage,220000,0,97,0,97
2024-05-16,Jakarta,SKU_BATIK_TULIS,Fashion Premium,1200000,0,19,0,19
2024-05-16,Surabaya,SKU_HIJAB_INSTAN,Fashion,65000,0,120,0,120
2024-05-16,Surabaya,SKU_KOPI_GAYO,Food & Beverage,220000,0,73,0,73
2024-05-16,Surabaya,SKU_BATIK_TULIS,Fashion Premium,1200000,0,14,0,14
2024-05-16,Medan,SKU_HIJAB_INSTAN,Fashion,65000,0,64,0,64
2024-05-16,Medan,SKU_KOPI_GAYO,Food & Beverage,220000,0,26,0,26
2024-05-16,Medan,SKU_BATIK_TULIS,Fashion Premium,1200000,0,7,0,7
2024-05-16,Makassar,SKU_HIJAB_INSTAN,Fashion,65000,0,22,0,22
2024-05-16,Makassar,SKU_KOPI_GAYO,Food & Beverage,220000,0,21,0,21
2024-05-16,Makassar,SKU_BATIK_TULIS,Fashion Premium,1200000,0,2,0,2
2024-05-17,Jakarta,SKU_HIJAB_INSTAN,Fashion,65000,0,188,0,188
2024-05-17,Jakarta,SKU_KOPI_GAYO,Food & Beverage,220000,0,87,0,87
2024-05-17,Jakarta,SKU_BATIK_TULIS,Fashion Premium,1200000,0,21,0,21
2024-05-17,Surabaya,SKU_HIJAB_INSTAN,Fashion,65000,0,113,0,113
2024-05-17,Surabaya,SKU_KOPI_GAYO,Food & Beverage,220000,0,61,0,61
2024-05-17,Surabaya,SKU_BATIK_TULIS,Fashion Premium,1200000,0,13,0,13
2024-05-17,Medan,SKU_HIJAB_INSTAN,Fashion,65000,0,66,0,66
2024-05-17,Medan,SKU_KOPI_GAYO,Food & Beverage,220000,0,44,0,44
2024-05-17,Medan,SKU_BATIK_TULIS,Fashion Premium,1200000,0,9,0,9
2024-05-17,Makassar,SKU_HIJAB_INSTAN,Fashion,65000,0,30,0,30
2024-05-17,Makassar,SKU_KOPI_GAYO,Food & Beverage,220000,0,23,0,23
2024-05-17,Makassar,SKU_BATIK_TULIS,Fashion Premium,1200000,0,4,0,4
2024-05-18,Jakarta,SKU_HIJAB_INSTAN,Fashion,65000,0,219,0,219
2024-05-18,Jakarta,SKU_KOPI_GAYO,Food & Beverage,220000,0,107,0,107
2024-05-18,Jakarta,SKU_BATIK_TULIS,Fashion Premium,1200000,0,23,0,23
2024-05-18,Surabaya,SKU_HIJAB_INSTAN,Fashion,65000,0,167,0,167
2024-05-18,Surabaya,SKU_KOPI_GAYO,Food & Beverage,220000,0,62,0,62
2024-05-18,Surabaya,SKU_BATIK_TULIS,Fashion Premium,1200000,0,12,0,12
2024-05-18,Medan,SKU_HIJAB_INSTAN,Fashion,65000,0,106,0,106
2024-05-18,Medan,SKU_KOPI_GAYO,Food & Beverage,220000,0,33,0,33
2024-05-18,Medan,SKU_BATIK_TULIS,Fashion Premium,1200000,0,13,0,13
2024-05-18,Makassar,SKU_HIJAB_INSTAN,Fashion,65000,0,24,0,24
2024-05-18,Makassar,SKU_KOPI_GAYO,Food & Beverage,220000,0,18,0,18
2024-05-18,Makassar,SKU_BATIK_TULIS,Fashion Premium,1200000,0,6,0,6
2024-05-19,Jakarta,SKU_HIJAB_INSTAN,Fashion,65000,0,210,0,210
2024-05-19,Jakarta,SKU_KOPI_GAYO,Food & Beverage,220000,0,98,0,98
2024-05-19,Jakarta,SKU_BATIK_TULIS,Fashion Premium,1200000,0,25,0,25
2024-05-19,Surabaya,SKU_HIJAB_INSTAN,Fashion,65000,0,112,0,112
2024-05-19,Surabaya,SKU_KOPI_GAYO,Food & Beverage,220000,0,65,0,65
2024-05-19,Surabaya,SKU_BATIK_TULIS,Fashion Premium,1200000,0,12,0,12
2024-05-19,Medan,SKU_HIJAB_INSTAN,Fashion,65000,0,58,0,58
2024-05-19,Medan,SKU_KOPI_GAYO,Food & Beverage,220000,0,50,0,50
2024-05-19,Medan,SKU_BATIK_TULIS,Fashion Premium,1200000,0,8,0,8
2024-05-19,Makassar,SKU_HIJAB_INSTAN,Fashion,65000,0,18,0,18
2024-05-19,Makassar,SKU_KOPI_GAYO,Food & Beverage,220000,0,24,0,24
2024-05-19,Makassar,SKU_BATIK_TULIS,Fashion Premium,1200000,0,5,0,5
2024-05-20,Jakarta,SKU_HIJAB_INSTAN,Fashion,65000,0,169,0,169
2024-05-20,Jakarta,SKU_KOPI_GAYO,Food & Beverage,220000,0,85,0,85
2024-05-20,Jakarta,SKU_BATIK_TULIS,Fashion Premium,1200000,0,16,0,16
2024-05-20,Surabaya,SKU_HIJAB_INSTAN,Fashion,65000,0,118,0,118
2024-05-20,Surabaya,SKU_KOPI_GAYO,Food & Beverage,220000,0,54,0,54
2024-05-20,Surabaya,SKU_BATIK_TULIS,Fashion Premium,1200000,0,7,0,7
2024-05-20,Medan,SKU_HIJAB_INSTAN,Fashion,65000,0,65,0,65
2024-05-20,Medan,SKU_KOPI_GAYO,Food & Beverage,220000,0,38,0,38
2024-05-20,Medan,SKU_BATIK_TULIS,Fashion Premium,1200000,0,8,0,8
2024-05-20,Makassar,SKU_HIJAB_INSTAN,Fashion,65000,0,42,0,42
2024-05-20,Makassar,SKU_KOPI_GAYO,Food & Beverage,220000,0,11,0,11
2024-05-20,Makassar,SKU_BATIK_TULIS,Fashion Premium,1200000,0,3,0,3
2024-05-21,Jakarta,SKU_HIJAB_INSTAN,Fashion,65000,0,181,0,181
2024-05-21,Jakarta,SKU_KOPI_GAYO,Food & Beverage,220000,0,92,0,92
2024-05-21,Jakarta,SKU_BATIK_TULIS,Fashion Premium,1200000,0,17,1,0
2024-05-21,Surabaya,SKU_HIJAB_INSTAN,Fashion,65000,0,84,0,84
2024-05-21,Surabaya,SKU_KOPI_GAYO,Food & Beverage,220000,0,58,0,58
2024-05-21,Surabaya,SKU_BATIK_TULIS,Fashion Premium,1200000,0,10,0,10
2024-05-21,Medan,SKU_HIJAB_INSTAN,Fashion,65000,0,77,0,77
2024-05-21,Medan,SKU_KOPI_GAYO,Food & Beverage,220000,0,36,0,36
2024-05-21,Medan,SKU_BATIK_TULIS,Fashion Premium,1200000,0,6,1,0
2024-05-21,Makassar,SKU_HIJAB_INSTAN,Fashion,65000,0,49,0,49
2024-05-21,Makassar,SKU_KOPI_GAYO,Food & Beverage,220000,0,21,0,21
2024-05-21,Makassar,SKU_BATIK_TULIS,Fashion Premium,1200000,0,2,0,2
2024-05-22,Jakarta,SKU_HIJAB_INSTAN,Fashion,65000,0,176,0,176
2024-05-22,Jakarta,SKU_KOPI_GAYO,Food & Beverage,220000,0,87,0,87
2024-05-22,Jakarta,SKU_BATIK_TULIS,Fashion Premium,1200000,0,16,0,16
2024-05-22,Surabaya,SKU_HIJAB_INSTAN,Fashion,65000,0,112,0,112
2024-05-22,Surabaya,SKU_KOPI_GAYO,Food & Beverage,220000,0,55,0,55
2024-05-22,Surabaya,SKU_BATIK_TULIS,Fashion Premium,1200000,0,11,0,11
2024-05-22,Medan,SKU_HIJAB_INSTAN,Fashion,65000,0,83,0,83
2024-05-22,Medan,SKU_KOPI_GAYO,Food & Beverage,220000,0,35,0,35
2024-05-22,Medan,SKU_BATIK_TULIS,Fashion Premium,1200000,0,8,0,8
2024-05-22,Makassar,SKU_HIJAB_INSTAN,Fashion,65000,0,26,0,26
2024-05-22,Makassar,SKU_KOPI_GAYO,Food & Beverage,220000,0,26,0,26
2024-05-22,Makassar,SKU_BATIK_TULIS,Fashion Premium,1200000,0,2,0,2
2024-05-23,Jakarta,SKU_HIJAB_INSTAN,Fashion,65000,0,165,0,165
2024-05-23,Jakarta,SKU_KOPI_GAYO,Food & Beverage,220000,0,94,0,94
2024-05-23,Jakarta,SKU_BATIK_TULIS,Fashion Premium,1200000,0,19,0,19
2024-05-23,Surabaya,SKU_HIJAB_INSTAN,Fashion,65000,0,109,0,109
2024-05-23,Surabaya,SKU_KOPI_GAYO,Food & Beverage,220000,0,46,0,46
2024-05-23,Surabaya,SKU_BATIK_TULIS,Fashion Premium,1200000,0,9,0,9
2024-05-23,Medan,SKU_HIJAB_INSTAN,Fashion,65000,0,67,0,67
2024-05-23,Medan,SKU_KOPI_GAYO,Food & Beverage,220000,0,42,0,42
2024-05-23,Medan,SKU_BATIK_TULIS,Fashion Premium,1200000,0,7,0,7
2024-05-23,Makassar,SKU_HIJAB_INSTAN,Fashion,65000,0,20,0,20
2024-05-23,Makassar,SKU_KOPI_GAYO,Food & Beverage,220000,0,27,0,27
2024-05-23,Makassar,SKU_BATIK_TULIS,Fashion Premium,1200000,0,2,0,2
2024-05-24,Jakarta,SKU_HIJAB_INSTAN,Fashion,65000,0,192,0,192
2024-05-24,Jakarta,SKU_KOPI_GAYO,Food & Beverage,220000,0,100,0,100
2024-05-24,Jakarta,SKU_BATIK_TULIS,Fashion Premium,1200000,0,21,0,21
2024-05-24,Surabaya,SKU_HIJAB_INSTAN,Fashion,65000,0,125,0,125
2024-05-24,Surabaya,SKU_KOPI_GAYO,Food & Beverage,220000,0,68,0,68
2024-05-24,Surabaya,SKU_BATIK_TULIS,Fashion Premium,1200000,0,14,0,14
2024-05-24,Medan,SKU_HIJAB_INSTAN,Fashion,65000,0,75,0,75
2024-05-24,Medan,SKU_KOPI_GAYO,Food & Beverage,220000,0,38,0,38
2024-05-24,Medan,SKU_BATIK_TULIS,Fashion Premium,1200000,0,5,0,5
2024-05-24,Makassar,SKU_HIJAB_INSTAN,Fashion,65000,0,29,0,29
2024-05-24,Makassar,SKU_KOPI_GAYO,Food & Beverage,220000,0,3,0,3
2024-05-24,Makassar,SKU_BATIK_TULIS,Fashion Premium,1200000,0,2,0,2
2024-05-25,Jakarta,SKU_HIJAB_INSTAN,Fashion,65000,0,200,0,200
2024-05-25,Jakarta,SKU_KOPI_GAYO,Food & Beverage,220000,0,106,0,106
2024-05-25,Jakarta,SKU_BATIK_TULIS,Fashion Premium,1200000,0,25,0,25
2024-05-25,Surabaya,SKU_HIJAB_INSTAN,Fashion,52000,1,200,0,200
2024-05-25,Surabaya,SKU_KOPI_GAYO,Food & Beverage,220000,0,70,0,70
2024-05-25,Surabaya,SKU_BATIK_TULIS,Fashion Premium,1200000,0,17,0,17
2024-05-25,Medan,SKU_HIJAB_INSTAN,Fashion,52000,1,145,0,145
2024-05-25,Medan,SKU_KOPI_GAYO,Food & Beverage,220000,0,53,0,53
2024-05-25,Medan,SKU_BATIK_TULIS,Fashion Premium,1200000,0,12,0,12
2024-05-25,Makassar,SKU_HIJAB_INSTAN,Fashion,65000,0,46,0,46
2024-05-25,Makassar,SKU_KOPI_GAYO,Food & Beverage,220000,0,29,0,29
2024-05-25,Makassar,SKU_BATIK_TULIS,Fashion Premium,1200000,0,7,0,7
2024-05-26,Jakarta,SKU_HIJAB_INSTAN,Fashion,52000,1,312,0,312
2024-05-26,Jakarta,SKU_KOPI_GAYO,Food & Beverage,220000,0,120,0,120
2024-05-26,Jakarta,SKU_BATIK_TULIS,Fashion Premium,960000,1,37,0,37
2024-05-26,Surabaya,SKU_HIJAB_INSTAN,Fashion,52000,1,219,0,219
2024-05-26,Surabaya,SKU_KOPI_GAYO,Food & Beverage,220000,0,53,0,53
2024-05-26,Surabaya,SKU_BATIK_TULIS,Fashion Premium,1200000,0,18,0,18
2024-05-26,Medan,SKU_HIJAB_INSTAN,Fashion,65000,0,79,0,79
2024-05-26,Medan,SKU_KOPI_GAYO,Food & Beverage,176000,1,32,0,32
2024-05-26,Medan,SKU_BATIK_TULIS,Fashion Premium,1200000,0,10,0,10
2024-05-26,Makassar,SKU_HIJAB_INSTAN,Fashion,52000,1,106,0,106
2024-05-26,Makassar,SKU_KOPI_GAYO,Food & Beverage,220000,0,21,0,21
2024-05-26,Makassar,SKU_BATIK_TULIS,Fashion Premium,1200000,0,7,0,7
2024-05-27,Jakarta,SKU_HIJAB_INSTAN,Fashion,65000,0,167,0,167
2024-05-27,Jakarta,SKU_KOPI_GAYO,Food & Beverage,220000,0,96,0,96
2024-05-27,Jakarta,SKU_BATIK_TULIS,Fashion Premium,960000,1,26,0,26
2024-05-27,Surabaya,SKU_HIJAB_INSTAN,Fashion,65000,0,116,0,116
2024-05-27,Surabaya,SKU_KOPI_GAYO,Food & Beverage,220000,0,56,0,56
2024-05-27,Surabaya,SKU_BATIK_TULIS,Fashion Premium,1200000,0,11,0,11
2024-05-27,Medan,SKU_HIJAB_INSTAN,Fashion,65000,0,71,0,71
2024-05-27,Medan,SKU_KOPI_GAYO,Food & Beverage,176000,1,71,0,71
2024-05-27,Medan,SKU_BATIK_TULIS,Fashion Premium,960000,1,10,0,10
2024-05-27,Makassar,SKU_HIJAB_INSTAN,Fashion,65000,0,49,0,49
2024-05-27,Makassar,SKU_KOPI_GAYO,Food & Beverage,176000,1,28,0,28
2024-05-27,Makassar,SKU_BATIK_TULIS,Fashion Premium,960000,1,2,0,2
2024-05-28,Jakarta,SKU_HIJAB_INSTAN,Fashion,65000,0,200,0,200
2024-05-28,Jakarta,SKU_KOPI_GAYO,Food & Beverage,176000,1,143,0,143
2024-05-28,Jakarta,SKU_BATIK_TULIS,Fashion Premium,1200000,0,21,0,21
2024-05-28,Surabaya,SKU_HIJAB_INSTAN,Fashion,65000,0,120,0,120
2024-05-28,Surabaya,SKU_KOPI_GAYO,Food & Beverage,176000,1,73,0,73
2024-05-28,Surabaya,SKU_BATIK_TULIS,Fashion Premium,960000,1,17,0,17
2024-05-28,Medan,SKU_HIJAB_INSTAN,Fashion,52000,1,109,0,109
2024-05-28,Medan,SKU_KOPI_GAYO,Food & Beverage,220000,0,37,0,37
2024-05-28,Medan,SKU_BATIK_TULIS,Fashion Premium,960000,1,9,0,9
2024-05-28,Makassar,SKU_HIJAB_INSTAN,Fashion,65000,0,31,0,31
2024-05-28,Makassar,SKU_KOPI_GAYO,Food & Beverage,176000,1,29,0,29
2024-05-28,Makassar,SKU_BATIK_TULIS,Fashion Premium,960000,1,6,0,6
2024-05-29,Jakarta,SKU_HIJAB_INSTAN,Fashion,65000,0,185,0,185
2024-05-29,Jakarta,SKU_KOPI_GAYO,Food & Beverage,220000,0,97,0,97
2024-05-29,Jakarta,SKU_BATIK_TULIS,Fashion Premium,1200000,0,19,0,19
2024-05-29,Surabaya,SKU_HIJAB_INSTAN,Fashion,65000,0,111,0,111
2024-05-29,Surabaya,SKU_KOPI_GAYO,Food & Beverage,220000,0,51,0,51
2024-05-29,Surabaya,SKU_BATIK_TULIS,Fashion Premium,1200000,0,11,0,11
2024-05-29,Medan,SKU_HIJAB_INSTAN,Fashion,65000,0,86,0,86
2024-05-29,Medan,SKU_KOPI_GAYO,Food & Beverage,220000,0,34,0,34
2024-05-29,Medan,SKU_BATIK_TULIS,Fashion Premium,1200000,0,4,0,4
2024-05-29,Makassar,SKU_HIJAB_INSTAN,Fashion,65000,0,29,0,29
2024-05-29,Makassar,SKU_KOPI_GAYO,Food & Beverage,220000,0,9,0,9
2024-05-29,Makassar,SKU_BATIK_TULIS,Fashion Premium,1200000,0,2,0,2
2024-05-30,Jakarta,SKU_HIJAB_INSTAN,Fashion,65000,0,175,0,175
2024-05-30,Jakarta,SKU_KOPI_GAYO,Food & Beverage,220000,0,91,0,91
2024-05-30,Jakarta,SKU_BATIK_TULIS,Fashion Premium,1200000,0,20,0,20
2024-05-30,Surabaya,SKU_HIJAB_INSTAN,Fashion,65000,0,118,0,118
2024-05-30,Surabaya,SKU_KOPI_GAYO,Food & Beverage,220000,0,53,0,53
2024-05-30,Surabaya,SKU_BATIK_TULIS,Fashion Premium,1200000,0,12,0,12
2024-05-30,Medan,SKU_HIJAB_INSTAN,Fashion,65000,0,79,0,79
2024-05-30,Medan,SKU_KOPI_GAYO,Food & Beverage,220000,0,40,0,40
2024-05-30,Medan,SKU_BATIK_TULIS,Fashion Premium,1200000,0,6,0,6
2024-05-30,Makassar,SKU_HIJAB_INSTAN,Fashion,65000,0,47,0,47
2024-05-30,Makassar,SKU_KOPI_GAYO,Food & Beverage,220000,0,19,0,19
2024-05-30,Makassar,SKU_BATIK_TULIS,Fashion Premium,1200000,0,3,0,3
2024-05-31,Jakarta,SKU_HIJAB_INSTAN,Fashion,65000,0,180,0,180
2024-05-31,Jakarta,SKU_KOPI_GAYO,Food & Beverage,220000,0,92,0,92
2024-05-31,Jakarta,SKU_BATIK_TULIS,Fashion Premium,1200000,0,24,0,24
2024-05-31,Surabaya,SKU_HIJAB_INSTAN,Fashion,65000,0,123,0,123
2024-05-31,Surabaya,SKU_KOPI_GAYO,Food & Beverage,220000,0,52,0,52
2024-05-31,Surabaya,SKU_BATIK_TULIS,Fashion Premium,1200000,0,13,0,13
2024-05-31,Medan,SKU_HIJAB_INSTAN,Fashion,65000,0,84,0,84
2024-05-31,Medan,SKU_KOPI_GAYO,Food & Beverage,220000,0,34,0,34
2024-05-31,Medan,SKU_BATIK_TULIS,Fashion Premium,1200000,0,10,0,10
2024-05-31,Makassar,SKU_HIJAB_INSTAN,Fashion,65000,0,12,0,12
2024-05-31,Makassar,SKU_KOPI_GAYO,Food & Beverage,220000,0,24,0,24
2024-05-31,Makassar,SKU_BATIK_TULIS,Fashion Premium,1200000,0,5,0,5
2024-06-01,Jakarta,SKU_HIJAB_INSTAN,Fashion,65000,0,215,0,215
2024-06-01,Jakarta,SKU_KOPI_GAYO,Food & Beverage,220000,0,96,0,96
2024-06-01,Jakarta,SKU_BATIK_TULIS,Fashion Premium,1200000,0,23,0,23
2024-06-01,Surabaya,SKU_HIJAB_INSTAN,Fashion,65000,0,127,0,127
2024-06-01,Surabaya,SKU_KOPI_GAYO,Food & Beverage,220000,0,62,0,62
2024-06-01,Surabaya,SKU_BATIK_TULIS,Fashion Premium,1200000,0,16,0,16
2024-06-01,Medan,SKU_HIJAB_INSTAN,Fashion,65000,0,72,0,72
2024-06-01,Medan,SKU_KOPI_GAYO,Food & Beverage,220000,0,36,0,36
2024-06-01,Medan,SKU_BATIK_TULIS,Fashion Premium,1200000,0,9,0,9
2024-06-01,Makassar,SKU_HIJAB_INSTAN,Fashion,65000,0,18,0,18
2024-06-01,Makassar,SKU_KOPI_GAYO,Food & Beverage,220000,0,29,0,29
2024-06-01,Makassar,SKU_BATIK_TULIS,Fashion Premium,1200000,0,9,0,9
2024-06-02,Jakarta,SKU_HIJAB_INSTAN,Fashion,65000,0,222,0,222
2024-06-02,Jakarta,SKU_KOPI_GAYO,Food & Beverage,220000,0,90,0,90
2024-06-02,Jakarta,SKU_BATIK_TULIS,Fashion Premium,1200000,0,26,0,26
2024-06-02,Surabaya,SKU_HIJAB_INSTAN,Fashion,65000,0,117,0,117
2024-06-02,Surabaya,SKU_KOPI_GAYO,Food & Beverage,220000,0,63,0,63
2024-06-02,Surabaya,SKU_BATIK_TULIS,Fashion Premium,1200000,0,15,0,15
2024-06-02,Medan,SKU_HIJAB_INSTAN,Fashion,65000,0,43,0,43
2024-06-02,Medan,SKU_KOPI_GAYO,Food & Beverage,220000,0,39,0,39
2024-06-02,Medan,SKU_BATIK_TULIS,Fashion Premium,1200000,0,7,0,7
2024-06-02,Makassar,SKU_HIJAB_INSTAN,Fashion,65000,0,10,0,10
2024-06-02,Makassar,SKU_KOPI_GAYO,Food & Beverage,220000,0,21,0,21
2024-06-02,Makassar,SKU_BATIK_TULIS,Fashion Premium,1200000,0,5,0,5
2024-06-03,Jakarta,SKU_HIJAB_INSTAN,Fashion,65000,0,158,0,158
2024-06-03,Jakarta,SKU_KOPI_GAYO,Food & Beverage,220000,0,89,0,89
2024-06-03,Jakarta,SKU_BATIK_TULIS,Fashion Premium,1200000,0,17,0,17
2024-06-03,Surabaya,SKU_HIJAB_INSTAN,Fashion,65000,0,97,0,97
2024-06-03,Surabaya,SKU_KOPI_GAYO,Food & Beverage,220000,0,44,0,44
2024-06-03,Surabaya,SKU_BATIK_TULIS,Fashion Premium,1200000,0,10,1,0
2024-06-03,Medan,SKU_HIJAB_INSTAN,Fashion,65000,0,62,0,62
2024-06-03,Medan,SKU_KOPI_GAYO,Food & Beverage,220000,0,31,0,31
2024-06-03,Medan,SKU_BATIK_TULIS,Fashion Premium,1200000,0,5,0,5
2024-06-03,Makassar,SKU_HIJAB_INSTAN,Fashion,65000,0,29,0,29
2024-06-03,Makassar,SKU_KOPI_GAYO,Food & Beverage,220000,0,6,0,6
2024-06-03,Makassar,SKU_BATIK_TULIS,Fashion Premium,1200000,0,3,0,3
2024-06-04,Jakarta,SKU_HIJAB_INSTAN,Fashion,65000,0,175,0,175
2024-06-04,Jakarta,SKU_KOPI_GAYO,Food & Beverage,220000,0,87,0,87
2024-06-04,Jakarta,SKU_BATIK_TULIS,Fashion Premium,1200000,0,16,0,16
2024-06-04,Surabaya,SKU_HIJAB_INSTAN,Fashion,65000,0,111,0,111
2024-06-04,Surabaya,SKU_KOPI_GAYO,Food & Beverage,220000,0,55,0,55
2024-06-04,Surabaya,SKU_BATIK_TULIS,Fashion Premium,1200000,0,9,0,9
2024-06-04,Medan,SKU_HIJAB_INSTAN,Fashion,65000,0,56,0,56
2024-06-04,Medan,SKU_KOPI_GAYO,Food & Beverage,220000,0,49,0,49
2024-06-04,Medan,SKU_BATIK_TULIS,Fashion Premium,1200000,0,7,0,7
2024-06-04,Makassar,SKU_HIJAB_INSTAN,Fashion,65000,0,32,0,32
2024-06-04,Makassar,SKU_KOPI_GAYO,Food & Beverage,220000,0,21,0,21
2024-06-04,Makassar,SKU_BATIK_TULIS,Fashion Premium,1200000,0,2,0,2
2024-06-05,Jakarta,SKU_HIJAB_INSTAN,Fashion,65000,0,188,0,188
2024-06-05,Jakarta,SKU_KOPI_GAYO,Food & Beverage,220000,0,88,0,88
2024-06-05,Jakarta,SKU_BATIK_TULIS,Fashion Premium,1200000,0,15,0,15
2024-06-05,Surabaya,SKU_HIJAB_INSTAN,Fashion,65000,0,104,0,104
2024-06-05,Surabaya,SKU_KOPI_GAYO,Food & Beverage,220000,0,47,0,47
2024-06-05,Surabaya,SKU_BATIK_TULIS,Fashion Premium,1200000,0,10,0,10
2024-06-05,Medan,SKU_HIJAB_INSTAN,Fashion,65000,0,66,0,66
2024-06-05,Medan,SKU_KOPI_GAYO,Food & Beverage,220000,0,39,0,39
2024-06-05,Medan,SKU_BATIK_TULIS,Fashion Premium,1200000,0,9,0,9
2024-06-05,Makassar,SKU_HIJAB_INSTAN,Fashion,65000,0,46,0,46
2024-06-05,Makassar,SKU_KOPI_GAYO,Food & Beverage,220000,0,20,0,20
2024-06-05,Makassar,SKU_BATIK_TULIS,Fashion Premium,1200000,0,3,0,3
2024-06-06,Jakarta,SKU_HIJAB_INSTAN,Fashion,65000,0,186,0,186
2024-06-06,Jakarta,SKU_KOPI_GAYO,Food & Beverage,220000,0,102,0,102
2024-06-06,Jakarta,SKU_BATIK_TULIS,Fashion Premium,1200000,0,20,0,20
2024-06-06,Surabaya,SKU_HIJAB_INSTAN,Fashion,65000,0,82,0,82
2024-06-06,Surabaya,SKU_KOPI_GAYO,Food & Beverage,220000,0,48,0,48
2024-06-06,Surabaya,SKU_BATIK_TULIS,Fashion Premium,1200000,0,13,0,13
2024-06-06,Medan,SKU_HIJAB_INSTAN,Fashion,65000,0,76,0,76
2024-06-06,Medan,SKU_KOPI_GAYO,Food & Beverage,220000,0,46,0,46
2024-06-06,Medan,SKU_BATIK_TULIS,Fashion Premium,1200000,0,8,0,8
2024-06-06,Makassar,SKU_HIJAB_INSTAN,Fashion,65000,0,38,0,38
2024-06-06,Makassar,SKU_KOPI_GAYO,Food & Beverage,220000,0,19,0,19
2024-06-06,Makassar,SKU_BATIK_TULIS,Fashion Premium,1200000,0,3,0,3
2024-06-07,Jakarta,SKU_HIJAB_INSTAN,Fashion,65000,0,188,0,188
2024-06-07,Jakarta,SKU_KOPI_GAYO,Food & Beverage,220000,0,86,0,86
2024-06-07,Jakarta,SKU_BATIK_TULIS,Fashion Premium,1200000,0,21,0,21
2024-06-07,Surabaya,SKU_HIJAB_INSTAN,Fashion,65000,0,99,0,99
2024-06-07,Surabaya,SKU_KOPI_GAYO,Food & Beverage,220000,0,57,0,57
2024-06-07,Surabaya,SKU_BATIK_TULIS,Fashion Premium,1200000,0,12,0,12
2024-06-07,Medan,SKU_HIJAB_INSTAN,Fashion,65000,0,53,0,53
2024-06-07,Medan,SKU_KOPI_GAYO,Food & Beverage,220000,0,42,0,42
2024-06-07,Medan,SKU_BATIK_TULIS,Fashion Premium,1200000,0,8,0,8
2024-06-07,Makassar,SKU_HIJAB_INSTAN,Fashion,65000,0,51,0,51
2024-06-07,Makassar,SKU_KOPI_GAYO,Food & Beverage,220000,0,22,0,22
2024-06-07,Makassar,SKU_BATIK_TULIS,Fashion Premium,1200000,0,8,0,8
2024-06-08,Jakarta,SKU_HIJAB_INSTAN,Fashion,65000,0,211,0,211
2024-06-08,Jakarta,SKU_KOPI_GAYO,Food & Beverage,220000,0,94,0,94
2024-06-08,Jakarta,SKU_BATIK_TULIS,Fashion Premium,1200000,0,24,0,24
2024-06-08,Surabaya,SKU_HIJAB_INSTAN,Fashion,65000,0,137,0,137
2024-06-08,Surabaya,SKU_KOPI_GAYO,Food & Beverage,220000,0,65,0,65
2024-06-08,Surabaya,SKU_BATIK_TULIS,Fashion Premium,1200000,0,15,0,15
2024-06-08,Medan,SKU_HIJAB_INSTAN,Fashion,65000,0,89,0,89
2024-06-08,Medan,SKU_KOPI_GAYO,Food & Beverage,220000,0,47,0,47
2024-06-08,Medan,SKU_BATIK_TULIS,Fashion Premium,1200000,0,11,0,11
2024-06-08,Makassar,SKU_HIJAB_INSTAN,Fashion,65000,0,47,0,47
2024-06-08,Makassar,SKU_KOPI_GAYO,Food & Beverage,220000,0,10,0,10
2024-06-08,Makassar,SKU_BATIK_TULIS,Fashion Premium,1200000,0,3,0,3
2024-06-09,Jakarta,SKU_HIJAB_INSTAN,Fashion,65000,0,196,0,196
2024-06-09,Jakarta,SKU_KOPI_GAYO,Food & Beverage,220000,0,94,0,94
2024-06-09,Jakarta,SKU_BATIK_TULIS,Fashion Premium,1200000,0,22,0,22
2024-06-09,Surabaya,SKU_HIJAB_INSTAN,Fashion,65000,0,108,0,108
2024-06-09,Surabaya,SKU_KOPI_GAYO,Food & Beverage,220000,0,56,0,56
2024-06-09,Surabaya,SKU_BATIK_TULIS,Fashion Premium,1200000,0,14,0,14
2024-06-09,Medan,SKU_HIJAB_INSTAN,Fashion,65000,0,88,0,88
2024-06-09,Medan,SKU_KOPI_GAYO,Food & Beverage,220000,0,26,0,26
2024-06-09,Medan,SKU_BATIK_TULIS,Fashion Premium,1200000,0,8,1,0
2024-06-09,Makassar,SKU_HIJAB_INSTAN,Fashion,65000,0,16,0,16
2024-06-09,Makassar,SKU_KOPI_GAYO,Food & Beverage,220000,0,19,0,19
2024-06-09,Makassar,SKU_BATIK_TULIS,Fashion Premium,1200000,0,4,0,4
2024-06-10,Jakarta,SKU_HIJAB_INSTAN,Fashion,65000,0,165,0,165
2024-06-10,Jakarta,SKU_KOPI_GAYO,Food & Beverage,220000,0,86,0,86
2024-06-10,Jakarta,SKU_BATIK_TULIS,Fashion Premium,1200000,0,15,0,15
2024-06-10,Surabaya,SKU_HIJAB_INSTAN,Fashion,65000,0,98,0,98
2024-06-10,Surabaya,SKU_KOPI_GAYO,Food & Beverage,220000,0,56,0,56
2024-06-10,Surabaya,SKU_BATIK_TULIS,Fashion Premium,1200000,0,8,0,8
2024-06-10,Medan,SKU_HIJAB_INSTAN,Fashion,65000,0,52,0,52
2024-06-10,Medan,SKU_KOPI_GAYO,Food & Beverage,220000,0,37,0,37
2024-06-10,Medan,SKU_BATIK_TULIS,Fashion Premium,1200000,0,7,0,7
2024-06-10,Makassar,SKU_HIJAB_INSTAN,Fashion,65000,0,18,0,18
2024-06-10,Makassar,SKU_KOPI_GAYO,Food & Beverage,220000,0,8,0,8
2024-06-10,Makassar,SKU_BATIK_TULIS,Fashion Premium,1200000,0,2,0,2
2024-06-11,Jakarta,SKU_HIJAB_INSTAN,Fashion,65000,0,170,0,170
2024-06-11,Jakarta,SKU_KOPI_GAYO,Food & Beverage,220000,0,101,0,101
2024-06-11,Jakarta,SKU_BATIK_TULIS,Fashion Premium,1200000,0,18,0,18
2024-06-11,Surabaya,SKU_HIJAB_INSTAN,Fashion,65000,0,106,0,106
2024-06-11,Surabaya,SKU_KOPI_GAYO,Food & Beverage,220000,0,45,0,45
2024-06-11,Surabaya,SKU_BATIK_TULIS,Fashion Premium,1200000,0,11,0,11
2024-06-11,Medan,SKU_HIJAB_INSTAN,Fashion,65000,0,88,0,88
2024-06-11,Medan,SKU_KOPI_GAYO,Food & Beverage,220000,0,30,1,0
2024-06-11,Medan,SKU_BATIK_TULIS,Fashion Premium,1200000,0,6,0,6
2024-06-11,Makassar,SKU_HIJAB_INSTAN,Fashion,65000,0,44,0,44
2024-06-11,Makassar,SKU_KOPI_GAYO,Food & Beverage,220000,0,26,0,26
2024-06-11,Makassar,SKU_BATIK_TULIS,Fashion Premium,1200000,0,3,0,3
2024-06-12,Jakarta,SKU_HIJAB_INSTAN,Fashion,65000,0,188,0,188
2024-06-12,Jakarta,SKU_KOPI_GAYO,Food & Beverage,220000,0,93,0,93
2024-06-12,Jakarta,SKU_BATIK_TULIS,Fashion Premium,1200000,0,14,0,14
2024-06-12,Surabaya,SKU_HIJAB_INSTAN,Fashion,65000,0,110,0,110
2024-06-12,Surabaya,SKU_KOPI_GAYO,Food & Beverage,220000,0,55,0,55
2024-06-12,Surabaya,SKU_BATIK_TULIS,Fashion Premium,1200000,0,12,0,12
2024-06-12,Medan,SKU_HIJAB_INSTAN,Fashion,65000,0,71,0,71
2024-06-12,Medan,SKU_KOPI_GAYO,Food & Beverage,220000,0,39,1,0
2024-06-12,Medan,SKU_BATIK_TULIS,Fashion Premium,1200000,0,9,0,9
2024-06-12,Makassar,SKU_HIJAB_INSTAN,Fashion,65000,0,43,0,43
2024-06-12,Makassar,SKU_KOPI_GAYO,Food & Beverage,220000,0,14,0,14
2024-06-12,Makassar,SKU_BATIK_TULIS,Fashion Premium,1200000,0,3,0,3
2024-06-13,Jakarta,SKU_HIJAB_INSTAN,Fashion,65000,0,171,0,171
2024-06-13,Jakarta,SKU_KOPI_GAYO,Food & Beverage,220000,0,92,0,92
2024-06-13,Jakarta,SKU_BATIK_TULIS,Fashion Premium,1200000,0,19,0,19
2024-06-13,Surabaya,SKU_HIJAB_INSTAN,Fashion,65000,0,103,0,103
2024-06-13,Surabaya,SKU_KOPI_GAYO,Food & Beverage,220000,0,57,0,57
2024-06-13,Surabaya,SKU_BATIK_TULIS,Fashion Premium,1200000,0,9,0,9
2024-06-13,Medan,SKU_HIJAB_INSTAN,Fashion,65000,0,100,0,100
2024-06-13,Medan,SKU_KOPI_GAYO,Food & Beverage,220000,0,36,0,36
2024-06-13,Medan,SKU_BATIK_TULIS,Fashion Premium,1200000,0,7,0,7
2024-06-13,Makassar,SKU_HIJAB_INSTAN,Fashion,65000,0,56,0,56
2024-06-13,Makassar,SKU_KOPI_GAYO,Food & Beverage,220000,0,22,0,22
2024-06-13,Makassar,SKU_BATIK_TULIS,Fashion Premium,1200000,0,3,0,3
2024-06-14,Jakarta,SKU_HIJAB_INSTAN,Fashion,65000,0,187,0,187
2024-06-14,Jakarta,SKU_KOPI_GAYO,Food & Beverage,220000,0,103,0,103
2024-06-14,Jakarta,SKU_BATIK_TULIS,Fashion Premium,1200000,0,24,0,24
2024-06-14,Surabaya,SKU_HIJAB_INSTAN,Fashion,65000,0,107,0,107
2024-06-14,Surabaya,SKU_KOPI_GAYO,Food & Beverage,220000,0,67,0,67
2024-06-14,Surabaya,SKU_BATIK_TULIS,Fashion Premium,1200000,0,11,0,11
2024-06-14,Medan,SKU_HIJAB_INSTAN,Fashion,65000,0,99,0,99
2024-06-14,Medan,SKU_KOPI_GAYO,Food & Beverage,220000,0,41,0,41
2024-06-14,Medan,SKU_BATIK_TULIS,Fashion Premium,1200000,0,11,0,11
2024-06-14,Makassar,SKU_HIJAB_INSTAN,Fashion,65000,0,48,0,48
2024-06-14,Makassar,SKU_KOPI_GAYO,Food & Beverage,220000,0,16,0,16
2024-06-14,Makassar,SKU_BATIK_TULIS,Fashion Premium,1200000,0,4,0,4
2024-06-15,Jakarta,SKU_HIJAB_INSTAN,Fashion,65000,0,205,0,205
2024-06-15,Jakarta,SKU_KOPI_GAYO,Food & Beverage,220000,0,93,0,93
2024-06-15,Jakarta,SKU_BATIK_TULIS,Fashion Premium,1200000,0,26,0,26
2024-06-15,Surabaya,SKU_HIJAB_INSTAN,Fashion,65000,0,99,0,99
2024-06-15,Surabaya,SKU_KOPI_GAYO,Food & Beverage,220000,0,58,0,58
2024-06-15,Surabaya,SKU_BATIK_TULIS,Fashion Premium,1200000,0,15,0,15
2024-06-15,Medan,SKU_HIJAB_INSTAN,Fashion,65000,0,57,0,57
2024-06-15,Medan,SKU_KOPI_GAYO,Food & Beverage,220000,0,42,0,42
2024-06-15,Medan,SKU_BATIK_TULIS,Fashion Premium,1200000,0,11,0,11
2024-06-15,Makassar,SKU_HIJAB_INSTAN,Fashion,65000,0,50,0,50
2024-06-15,Makassar,SKU_KOPI_GAYO,Food & Beverage,220000,0,23,0,23
2024-06-15,Makassar,SKU_BATIK_TULIS,Fashion Premium,1200000,0,5,0,5
2024-06-16,Jakarta,SKU_HIJAB_INSTAN,Fashion,65000,0,187,0,187
2024-06-16,Jakarta,SKU_KOPI_GAYO,Food & Beverage,220000,0,108,0,108
2024-06-16,Jakarta,SKU_BATIK_TULIS,Fashion Premium,1200000,0,19,0,19
2024-06-16,Surabaya,SKU_HIJAB_INSTAN,Fashion,65000,0,118,0,118
2024-06-16,Surabaya,SKU_KOPI_GAYO,Food & Beverage,220000,0,54,0,54
2024-06-16,Surabaya,SKU_BATIK_TULIS,Fashion Premium,1200000,0,14,1,0
2024-06-16,Medan,SKU_HIJAB_INSTAN,Fashion,65000,0,69,0,69
2024-06-16,Medan,SKU_KOPI_GAYO,Food & Beverage,220000,0,47,0,47
2024-06-16,Medan,SKU_BATIK_TULIS,Fashion Premium,1200000,0,6,0,6
2024-06-16,Makassar,SKU_HIJAB_INSTAN,Fashion,65000,0,31,0,31
2024-06-16,Makassar,SKU_KOPI_GAYO,Food & Beverage,220000,0,17,0,17
2024-06-16,Makassar,SKU_BATIK_TULIS,Fashion Premium,1200000,0,5,0,5
2024-06-17,Jakarta,SKU_HIJAB_INSTAN,Fashion,65000,0,173,0,173
2024-06-17,Jakarta,SKU_KOPI_GAYO,Food & Beverage,220000,0,95,0,95
2024-06-17,Jakarta,SKU_BATIK_TULIS,Fashion Premium,1200000,0,19,0,19
2024-06-17,Surabaya,SKU_HIJAB_INSTAN,Fashion,65000,0,110,0,110
2024-06-17,Surabaya,SKU_KOPI_GAYO,Food & Beverage,220000,0,52,0,52
2024-06-17,Surabaya,SKU_BATIK_TULIS,Fashion Premium,1200000,0,10,0,10
2024-06-17,Medan,SKU_HIJAB_INSTAN,Fashion,65000,0,65,0,65
2024-06-17,Medan,SKU_KOPI_GAYO,Food & Beverage,220000,0,25,0,25
2024-06-17,Medan,SKU_BATIK_TULIS,Fashion Premium,1200000,0,4,0,4
2024-06-17,Makassar,SKU_HIJAB_INSTAN,Fashion,65000,0,30,0,30
2024-06-17,Makassar,SKU_KOPI_GAYO,Food & Beverage,220000,0,10,0,10
2024-06-17,Makassar,SKU_BATIK_TULIS,Fashion Premium,1200000,0,3,0,3
2024-06-18,Jakarta,SKU_HIJAB_INSTAN,Fashion,65000,0,182,0,182
2024-06-18,Jakarta,SKU_KOPI_GAYO,Food & Beverage,220000,0,87,0,87
2024-06-18,Jakarta,SKU_BATIK_TULIS,Fashion Premium,1200000,0,14,0,14
2024-06-18,Surabaya,SKU_HIJAB_INSTAN,Fashion,65000,0,110,0,110
2024-06-18,Surabaya,SKU_KOPI_GAYO,Food & Beverage,220000,0,50,0,50
2024-06-18,Surabaya,SKU_BATIK_TULIS,Fashion Premium,1200000,0,9,0,9
2024-06-18,Medan,SKU_HIJAB_INSTAN,Fashion,65000,0,99,0,99
2024-06-18,Medan,SKU_KOPI_GAYO,Food & Beverage,220000,0,42,0,42
2024-06-18,Medan,SKU_BATIK_TULIS,Fashion Premium,1200000,0,8,0,8
2024-06-18,Makassar,SKU_HIJAB_INSTAN,Fashion,65000,0,30,0,30
2024-06-18,Makassar,SKU_KOPI_GAYO,Food & Beverage,220000,0,32,0,32
2024-06-18,Makassar,SKU_BATIK_TULIS,Fashion Premium,1200000,0,2,0,2
2024-06-19,Jakarta,SKU_HIJAB_INSTAN,Fashion,65000,0,156,0,156
2024-06-19,Jakarta,SKU_KOPI_GAYO,Food & Beverage,220000,0,106,0,106
2024-06-19,Jakarta,SKU_BATIK_TULIS,Fashion Premium,1200000,0,15,0,15
2024-06-19,Surabaya,SKU_HIJAB_INSTAN,Fashion,65000,0,100,0,100
2024-06-19,Surabaya,SKU_KOPI_GAYO,Food & Beverage,220000,0,58,0,58
2024-06-19,Surabaya,SKU_BATIK_TULIS,Fashion Premium,1200000,0,10,0,10
2024-06-19,Medan,SKU_HIJAB_INSTAN,Fashion,65000,0,62,0,62
2024-06-19,Medan,SKU_KOPI_GAYO,Food & Beverage,220000,0,36,0,36
2024-06-19,Medan,SKU_BATIK_TULIS,Fashion Premium,1200000,0,7,0,7
2024-06-19,Makassar,SKU_HIJAB_INSTAN,Fashion,65000,0,38,0,38
2024-06-19,Makassar,SKU_KOPI_GAYO,Food & Beverage,220000,0,27,0,27
2024-06-19,Makassar,SKU_BATIK_TULIS,Fashion Premium,1200000,0,4,0,4
2024-06-20,Jakarta,SKU_HIJAB_INSTAN,Fashion,65000,0,179,0,179
2024-06-20,Jakarta,SKU_KOPI_GAYO,Food & Beverage,220000,0,95,0,95
2024-06-20,Jakarta,SKU_BATIK_TULIS,Fashion Premium,1200000,0,15,0,15
2024-06-20,Surabaya,SKU_HIJAB_INSTAN,Fashion,65000,0,107,0,107
2024-06-20,Surabaya,SKU_KOPI_GAYO,Food & Beverage,220000,0,58,0,58
2024-06-20,Surabaya,SKU_BATIK_TULIS,Fashion Premium,1200000,0,10,0,10
2024-06-20,Medan,SKU_HIJAB_INSTAN,Fashion,65000,0,67,0,67
2024-06-20,Medan,SKU_KOPI_GAYO,Food & Beverage,220000,0,44,0,44
2024-06-20,Medan,SKU_BATIK_TULIS,Fashion Premium,1200000,0,6,0,6
2024-06-20,Makassar,SKU_HIJAB_INSTAN,Fashion,65000,0,50,0,50
2024-06-20,Makassar,SKU_KOPI_GAYO,Food & Beverage,220000,0,31,0,31
2024-06-20,Makassar,SKU_BATIK_TULIS,Fashion Premium,1200000,0,3,0,3
2024-06-21,Jakarta,SKU_HIJAB_INSTAN,Fashion,65000,0,177,0,177
2024-06-21,Jakarta,SKU_KOPI_GAYO,Food & Beverage,220000,0,90,0,90
2024-06-21,Jakarta,SKU_BATIK_TULIS,Fashion Premium,1200000,0,25,0,25
2024-06-21,Surabaya,SKU_HIJAB_INSTAN,Fashion,65000,0,99,0,99
2024-06-21,Surabaya,SKU_KOPI_GAYO,Food & Beverage,220000,0,50,0,50
2024-06-21,Surabaya,SKU_BATIK_TULIS,Fashion Premium,1200000,0,10,0,10
2024-06-21,Medan,SKU_HIJAB_INSTAN,Fashion,65000,0,70,0,70
2024-06-21,Medan,SKU_KOPI_GAYO,Food & Beverage,220000,0,40,0,40
2024-06-21,Medan,SKU_BATIK_TULIS,Fashion Premium,1200000,0,11,0,11
2024-06-21,Makassar,SKU_HIJAB_INSTAN,Fashion,65000,0,33,0,33
2024-06-21,Makassar,SKU_KOPI_GAYO,Food & Beverage,220000,0,23,0,23
2024-06-21,Makassar,SKU_BATIK_TULIS,Fashion Premium,1200000,0,3,0,3
2024-06-22,Jakarta,SKU_HIJAB_INSTAN,Fashion,65000,0,192,0,192
2024-06-22,Jakarta,SKU_KOPI_GAYO,Food & Beverage,220000,0,108,0,108
2024-06-22,Jakarta,SKU_BATIK_TULIS,Fashion Premium,1200000,0,26,0,26
2024-06-22,Surabaya,SKU_HIJAB_INSTAN,Fashion,65000,0,138,0,138
2024-06-22,Surabaya,SKU_KOPI_GAYO,Food & Beverage,220000,0,60,0,60
2024-06-22,Surabaya,SKU_BATIK_TULIS,Fashion Premium,1200000,0,12,0,12
2024-06-22,Medan,SKU_HIJAB_INSTAN,Fashion,65000,0,100,0,100
2024-06-22,Medan,SKU_KOPI_GAYO,Food & Beverage,220000,0,34,0,34
2024-06-22,Medan,SKU_BATIK_TULIS,Fashion Premium,1200000,0,11,0,11
2024-06-22,Makassar,SKU_HIJAB_INSTAN,Fashion,65000,0,24,0,24
2024-06-22,Makassar,SKU_KOPI_GAYO,Food & Beverage,220000,0,11,0,11
2024-06-22,Makassar,SKU_BATIK_TULIS,Fashion Premium,1200000,0,3,0,3
2024-06-23,Jakarta,SKU_HIJAB_INSTAN,Fashion,65000,0,188,0,188
2024-06-23,Jakarta,SKU_KOPI_GAYO,Food & Beverage,220000,0,87,0,87
2024-06-23,Jakarta,SKU_BATIK_TULIS,Fashion Premium,1200000,0,27,0,27
2024-06-23,Surabaya,SKU_HIJAB_INSTAN,Fashion,65000,0,121,0,121
2024-06-23,Surabaya,SKU_KOPI_GAYO,Food & Beverage,220000,0,45,0,45
2024-06-23,Surabaya,SKU_BATIK_TULIS,Fashion Premium,1200000,0,12,0,12
2024-06-23,Medan,SKU_HIJAB_INSTAN,Fashion,65000,0,68,0,68
2024-06-23,Medan,SKU_KOPI_GAYO,Food & Beverage,220000,0,35,0,35
2024-06-23,Medan,SKU_BATIK_TULIS,Fashion Premium,1200000,0,10,0,10
2024-06-23,Makassar,SKU_HIJAB_INSTAN,Fashion,65000,0,43,0,43
2024-06-23,Makassar,SKU_KOPI_GAYO,Food & Beverage,220000,0,19,0,19
2024-06-23,Makassar,SKU_BATIK_TULIS,Fashion Premium,1200000,0,2,0,2
2024-06-24,Jakarta,SKU_HIJAB_INSTAN,Fashion,65000,0,174,0,174
2024-06-24,Jakarta,SKU_KOPI_GAYO,Food & Beverage,220000,0,78,0,78
2024-06-24,Jakarta,SKU_BATIK_TULIS,Fashion Premium,1200000,0,15,0,15
2024-06-24,Surabaya,SKU_HIJAB_INSTAN,Fashion,65000,0,104,1,0
2024-06-24,Surabaya,SKU_KOPI_GAYO,Food & Beverage,220000,0,55,0,55
2024-06-24,Surabaya,SKU_BATIK_TULIS,Fashion Premium,1200000,0,9,0,9
2024-06-24,Medan,SKU_HIJAB_INSTAN,Fashion,65000,0,69,0,69
2024-06-24,Medan,SKU_KOPI_GAYO,Food & Beverage,220000,0,36,0,36
2024-06-24,Medan,SKU_BATIK_TULIS,Fashion Premium,1200000,0,4,0,4
2024-06-24,Makassar,SKU_HIJAB_INSTAN,Fashion,65000,0,15,0,15
2024-06-24,Makassar,SKU_KOPI_GAYO,Food & Beverage,220000,0,23,0,23
2024-06-24,Makassar,SKU_BATIK_TULIS,Fashion Premium,1200000,0,4,0,4
2024-06-25,Jakarta,SKU_HIJAB_INSTAN,Fashion,52000,1,272,0,272
2024-06-25,Jakarta,SKU_KOPI_GAYO,Food & Beverage,176000,1,138,0,138
2024-06-25,Jakarta,SKU_BATIK_TULIS,Fashion Premium,960000,1,28,0,28
2024-06-25,Surabaya,SKU_HIJAB_INSTAN,Fashion,52000,1,175,0,175
2024-06-25,Surabaya,SKU_KOPI_GAYO,Food & Beverage,176000,1,80,0,80
2024-06-25,Surabaya,SKU_BATIK_TULIS,Fashion Premium,1200000,0,13,0,13
2024-06-25,Medan,SKU_HIJAB_INSTAN,Fashion,52000,1,143,0,143
2024-06-25,Medan,SKU_KOPI_GAYO,Food & Beverage,220000,0,30,0,30
2024-06-25,Medan,SKU_BATIK_TULIS,Fashion Premium,1200000,0,7,0,7
2024-06-25,Makassar,SKU_HIJAB_INSTAN,Fashion,52000,1,86,0,86
2024-06-25,Makassar,SKU_KOPI_GAYO,Food & Beverage,176000,1,59,0,59
2024-06-25,Makassar,SKU_BATIK_TULIS,Fashion Premium,960000,1,2,0,2
2024-06-26,Jakarta,SKU_HIJAB_INSTAN,Fashion,65000,0,208,0,208
2024-06-26,Jakarta,SKU_KOPI_GAYO,Food & Beverage,176000,1,143,0,143
2024-06-26,Jakarta,SKU_BATIK_TULIS,Fashion Premium,960000,1,32,0,32
2024-06-26,Surabaya,SKU_HIJAB_INSTAN,Fashion,65000,0,91,0,91
2024-06-26,Surabaya,SKU_KOPI_GAYO,Food & Beverage,220000,0,60,0,60
2024-06-26,Surabaya,SKU_BATIK_TULIS,Fashion Premium,1200000,0,13,0,13
2024-06-26,Medan,SKU_HIJAB_INSTAN,Fashion,65000,0,72,0,72
2024-06-26,Medan,SKU_KOPI_GAYO,Food & Beverage,220000,0,42,0,42
2024-06-26,Medan,SKU_BATIK_TULIS,Fashion Premium,960000,1,15,0,15
2024-06-26,Makassar,SKU_HIJAB_INSTAN,Fashion,65000,0,53,0,53
2024-06-26,Makassar,SKU_KOPI_GAYO,Food & Beverage,220000,0,31,0,31
2024-06-26,Makassar,SKU_BATIK_TULIS,Fashion Premium,1200000,0,5,0,5
2024-06-27,Jakarta,SKU_HIJAB_INSTAN,Fashion,52000,1,290,0,290
2024-06-27,Jakarta,SKU_KOPI_GAYO,Food & Beverage,176000,1,167,0,167
2024-06-27,Jakarta,SKU_BATIK_TULIS,Fashion Premium,1200000,0,19,0,19
2024-06-27,Surabaya,SKU_HIJAB_INSTAN,Fashion,65000,0,129,0,129
2024-06-27,Surabaya,SKU_KOPI_GAYO,Food & Beverage,176000,1,102,0,102
2024-06-27,Surabaya,SKU_BATIK_TULIS,Fashion Premium,1200000,0,15,0,15
2024-06-27,Medan,SKU_HIJAB_INSTAN,Fashion,52000,1,98,0,98
2024-06-27,Medan,SKU_KOPI_GAYO,Food & Beverage,176000,1,52,0,52
2024-06-27,Medan,SKU_BATIK_TULIS,Fashion Premium,1200000,0,11,0,11
2024-06-27,Makassar,SKU_HIJAB_INSTAN,Fashion,52000,1,50,0,50
2024-06-27,Makassar,SKU_KOPI_GAYO,Food & Beverage,176000,1,19,0,19
2024-06-27,Makassar,SKU_BATIK_TULIS,Fashion Premium,960000,1,8,0,8
2024-06-28,Jakarta,SKU_HIJAB_INSTAN,Fashion,52000,1,276,0,276
2024-06-28,Jakarta,SKU_KOPI_GAYO,Food & Beverage,220000,0,109,0,109
2024-06-28,Jakarta,SKU_BATIK_TULIS,Fashion Premium,1200000,0,24,0,24
2024-06-28,Surabaya,SKU_HIJAB_INSTAN,Fashion,52000,1,151,0,151
2024-06-28,Surabaya,SKU_KOPI_GAYO,Food & Beverage,220000,0,55,0,55
2024-06-28,Surabaya,SKU_BATIK_TULIS,Fashion Premium,960000,1,16,0,16
2024-06-28,Medan,SKU_HIJAB_INSTAN,Fashion,52000,1,72,0,72
2024-06-28,Medan,SKU_KOPI_GAYO,Food & Beverage,220000,0,32,0,32
2024-06-28,Medan,SKU_BATIK_TULIS,Fashion Premium,1200000,0,9,0,9
2024-06-28,Makassar,SKU_HIJAB_INSTAN,Fashion,52000,1,32,0,32
2024-06-28,Makassar,SKU_KOPI_GAYO,Food & Beverage,176000,1,25,0,25
2024-06-28,Makassar,SKU_BATIK_TULIS,Fashion Premium,960000,1,5,0,5
2024-06-29,Jakarta,SKU_HIJAB_INSTAN,Fashion,65000,0,190,0,190
2024-06-29,Jakarta,SKU_KOPI_GAYO,Food & Beverage,220000,0,114,0,114
2024-06-29,Jakarta,SKU_BATIK_TULIS,Fashion Premium,1200000,0,22,0,22
2024-06-29,Surabaya,SKU_HIJAB_INSTAN,Fashion,65000,0,145,0,145
2024-06-29,Surabaya,SKU_KOPI_GAYO,Food & Beverage,220000,0,58,0,58
2024-06-29,Surabaya,SKU_BATIK_TULIS,Fashion Premium,1200000,0,17,0,17
2024-06-29,Medan,SKU_HIJAB_INSTAN,Fashion,65000,0,87,0,87
2024-06-29,Medan,SKU_KOPI_GAYO,Food & Beverage,220000,0,47,0,47
2024-06-29,Medan,SKU_BATIK_TULIS,Fashion Premium,1200000,0,9,0,9
2024-06-29,Makassar,SKU_HIJAB_INSTAN,Fashion,65000,0,48,0,48
2024-06-29,Makassar,SKU_KOPI_GAYO,Food & Beverage,220000,0,21,0,21
2024-06-29,Makassar,SKU_BATIK_TULIS,Fashion Premium,1200000,0,7,0,7
2024-06-30,Jakarta,SKU_HIJAB_INSTAN,Fashion,65000,0,232,0,232
2024-06-30,Jakarta,SKU_KOPI_GAYO,Food & Beverage,220000,0,92,0,92
2024-06-30,Jakarta,SKU_BATIK_TULIS,Fashion Premium,1200000,0,25,0,25
2024-06-30,Surabaya,SKU_HIJAB_INSTAN,Fashion,65000,0,143,0,143
2024-06-30,Surabaya,SKU_KOPI_GAYO,Food & Beverage,220000,0,71,0,71
2024-06-30,Surabaya,SKU_BATIK_TULIS,Fashion Premium,1200000,0,12,0,12
2024-06-30,Medan,SKU_HIJAB_INSTAN,Fashion,65000,0,100,0,100
2024-06-30,Medan,SKU_KOPI_GAYO,Food & Beverage,220000,0,42,0,42
2024-06-30,Medan,SKU_BATIK_TULIS,Fashion Premium,1200000,0,10,0,10
2024-06-30,Makassar,SKU_HIJAB_INSTAN,Fashion,65000,0,66,0,66
2024-06-30,Makassar,SKU_KOPI_GAYO,Food & Beverage,220000,0,12,0,12
2024-06-30,Makassar,SKU_BATIK_TULIS,Fashion Premium,1200000,0,4,0,4
2024-07-01,Jakarta,SKU_HIJAB_INSTAN,Fashion,65000,0,165,0,165
2024-07-01,Jakarta,SKU_KOPI_GAYO,Food & Beverage,220000,0,91,0,91
2024-07-01,Jakarta,SKU_BATIK_TULIS,Fashion Premium,1200000,0,16,1,0
2024-07-01,Surabaya,SKU_HIJAB_INSTAN,Fashion,65000,0,115,0,115
2024-07-01,Surabaya,SKU_KOPI_GAYO,Food & Beverage,220000,0,53,0,53
2024-07-01,Surabaya,SKU_BATIK_TULIS,Fashion Premium,1200000,0,11,0,11
2024-07-01,Medan,SKU_HIJAB_INSTAN,Fashion,65000,0,99,0,99
2024-07-01,Medan,SKU_KOPI_GAYO,Food & Beverage,220000,0,39,0,39
2024-07-01,Medan,SKU_BATIK_TULIS,Fashion Premium,1200000,0,5,0,5
2024-07-01,Makassar,SKU_HIJAB_INSTAN,Fashion,65000,0,26,0,26
2024-07-01,Makassar,SKU_KOPI_GAYO,Food & Beverage,220000,0,22,0,22
2024-07-01,Makassar,SKU_BATIK_TULIS,Fashion Premium,1200000,0,3,0,3
2024-07-02,Jakarta,SKU_HIJAB_INSTAN,Fashion,65000,0,177,0,177
2024-07-02,Jakarta,SKU_KOPI_GAYO,Food & Beverage,220000,0,103,0,103
2024-07-02,Jakarta,SKU_BATIK_TULIS,Fashion Premium,1200000,0,18,0,18
2024-07-02,Surabaya,SKU_HIJAB_INSTAN,Fashion,65000,0,98,0,98
2024-07-02,Surabaya,SKU_KOPI_GAYO,Food & Beverage,220000,0,53,0,53
2024-07-02,Surabaya,SKU_BATIK_TULIS,Fashion Premium,1200000,0,9,0,9
2024-07-02,Medan,SKU_HIJAB_INSTAN,Fashion,65000,0,57,0,57
2024-07-02,Medan,SKU_KOPI_GAYO,Food & Beverage,220000,0,49,0,49
2024-07-02,Medan,SKU_BATIK_TULIS,Fashion Premium,1200000,0,7,0,7
2024-07-02,Makassar,SKU_HIJAB_INSTAN,Fashion,65000,0,18,0,18
2024-07-02,Makassar,SKU_KOPI_GAYO,Food & Beverage,220000,0,29,0,29
2024-07-02,Makassar,SKU_BATIK_TULIS,Fashion Premium,1200000,0,2,0,2
2024-07-03,Jakarta,SKU_HIJAB_INSTAN,Fashion,65000,0,181,0,181
2024-07-03,Jakarta,SKU_KOPI_GAYO,Food & Beverage,220000,0,80,0,80
2024-07-03,Jakarta,SKU_BATIK_TULIS,Fashion Premium,1200000,0,17,0,17
2024-07-03,Surabaya,SKU_HIJAB_INSTAN,Fashion,65000,0,86,0,86
2024-07-03,Surabaya,SKU_KOPI_GAYO,Food & Beverage,220000,0,41,0,41
2024-07-03,Surabaya,SKU_BATIK_TULIS,Fashion Premium,1200000,0,11,0,11
2024-07-03,Medan,SKU_HIJAB_INSTAN,Fashion,65000,0,89,0,89
2024-07-03,Medan,SKU_KOPI_GAYO,Food & Beverage,220000,0,38,0,38
2024-07-03,Medan,SKU_BATIK_TULIS,Fashion Premium,1200000,0,10,0,10
2024-07-03,Makassar,SKU_HIJAB_INSTAN,Fashion,65000,0,26,0,26
2024-07-03,Makassar,SKU_KOPI_GAYO,Food & Beverage,220000,0,6,0,6
2024-07-03,Makassar,SKU_BATIK_TULIS,Fashion Premium,1200000,0,4,0,4
2024-07-04,Jakarta,SKU_HIJAB_INSTAN,Fashion,65000,0,169,0,169
2024-07-04,Jakarta,SKU_KOPI_GAYO,Food & Beverage,220000,0,92,0,92
2024-07-04,Jakarta,SKU_BATIK_TULIS,Fashion Premium,1200000,0,21,0,21
2024-07-04,Surabaya,SKU_HIJAB_INSTAN,Fashion,65000,0,102,0,102
2024-07-04,Surabaya,SKU_KOPI_GAYO,Food & Beverage,220000,0,55,0,55
2024-07-04,Surabaya,SKU_BATIK_TULIS,Fashion Premium,1200000,0,13,0,13
2024-07-04,Medan,SKU_HIJAB_INSTAN,Fashion,65000,0,70,0,70
2024-07-04,Medan,SKU_KOPI_GAYO,Food & Beverage,220000,0,40,0,40
2024-07-04,Medan,SKU_BATIK_TULIS,Fashion Premium,1200000,0,8,0,8
2024-07-04,Makassar,SKU_HIJAB_INSTAN,Fashion,65000,0,34,0,34
2024-07-04,Makassar,SKU_KOPI_GAYO,Food & Beverage,220000,0,17,0,17
2024-07-04,Makassar,SKU_BATIK_TULIS,Fashion Premium,1200000,0,3,0,3
2024-07-05,Jakarta,SKU_HIJAB_INSTAN,Fashion,65000,0,183,0,183
2024-07-05,Jakarta,SKU_KOPI_GAYO,Food & Beverage,220000,0,99,0,99
2024-07-05,Jakarta,SKU_BATIK_TULIS,Fashion Premium,1200000,0,21,0,21
2024-07-05,Surabaya,SKU_HIJAB_INSTAN,Fashion,65000,0,108,0,108
2024-07-05,Surabaya,SKU_KOPI_GAYO,Food & Beverage,220000,0,50,0,50
2024-07-05,Surabaya,SKU_BATIK_TULIS,Fashion Premium,1200000,0,16,0,16
2024-07-05,Medan,SKU_HIJAB_INSTAN,Fashion,65000,0,57,0,57
2024-07-05,Medan,SKU_KOPI_GAYO,Food & Beverage,220000,0,52,0,52
2024-07-05,Medan,SKU_BATIK_TULIS,Fashion Premium,1200000,0,8,0,8
2024-07-05,Makassar,SKU_HIJAB_INSTAN,Fashion,65000,0,32,0,32
2024-07-05,Makassar,SKU_KOPI_GAYO,Food & Beverage,220000,0,12,0,12
2024-07-05,Makassar,SKU_BATIK_TULIS,Fashion Premium,1200000,0,3,0,3
2024-07-06,Jakarta,SKU_HIJAB_INSTAN,Fashion,65000,0,202,0,202
2024-07-06,Jakarta,SKU_KOPI_GAYO,Food & Beverage,220000,0,123,0,123
2024-07-06,Jakarta,SKU_BATIK_TULIS,Fashion Premium,1200000,0,24,0,24
2024-07-06,Surabaya,SKU_HIJAB_INSTAN,Fashion,65000,0,136,0,136
2024-07-06,Surabaya,SKU_KOPI_GAYO,Food & Beverage,220000,0,57,0,57
2024-07-06,Surabaya,SKU_BATIK_TULIS,Fashion Premium,1200000,0,19,0,19
2024-07-06,Medan,SKU_HIJAB_INSTAN,Fashion,65000,0,89,0,89
2024-07-06,Medan,SKU_KOPI_GAYO,Food & Beverage,220000,0,30,0,30
2024-07-06,Medan,SKU_BATIK_TULIS,Fashion Premium,1200000,0,9,0,9
2024-07-06,Makassar,SKU_HIJAB_INSTAN,Fashion,65000,0,84,0,84
2024-07-06,Makassar,SKU_KOPI_GAYO,Food & Beverage,220000,0,26,0,26
2024-07-06,Makassar,SKU_BATIK_TULIS,Fashion Premium,1200000,0,5,0,5
2024-07-07,Jakarta,SKU_HIJAB_INSTAN,Fashion,65000,0,188,0,188
2024-07-07,Jakarta,SKU_KOPI_GAYO,Food & Beverage,220000,0,91,0,91
2024-07-07,Jakarta,SKU_BATIK_TULIS,Fashion Premium,1200000,0,21,0,21
2024-07-07,Surabaya,SKU_HIJAB_INSTAN,Fashion,65000,0,97,0,97
2024-07-07,Surabaya,SKU_KOPI_GAYO,Food & Beverage,220000,0,64,0,64
2024-07-07,Surabaya,SKU_BATIK_TULIS,Fashion Premium,1200000,0,15,0,15
2024-07-07,Medan,SKU_HIJAB_INSTAN,Fashion,65000,0,83,0,83
2024-07-07,Medan,SKU_KOPI_GAYO,Food & Beverage,220000,0,50,0,50
2024-07-07,Medan,SKU_BATIK_TULIS,Fashion Premium,1200000,0,10,0,10
2024-07-07,Makassar,SKU_HIJAB_INSTAN,Fashion,65000,0,19,0,19
2024-07-07,Makassar,SKU_KOPI_GAYO,Food & Beverage,220000,0,43,0,43
2024-07-07,Makassar,SKU_BATIK_TULIS,Fashion Premium,1200000,0,4,0,4
2024-07-08,Jakarta,SKU_HIJAB_INSTAN,Fashion,65000,0,179,0,179
2024-07-08,Jakarta,SKU_KOPI_GAYO,Food & Beverage,220000,0,89,0,89
2024-07-08,Jakarta,SKU_BATIK_TULIS,Fashion Premium,1200000,0,15,0,15
2024-07-08,Surabaya,SKU_HIJAB_INSTAN,Fashion,65000,0,80,0,80
2024-07-08,Surabaya,SKU_KOPI_GAYO,Food & Beverage,220000,0,49,0,49
2024-07-08,Surabaya,SKU_BATIK_TULIS,Fashion Premium,1200000,0,10,0,10
2024-07-08,Medan,SKU_HIJAB_INSTAN,Fashion,65000,0,65,0,65
2024-07-08,Medan,SKU_KOPI_GAYO,Food & Beverage,220000,0,25,0,25
2024-07-08,Medan,SKU_BATIK_TULIS,Fashion Premium,1200000,0,7,0,7
2024-07-08,Makassar,SKU_HIJAB_INSTAN,Fashion,65000,0,31,0,31
2024-07-08,Makassar,SKU_KOPI_GAYO,Food & Beverage,220000,0,18,0,18
2024-07-08,Makassar,SKU_BATIK_TULIS,Fashion Premium,1200000,0,2,0,2
2024-07-09,Jakarta,SKU_HIJAB_INSTAN,Fashion,65000,0,150,0,150
2024-07-09,Jakarta,SKU_KOPI_GAYO,Food & Beverage,220000,0,91,0,91
2024-07-09,Jakarta,SKU_BATIK_TULIS,Fashion Premium,1200000,0,18,0,18
2024-07-09,Surabaya,SKU_HIJAB_INSTAN,Fashion,65000,0,115,0,115
2024-07-09,Surabaya,SKU_KOPI_GAYO,Food & Beverage,220000,0,59,0,59
2024-07-09,Surabaya,SKU_BATIK_TULIS,Fashion Premium,1200000,0,10,0,10
2024-07-09,Medan,SKU_HIJAB_INSTAN,Fashion,65000,0,52,0,52
2024-07-09,Medan,SKU_KOPI_GAYO,Food & Beverage,220000,0,21,0,21
2024-07-09,Medan,SKU_BATIK_TULIS,Fashion Premium,1200000,0,10,0,10
2024-07-09,Makassar,SKU_HIJAB_INSTAN,Fashion,65000,0,32,0,32
2024-07-09,Makassar,SKU_KOPI_GAYO,Food & Beverage,220000,0,14,0,14
2024-07-09,Makassar,SKU_BATIK_TULIS,Fashion Premium,1200000,0,3,0,3
2024-07-10,Jakarta,SKU_HIJAB_INSTAN,Fashion,65000,0,164,0,164
2024-07-10,Jakarta,SKU_KOPI_GAYO,Food & Beverage,220000,0,88,0,88
2024-07-10,Jakarta,SKU_BATIK_TULIS,Fashion Premium,1200000,0,20,0,20
2024-07-10,Surabaya,SKU_HIJAB_INSTAN,Fashion,65000,0,112,0,112
2024-07-10,Surabaya,SKU_KOPI_GAYO,Food & Beverage,220000,0,59,0,59
2024-07-10,Surabaya,SKU_BATIK_TULIS,Fashion Premium,1200000,0,10,0,10
2024-07-10,Medan,SKU_HIJAB_INSTAN,Fashion,65000,0,87,0,87
2024-07-10,Medan,SKU_KOPI_GAYO,Food & Beverage,220000,0,44,0,44
2024-07-10,Medan,SKU_BATIK_TULIS,Fashion Premium,1200000,0,6,0,6
2024-07-10,Makassar,SKU_HIJAB_INSTAN,Fashion,65000,0,36,0,36
2024-07-10,Makassar,SKU_KOPI_GAYO,Food & Beverage,220000,0,28,0,28
2024-07-10,Makassar,SKU_BATIK_TULIS,Fashion Premium,1200000,0,3,0,3
2024-07-11,Jakarta,SKU_HIJAB_INSTAN,Fashion,65000,0,178,0,178
2024-07-11,Jakarta,SKU_KOPI_GAYO,Food & Beverage,220000,0,91,0,91
2024-07-11,Jakarta,SKU_BATIK_TULIS,Fashion Premium,1200000,0,19,0,19
2024-07-11,Surabaya,SKU_HIJAB_INSTAN,Fashion,65000,0,110,0,110
2024-07-11,Surabaya,SKU_KOPI_GAYO,Food & Beverage,220000,0,52,0,52
2024-07-11,Surabaya,SKU_BATIK_TULIS,Fashion Premium,1200000,0,11,0,11
2024-07-11,Medan,SKU_HIJAB_INSTAN,Fashion,65000,0,63,0,63
2024-07-11,Medan,SKU_KOPI_GAYO,Food & Beverage,220000,0,40,0,40
2024-07-11,Medan,SKU_BATIK_TULIS,Fashion Premium,1200000,0,8,0,8
2024-07-11,Makassar,SKU_HIJAB_INSTAN,Fashion,65000,0,47,0,47
2024-07-11,Makassar,SKU_KOPI_GAYO,Food & Beverage,220000,0,22,0,22
2024-07-11,Makassar,SKU_BATIK_TULIS,Fashion Premium,1200000,0,5,0,5
2024-07-12,Jakarta,SKU_HIJAB_INSTAN,Fashion,65000,0,195,0,195
2024-07-12,Jakarta,SKU_KOPI_GAYO,Food & Beverage,220000,0,96,0,96
2024-07-12,Jakarta,SKU_BATIK_TULIS,Fashion Premium,1200000,0,21,0,21
2024-07-12,Surabaya,SKU_HIJAB_INSTAN,Fashion,65000,0,128,0,128
2024-07-12,Surabaya,SKU_KOPI_GAYO,Food & Beverage,220000,0,53,0,53
2024-07-12,Surabaya,SKU_BATIK_TULIS,Fashion Premium,1200000,0,10,0,10
2024-07-12,Medan,SKU_HIJAB_INSTAN,Fashion,65000,0,68,0,68
2024-07-12,Medan,SKU_KOPI_GAYO,Food & Beverage,220000,0,45,0,45
2024-07-12,Medan,SKU_BATIK_TULIS,Fashion Premium,1200000,0,10,1,0
2024-07-12,Makassar,SKU_HIJAB_INSTAN,Fashion,65000,0,43,0,43
2024-07-12,Makassar,SKU_KOPI_GAYO,Food & Beverage,220000,0,37,0,37
2024-07-12,Makassar,SKU_BATIK_TULIS,Fashion Premium,1200000,0,5,0,5
2024-07-13,Jakarta,SKU_HIJAB_INSTAN,Fashion,65000,0,200,0,200
2024-07-13,Jakarta,SKU_KOPI_GAYO,Food & Beverage,220000,0,92,0,92
2024-07-13,Jakarta,SKU_BATIK_TULIS,Fashion Premium,1200000,0,26,0,26
2024-07-13,Surabaya,SKU_HIJAB_INSTAN,Fashion,65000,0,153,0,153
2024-07-13,Surabaya,SKU_KOPI_GAYO,Food & Beverage,220000,0,59,0,59
2024-07-13,Surabaya,SKU_BATIK_TULIS,Fashion Premium,1200000,0,16,0,16
2024-07-13,Medan,SKU_HIJAB_INSTAN,Fashion,65000,0,93,1,0
2024-07-13,Medan,SKU_KOPI_GAYO,Food & Beverage,220000,0,58,0,58
2024-07-13,Medan,SKU_BATIK_TULIS,Fashion Premium,1200000,0,12,0,12
2024-07-13,Makassar,SKU_HIJAB_INSTAN,Fashion,65000,0,64,0,64
2024-07-13,Makassar,SKU_KOPI_GAYO,Food & Beverage,220000,0,13,0,13
2024-07-13,Makassar,SKU_BATIK_TULIS,Fashion Premium,1200000,0,4,0,4
2024-07-14,Jakarta,SKU_HIJAB_INSTAN,Fashion,65000,0,193,0,193
2024-07-14,Jakarta,SKU_KOPI_GAYO,Food & Beverage,220000,0,95,0,95
2024-07-14,Jakarta,SKU_BATIK_TULIS,Fashion Premium,1200000,0,24,0,24
2024-07-14,Surabaya,SKU_HIJAB_INSTAN,Fashion,65000,0,127,0,127
2024-07-14,Surabaya,SKU_KOPI_GAYO,Food & Beverage,220000,0,58,0,58
2024-07-14,Surabaya,SKU_BATIK_TULIS,Fashion Premium,1200000,0,13,0,13
2024-07-14,Medan,SKU_HIJAB_INSTAN,Fashion,65000,0,65,0,65
2024-07-14,Medan,SKU_KOPI_GAYO,Food & Beverage,220000,0,42,0,42
2024-07-14,Medan,SKU_BATIK_TULIS,Fashion Premium,1200000,0,10,0,10
2024-07-14,Makassar,SKU_HIJAB_INSTAN,Fashion,65000,0,38,0,38
2024-07-14,Makassar,SKU_KOPI_GAYO,Food & Beverage,220000,0,7,0,7
2024-07-14,Makassar,SKU_BATIK_TULIS,Fashion Premium,1200000,0,6,0,6
2024-07-15,Jakarta,SKU_HIJAB_INSTAN,Fashion,65000,0,165,0,165
2024-07-15,Jakarta,SKU_KOPI_GAYO,Food & Beverage,220000,0,80,0,80
2024-07-15,Jakarta,SKU_BATIK_TULIS,Fashion Premium,1200000,0,15,0,15
2024-07-15,Surabaya,SKU_HIJAB_INSTAN,Fashion,65000,0,115,0,115
2024-07-15,Surabaya,SKU_KOPI_GAYO,Food & Beverage,220000,0,51,0,51
2024-07-15,Surabaya,SKU_BATIK_TULIS,Fashion Premium,1200000,0,6,0,6
2024-07-15,Medan,SKU_HIJAB_INSTAN,Fashion,65000,0,64,0,64
2024-07-15,Medan,SKU_KOPI_GAYO,Food & Beverage,220000,0,31,0,31
2024-07-15,Medan,SKU_BATIK_TULIS,Fashion Premium,1200000,0,6,0,6
2024-07-15,Makassar,SKU_HIJAB_INSTAN,Fashion,65000,0,34,0,34
2024-07-15,Makassar,SKU_KOPI_GAYO,Food & Beverage,220000,0,14,0,14
2024-07-15,Makassar,SKU_BATIK_TULIS,Fashion Premium,1200000,0,2,0,2
2024-07-16,Jakarta,SKU_HIJAB_INSTAN,Fashion,65000,0,192,0,192
2024-07-16,Jakarta,SKU_KOPI_GAYO,Food & Beverage,220000,0,94,0,94
2024-07-16,Jakarta,SKU_BATIK_TULIS,Fashion Premium,1200000,0,17,0,17
2024-07-16,Surabaya,SKU_HIJAB_INSTAN,Fashion,65000,0,116,0,116
2024-07-16,Surabaya,SKU_KOPI_GAYO,Food & Beverage,220000,0,52,0,52
2024-07-16,Surabaya,SKU_BATIK_TULIS,Fashion Premium,1200000,0,12,0,12
2024-07-16,Medan,SKU_HIJAB_INSTAN,Fashion,65000,0,74,0,74
2024-07-16,Medan,SKU_KOPI_GAYO,Food & Beverage,220000,0,37,0,37
2024-07-16,Medan,SKU_BATIK_TULIS,Fashion Premium,1200000,0,7,0,7
2024-07-16,Makassar,SKU_HIJAB_INSTAN,Fashion,65000,0,31,0,31
2024-07-16,Makassar,SKU_KOPI_GAYO,Food & Beverage,220000,0,13,0,13
2024-07-16,Makassar,SKU_BATIK_TULIS,Fashion Premium,1200000,0,4,0,4
2024-07-17,Jakarta,SKU_HIJAB_INSTAN,Fashion,65000,0,163,0,163
2024-07-17,Jakarta,SKU_KOPI_GAYO,Food & Beverage,220000,0,84,0,84
2024-07-17,Jakarta,SKU_BATIK_TULIS,Fashion Premium,1200000,0,17,0,17
2024-07-17,Surabaya,SKU_HIJAB_INSTAN,Fashion,65000,0,95,0,95
2024-07-17,Surabaya,SKU_KOPI_GAYO,Food & Beverage,220000,0,43,0,43
2024-07-17,Surabaya,SKU_BATIK_TULIS,Fashion Premium,1200000,0,9,0,9
2024-07-17,Medan,SKU_HIJAB_INSTAN,Fashion,65000,0,60,0,60
2024-07-17,Medan,SKU_KOPI_GAYO,Food & Beverage,220000,0,39,0,39
2024-07-17,Medan,SKU_BATIK_TULIS,Fashion Premium,1200000,0,6,0,6
2024-07-17,Makassar,SKU_HIJAB_INSTAN,Fashion,65000,0,49,0,49
2024-07-17,Makassar,SKU_KOPI_GAYO,Food & Beverage,220000,0,3,0,3
2024-07-17,Makassar,SKU_BATIK_TULIS,Fashion Premium,1200000,0,2,0,2
2024-07-18,Jakarta,SKU_HIJAB_INSTAN,Fashion,65000,0,169,0,169
2024-07-18,Jakarta,SKU_KOPI_GAYO,Food & Beverage,220000,0,95,0,95
2024-07-18,Jakarta,SKU_BATIK_TULIS,Fashion Premium,1200000,0,18,0,18
2024-07-18,Surabaya,SKU_HIJAB_INSTAN,Fashion,65000,0,105,0,105
2024-07-18,Surabaya,SKU_KOPI_GAYO,Food & Beverage,220000,0,48,0,48
2024-07-18,Surabaya,SKU_BATIK_TULIS,Fashion Premium,1200000,0,10,0,10
2024-07-18,Medan,SKU_HIJAB_INSTAN,Fashion,65000,0,63,0,63
2024-07-18,Medan,SKU_KOPI_GAYO,Food & Beverage,220000,0,45,0,45
2024-07-18,Medan,SKU_BATIK_TULIS,Fashion Premium,1200000,0,5,0,5
2024-07-18,Makassar,SKU_HIJAB_INSTAN,Fashion,65000,0,53,0,53
2024-07-18,Makassar,SKU_KOPI_GAYO,Food & Beverage,220000,0,25,0,25
2024-07-18,Makassar,SKU_BATIK_TULIS,Fashion Premium,1200000,0,3,0,3
2024-07-19,Jakarta,SKU_HIJAB_INSTAN,Fashion,65000,0,194,0,194
2024-07-19,Jakarta,SKU_KOPI_GAYO,Food & Beverage,220000,0,98,0,98
2024-07-19,Jakarta,SKU_BATIK_TULIS,Fashion Premium,1200000,0,24,0,24
2024-07-19,Surabaya,SKU_HIJAB_INSTAN,Fashion,65000,0,101,0,101
2024-07-19,Surabaya,SKU_KOPI_GAYO,Food & Beverage,220000,0,64,0,64
2024-07-19,Surabaya,SKU_BATIK_TULIS,Fashion Premium,1200000,0,13,0,13
2024-07-19,Medan,SKU_HIJAB_INSTAN,Fashion,65000,0,64,0,64
2024-07-19,Medan,SKU_KOPI_GAYO,Food & Beverage,220000,0,39,0,39
2024-07-19,Medan,SKU_BATIK_TULIS,Fashion Premium,1200000,0,7,0,7
2024-07-19,Makassar,SKU_HIJAB_INSTAN,Fashion,65000,0,39,0,39
2024-07-19,Makassar,SKU_KOPI_GAYO,Food & Beverage,220000,0,16,0,16
2024-07-19,Makassar,SKU_BATIK_TULIS,Fashion Premium,1200000,0,4,0,4
2024-07-20,Jakarta,SKU_HIJAB_INSTAN,Fashion,65000,0,217,0,217
2024-07-20,Jakarta,SKU_KOPI_GAYO,Food & Beverage,220000,0,109,0,109
2024-07-20,Jakarta,SKU_BATIK_TULIS,Fashion Premium,1200000,0,27,0,27
2024-07-20,Surabaya,SKU_HIJAB_INSTAN,Fashion,65000,0,135,0,135
2024-07-20,Surabaya,SKU_KOPI_GAYO,Food & Beverage,220000,0,47,0,47
2024-07-20,Surabaya,SKU_BATIK_TULIS,Fashion Premium,1200000,0,17,0,17
2024-07-20,Medan,SKU_HIJAB_INSTAN,Fashion,65000,0,79,0,79
2024-07-20,Medan,SKU_KOPI_GAYO,Food & Beverage,220000,0,31,0,31
2024-07-20,Medan,SKU_BATIK_TULIS,Fashion Premium,1200000,0,14,0,14
2024-07-20,Makassar,SKU_HIJAB_INSTAN,Fashion,65000,0,31,0,31
2024-07-20,Makassar,SKU_KOPI_GAYO,Food & Beverage,220000,0,31,0,31
2024-07-20,Makassar,SKU_BATIK_TULIS,Fashion Premium,1200000,0,5,0,5
2024-07-21,Jakarta,SKU_HIJAB_INSTAN,Fashion,65000,0,212,0,212
2024-07-21,Jakarta,SKU_KOPI_GAYO,Food & Beverage,220000,0,97,0,97
2024-07-21,Jakarta,SKU_BATIK_TULIS,Fashion Premium,1200000,0,22,0,22
2024-07-21,Surabaya,SKU_HIJAB_INSTAN,Fashion,65000,0,134,0,134
2024-07-21,Surabaya,SKU_KOPI_GAYO,Food & Beverage,220000,0,60,0,60
2024-07-21,Surabaya,SKU_BATIK_TULIS,Fashion Premium,1200000,0,14,0,14
2024-07-21,Medan,SKU_HIJAB_INSTAN,Fashion,65000,0,83,0,83
2024-07-21,Medan,SKU_KOPI_GAYO,Food & Beverage,220000,0,37,0,37
2024-07-21,Medan,SKU_BATIK_TULIS,Fashion Premium,1200000,0,10,0,10
2024-07-21,Makassar,SKU_HIJAB_INSTAN,Fashion,65000,0,49,0,49
2024-07-21,Makassar,SKU_KOPI_GAYO,Food & Beverage,220000,0,26,0,26
2024-07-21,Makassar,SKU_BATIK_TULIS,Fashion Premium,1200000,0,4,0,4
2024-07-22,Jakarta,SKU_HIJAB_INSTAN,Fashion,65000,0,165,0,165
2024-07-22,Jakarta,SKU_KOPI_GAYO,Food & Beverage,220000,0,85,0,85
2024-07-22,Jakarta,SKU_BATIK_TULIS,Fashion Premium,1200000,0,16,0,16
2024-07-22,Surabaya,SKU_HIJAB_INSTAN,Fashion,65000,0,80,0,80
2024-07-22,Surabaya,SKU_KOPI_GAYO,Food & Beverage,220000,0,72,0,72
2024-07-22,Surabaya,SKU_BATIK_TULIS,Fashion Premium,1200000,0,8,0,8
2024-07-22,Medan,SKU_HIJAB_INSTAN,Fashion,65000,0,84,0,84
2024-07-22,Medan,SKU_KOPI_GAYO,Food & Beverage,220000,0,33,0,33
2024-07-22,Medan,SKU_BATIK_TULIS,Fashion Premium,1200000,0,4,0,4
2024-07-22,Makassar,SKU_HIJAB_INSTAN,Fashion,65000,0,42,0,42
2024-07-22,Makassar,SKU_KOPI_GAYO,Food & Beverage,220000,0,30,0,30
2024-07-22,Makassar,SKU_BATIK_TULIS,Fashion Premium,1200000,0,3,0,3
2024-07-23,Jakarta,SKU_HIJAB_INSTAN,Fashion,65000,0,197,0,197
2024-07-23,Jakarta,SKU_KOPI_GAYO,Food & Beverage,220000,0,99,0,99
2024-07-23,Jakarta,SKU_BATIK_TULIS,Fashion Premium,1200000,0,15,0,15
2024-07-23,Surabaya,SKU_HIJAB_INSTAN,Fashion,65000,0,114,0,114
2024-07-23,Surabaya,SKU_KOPI_GAYO,Food & Beverage,220000,0,31,0,31
2024-07-23,Surabaya,SKU_BATIK_TULIS,Fashion Premium,1200000,0,10,0,10
2024-07-23,Medan,SKU_HIJAB_INSTAN,Fashion,65000,0,60,0,60
2024-07-23,Medan,SKU_KOPI_GAYO,Food & Beverage,220000,0,44,0,44
2024-07-23,Medan,SKU_BATIK_TULIS,Fashion Premium,1200000,0,5,0,5
2024-07-23,Makassar,SKU_HIJAB_INSTAN,Fashion,65000,0,49,0,49
2024-07-23,Makassar,SKU_KOPI_GAYO,Food & Beverage,220000,0,23,0,23
2024-07-23,Makassar,SKU_BATIK_TULIS,Fashion Premium,1200000,0,3,0,3
2024-07-24,Jakarta,SKU_HIJAB_INSTAN,Fashion,65000,0,171,0,171
2024-07-24,Jakarta,SKU_KOPI_GAYO,Food & Beverage,220000,0,96,0,96
2024-07-24,Jakarta,SKU_BATIK_TULIS,Fashion Premium,1200000,0,15,0,15
2024-07-24,Surabaya,SKU_HIJAB_INSTAN,Fashion,65000,0,97,0,97
2024-07-24,Surabaya,SKU_KOPI_GAYO,Food & Beverage,220000,0,55,0,55
2024-07-24,Surabaya,SKU_BATIK_TULIS,Fashion Premium,1200000,0,10,0,10
2024-07-24,Medan,SKU_HIJAB_INSTAN,Fashion,65000,0,61,0,61
2024-07-24,Medan,SKU_KOPI_GAYO,Food & Beverage,220000,0,31,0,31
2024-07-24,Medan,SKU_BATIK_TULIS,Fashion Premium,1200000,0,7,0,7
2024-07-24,Makassar,SKU_HIJAB_INSTAN,Fashion,65000,0,23,0,23
2024-07-24,Makassar,SKU_KOPI_GAYO,Food & Beverage,220000,0,16,0,16
2024-07-24,Makassar,SKU_BATIK_TULIS,Fashion Premium,1200000,0,2,0,2
2024-07-25,Jakarta,SKU_HIJAB_INSTAN,Fashion,52000,1,295,0,295
2024-07-25,Jakarta,SKU_KOPI_GAYO,Food & Beverage,220000,0,112,0,112
2024-07-25,Jakarta,SKU_BATIK_TULIS,Fashion Premium,960000,1,37,0,37
2024-07-25,Surabaya,SKU_HIJAB_INSTAN,Fashion,65000,0,165,0,165
2024-07-25,Surabaya,SKU_KOPI_GAYO,Food & Beverage,220000,0,63,0,63
2024-07-25,Surabaya,SKU_BATIK_TULIS,Fashion Premium,1200000,0,11,0,11
2024-07-25,Medan,SKU_HIJAB_INSTAN,Fashion,52000,1,122,0,122
2024-07-25,Medan,SKU_KOPI_GAYO,Food & Beverage,176000,1,70,0,70
2024-07-25,Medan,SKU_BATIK_TULIS,Fashion Premium,1200000,0,9,0,9
2024-07-25,Makassar,SKU_HIJAB_INSTAN,Fashion,65000,0,40,0,40
2024-07-25,Makassar,SKU_KOPI_GAYO,Food & Beverage,220000,0,21,0,21
2024-07-25,Makassar,SKU_BATIK_TULIS,Fashion Premium,1200000,0,3,0,3
2024-07-26,Jakarta,SKU_HIJAB_INSTAN,Fashion,65000,0,189,0,189
2024-07-26,Jakarta,SKU_KOPI_GAYO,Food & Beverage,220000,0,109,0,109
2024-07-26,Jakarta,SKU_BATIK_TULIS,Fashion Premium,960000,1,31,0,31
2024-07-26,Surabaya,SKU_HIJAB_INSTAN,Fashion,65000,0,131,0,131
2024-07-26,Surabaya,SKU_KOPI_GAYO,Food & Beverage,176000,1,98,0,98
2024-07-26,Surabaya,SKU_BATIK_TULIS,Fashion Premium,960000,1,24,0,24
2024-07-26,Medan,SKU_HIJAB_INSTAN,Fashion,65000,0,95,0,95
2024-07-26,Medan,SKU_KOPI_GAYO,Food & Beverage,176000,1,37,0,37
2024-07-26,Medan,SKU_BATIK_TULIS,Fashion Premium,1200000,0,12,0,12
2024-07-26,Makassar,SKU_HIJAB_INSTAN,Fashion,65000,0,54,0,54
2024-07-26,Makassar,SKU_KOPI_GAYO,Food & Beverage,220000,0,16,0,16
2024-07-26,Makassar,SKU_BATIK_TULIS,Fashion Premium,960000,1,4,0,4
2024-07-27,Jakarta,SKU_HIJAB_INSTAN,Fashion,65000,0,230,0,230
2024-07-27,Jakarta,SKU_KOPI_GAYO,Food & Beverage,176000,1,170,0,170
2024-07-27,Jakarta,SKU_BATIK_TULIS,Fashion Premium,1200000,0,27,0,27
2024-07-27,Surabaya,SKU_HIJAB_INSTAN,Fashion,52000,1,208,0,208
2024-07-27,Surabaya,SKU_KOPI_GAYO,Food & Beverage,176000,1,85,0,85
2024-07-27,Surabaya,SKU_BATIK_TULIS,Fashion Premium,1200000,0,19,0,19
2024-07-27,Medan,SKU_HIJAB_INSTAN,Fashion,65000,0,53,0,53
2024-07-27,Medan,SKU_KOPI_GAYO,Food & Beverage,176000,1,85,0,85
2024-07-27,Medan,SKU_BATIK_TULIS,Fashion Premium,1200000,0,13,0,13
2024-07-27,Makassar,SKU_HIJAB_INSTAN,Fashion,65000,0,50,0,50
2024-07-27,Makassar,SKU_KOPI_GAYO,Food & Beverage,220000,0,15,0,15
2024-07-27,Makassar,SKU_BATIK_TULIS,Fashion Premium,1200000,0,5,0,5
2024-07-28,Jakarta,SKU_HIJAB_INSTAN,Fashion,52000,1,333,0,333
2024-07-28,Jakarta,SKU_KOPI_GAYO,Food & Beverage,220000,0,91,0,91
2024-07-28,Jakarta,SKU_BATIK_TULIS,Fashion Premium,1200000,0,26,0,26
2024-07-28,Surabaya,SKU_HIJAB_INSTAN,Fashion,65000,0,162,0,162
2024-07-28,Surabaya,SKU_KOPI_GAYO,Food & Beverage,176000,1,91,0,91
2024-07-28,Surabaya,SKU_BATIK_TULIS,Fashion Premium,1200000,0,15,0,15
2024-07-28,Medan,SKU_HIJAB_INSTAN,Fashion,65000,0,103,0,103
2024-07-28,Medan,SKU_KOPI_GAYO,Food & Beverage,176000,1,49,0,49
2024-07-28,Medan,SKU_BATIK_TULIS,Fashion Premium,960000,1,13,1,0
2024-07-28,Makassar,SKU_HIJAB_INSTAN,Fashion,65000,0,32,0,32
2024-07-28,Makassar,SKU_KOPI_GAYO,Food & Beverage,220000,0,17,0,17
2024-07-28,Makassar,SKU_BATIK_TULIS,Fashion Premium,1200000,0,2,0,2
2024-07-29,Jakarta,SKU_HIJAB_INSTAN,Fashion,65000,0,157,0,157
2024-07-29,Jakarta,SKU_KOPI_GAYO,Food & Beverage,220000,0,91,0,91
2024-07-29,Jakarta,SKU_BATIK_TULIS,Fashion Premium,1200000,0,14,0,14
2024-07-29,Surabaya,SKU_HIJAB_INSTAN,Fashion,65000,0,107,0,107
2024-07-29,Surabaya,SKU_KOPI_GAYO,Food & Beverage,220000,0,47,0,47
2024-07-29,Surabaya,SKU_BATIK_TULIS,Fashion Premium,1200000,0,8,0,8
2024-07-29,Medan,SKU_HIJAB_INSTAN,Fashion,65000,0,47,0,47
2024-07-29,Medan,SKU_KOPI_GAYO,Food & Beverage,220000,0,38,0,38
2024-07-29,Medan,SKU_BATIK_TULIS,Fashion Premium,1200000,0,4,0,4
2024-07-29,Makassar,SKU_HIJAB_INSTAN,Fashion,65000,0,42,0,42
2024-07-29,Makassar,SKU_KOPI_GAYO,Food & Beverage,220000,0,23,0,23
2024-07-29,Makassar,SKU_BATIK_TULIS,Fashion Premium,1200000,0,2,0,2
2024-07-30,Jakarta,SKU_HIJAB_INSTAN,Fashion,65000,0,186,0,186
2024-07-30,Jakarta,SKU_KOPI_GAYO,Food & Beverage,220000,0,96,0,96
2024-07-30,Jakarta,SKU_BATIK_TULIS,Fashion Premium,1200000,0,18,0,18
2024-07-30,Surabaya,SKU_HIJAB_INSTAN,Fashion,65000,0,95,0,95
2024-07-30,Surabaya,SKU_KOPI_GAYO,Food & Beverage,220000,0,49,0,49
2024-07-30,Surabaya,SKU_BATIK_TULIS,Fashion Premium,1200000,0,11,0,11
2024-07-30,Medan,SKU_HIJAB_INSTAN,Fashion,65000,0,73,0,73
2024-07-30,Medan,SKU_KOPI_GAYO,Food & Beverage,220000,0,38,0,38
2024-07-30,Medan,SKU_BATIK_TULIS,Fashion Premium,1200000,0,8,0,8
2024-07-30,Makassar,SKU_HIJAB_INSTAN,Fashion,65000,0,16,0,16
2024-07-30,Makassar,SKU_KOPI_GAYO,Food & Beverage,220000,0,25,0,25
2024-07-30,Makassar,SKU_BATIK_TULIS,Fashion Premium,1200000,0,4,0,4
2024-07-31,Jakarta,SKU_HIJAB_INSTAN,Fashion,65000,0,188,0,188
2024-07-31,Jakarta,SKU_KOPI_GAYO,Food & Beverage,220000,0,99,0,99
2024-07-31,Jakarta,SKU_BATIK_TULIS,Fashion Premium,1200000,0,17,0,17
2024-07-31,Surabaya,SKU_HIJAB_INSTAN,Fashion,65000,0,93,0,93
2024-07-31,Surabaya,SKU_KOPI_GAYO,Food & Beverage,220000,0,51,0,51
2024-07-31,Surabaya,SKU_BATIK_TULIS,Fashion Premium,1200000,0,9,0,9
2024-07-31,Medan,SKU_HIJAB_INSTAN,Fashion,65000,0,37,0,37
2024-07-31,Medan,SKU_KOPI_GAYO,Food & Beverage,220000,0,41,0,41
2024-07-31,Medan,SKU_BATIK_TULIS,Fashion Premium,1200000,0,6,0,6
2024-07-31,Makassar,SKU_HIJAB_INSTAN,Fashion,65000,0,34,0,34
2024-07-31,Makassar,SKU_KOPI_GAYO,Food & Beverage,220000,0,15,0,15
2024-07-31,Makassar,SKU_BATIK_TULIS,Fashion Premium,1200000,0,3,0,3
2024-08-01,Jakarta,SKU_HIJAB_INSTAN,Fashion,65000,0,208,0,208
2024-08-01,Jakarta,SKU_KOPI_GAYO,Food & Beverage,220000,0,82,0,82
2024-08-01,Jakarta,SKU_BATIK_TULIS,Fashion Premium,1200000,0,22,0,22
2024-08-01,Surabaya,SKU_HIJAB_INSTAN,Fashion,65000,0,115,0,115
2024-08-01,Surabaya,SKU_KOPI_GAYO,Food & Beverage,220000,0,53,0,53
2024-08-01,Surabaya,SKU_BATIK_TULIS,Fashion Premium,1200000,0,11,0,11
2024-08-01,Medan,SKU_HIJAB_INSTAN,Fashion,65000,0,62,0,62
2024-08-01,Medan,SKU_KOPI_GAYO,Food & Beverage,220000,0,24,0,24
2024-08-01,Medan,SKU_BATIK_TULIS,Fashion Premium,1200000,0,6,0,6
2024-08-01,Makassar,SKU_HIJAB_INSTAN,Fashion,65000,0,38,0,38
2024-08-01,Makassar,SKU_KOPI_GAYO,Food & Beverage,220000,0,17,0,17
2024-08-01,Makassar,SKU_BATIK_TULIS,Fashion Premium,1200000,0,4,0,4
2024-08-02,Jakarta,SKU_HIJAB_INSTAN,Fashion,65000,0,187,0,187
2024-08-02,Jakarta,SKU_KOPI_GAYO,Food & Beverage,220000,0,92,0,92
2024-08-02,Jakarta,SKU_BATIK_TULIS,Fashion Premium,1200000,0,27,0,27
2024-08-02,Surabaya,SKU_HIJAB_INSTAN,Fashion,65000,0,104,1,0
2024-08-02,Surabaya,SKU_KOPI_GAYO,Food & Beverage,220000,0,52,0,52
2024-08-02,Surabaya,SKU_BATIK_TULIS,Fashion Premium,1200000,0,15,0,15
2024-08-02,Medan,SKU_HIJAB_INSTAN,Fashion,65000,0,90,0,90
2024-08-02,Medan,SKU_KOPI_GAYO,Food & Beverage,220000,0,36,0,36
2024-08-02,Medan,SKU_BATIK_TULIS,Fashion Premium,1200000,0,10,0,10
2024-08-02,Makassar,SKU_HIJAB_INSTAN,Fashion,65000,0,42,0,42
2024-08-02,Makassar,SKU_KOPI_GAYO,Food & Beverage,220000,0,16,0,16
2024-08-02,Makassar,SKU_BATIK_TULIS,Fashion Premium,1200000,0,5,0,5
2024-08-03,Jakarta,SKU_HIJAB_INSTAN,Fashion,65000,0,215,0,215
2024-08-03,Jakarta,SKU_KOPI_GAYO,Food & Beverage,220000,0,85,0,85
2024-08-03,Jakarta,SKU_BATIK_TULIS,Fashion Premium,1200000,0,27,0,27
2024-08-03,Surabaya,SKU_HIJAB_INSTAN,Fashion,65000,0,127,0,127
2024-08-03,Surabaya,SKU_KOPI_GAYO,Food & Beverage,220000,0,72,0,72
2024-08-03,Surabaya,SKU_BATIK_TULIS,Fashion Premium,1200000,0,17,0,17
2024-08-03,Medan,SKU_HIJAB_INSTAN,Fashion,65000,0,90,0,90
2024-08-03,Medan,SKU_KOPI_GAYO,Food & Beverage,220000,0,37,0,37
2024-08-03,Medan,SKU_BATIK_TULIS,Fashion Premium,1200000,0,10,0,10
2024-08-03,Makassar,SKU_HIJAB_INSTAN,Fashion,65000,0,29,0,29
2024-08-03,Makassar,SKU_KOPI_GAYO,Food & Beverage,220000,0,22,0,22
2024-08-03,Makassar,SKU_BATIK_TULIS,Fashion Premium,1200000,0,8,0,8
2024-08-04,Jakarta,SKU_HIJAB_INSTAN,Fashion,65000,0,237,0,237
2024-08-04,Jakarta,SKU_KOPI_GAYO,Food & Beverage,220000,0,107,0,107
2024-08-04,Jakarta,SKU_BATIK_TULIS,Fashion Premium,1200000,0,24,0,24
2024-08-04,Surabaya,SKU_HIJAB_INSTAN,Fashion,65000,0,100,0,100
2024-08-04,Surabaya,SKU_KOPI_GAYO,Food & Beverage,220000,0,58,0,58
2024-08-04,Surabaya,SKU_BATIK_TULIS,Fashion Premium,1200000,0,16,0,16
2024-08-04,Medan,SKU_HIJAB_INSTAN,Fashion,65000,0,96,0,96
2024-08-04,Medan,SKU_KOPI_GAYO,Food & Beverage,220000,0,38,0,38
2024-08-04,Medan,SKU_BATIK_TULIS,Fashion Premium,1200000,0,9,0,9
2024-08-04,Makassar,SKU_HIJAB_INSTAN,Fashion,65000,0,48,0,48
2024-08-04,Makassar,SKU_KOPI_GAYO,Food & Beverage,220000,0,20,0,20
2024-08-04,Makassar,SKU_BATIK_TULIS,Fashion Premium,1200000,0,4,0,4
2024-08-05,Jakarta,SKU_HIJAB_INSTAN,Fashion,65000,0,168,0,168
2024-08-05,Jakarta,SKU_KOPI_GAYO,Food & Beverage,220000,0,100,0,100
2024-08-05,Jakarta,SKU_BATIK_TULIS,Fashion Premium,1200000,0,14,0,14
2024-08-05,Surabaya,SKU_HIJAB_INSTAN,Fashion,65000,0,98,0,98
2024-08-05,Surabaya,SKU_KOPI_GAYO,Food & Beverage,220000,0,52,0,52
2024-08-05,Surabaya,SKU_BATIK_TULIS,Fashion Premium,1200000,0,9,0,9
2024-08-05,Medan,SKU_HIJAB_INSTAN,Fashion,65000,0,69,0,69
2024-08-05,Medan,SKU_KOPI_GAYO,Food & Beverage,220000,0,36,0,36
2024-08-05,Medan,SKU_BATIK_TULIS,Fashion Premium,1200000,0,5,0,5
2024-08-05,Makassar,SKU_HIJAB_INSTAN,Fashion,65000,0,35,0,35
2024-08-05,Makassar,SKU_KOPI_GAYO,Food & Beverage,220000,0,23,0,23
2024-08-05,Makassar,SKU_BATIK_TULIS,Fashion Premium,1200000,0,3,0,3
2024-08-06,Jakarta,SKU_HIJAB_INSTAN,Fashion,65000,0,161,0,161
2024-08-06,Jakarta,SKU_KOPI_GAYO,Food & Beverage,220000,0,92,0,92
2024-08-06,Jakarta,SKU_BATIK_TULIS,Fashion Premium,1200000,0,17,0,17
2024-08-06,Surabaya,SKU_HIJAB_INSTAN,Fashion,65000,0,101,0,101
2024-08-06,Surabaya,SKU_KOPI_GAYO,Food & Beverage,220000,0,56,0,56
2024-08-06,Surabaya,SKU_BATIK_TULIS,Fashion Premium,1200000,0,9,0,9
2024-08-06,Medan,SKU_HIJAB_INSTAN,Fashion,65000,0,80,0,80
2024-08-06,Medan,SKU_KOPI_GAYO,Food & Beverage,220000,0,50,0,50
2024-08-06,Medan,SKU_BATIK_TULIS,Fashion Premium,1200000,0,7,0,7
2024-08-06,Makassar,SKU_HIJAB_INSTAN,Fashion,65000,0,25,0,25
2024-08-06,Makassar,SKU_KOPI_GAYO,Food & Beverage,220000,0,23,0,23
2024-08-06,Makassar,SKU_BATIK_TULIS,Fashion Premium,1200000,0,4,0,4
2024-08-07,Jakarta,SKU_HIJAB_INSTAN,Fashion,65000,0,185,0,185
2024-08-07,Jakarta,SKU_KOPI_GAYO,Food & Beverage,220000,0,95,0,95
2024-08-07,Jakarta,SKU_BATIK_TULIS,Fashion Premium,1200000,0,17,1,0
2024-08-07,Surabaya,SKU_HIJAB_INSTAN,Fashion,65000,0,92,0,92
2024-08-07,Surabaya,SKU_KOPI_GAYO,Food & Beverage,220000,0,54,0,54
2024-08-07,Surabaya,SKU_BATIK_TULIS,Fashion Premium,1200000,0,9,0,9
2024-08-07,Medan,SKU_HIJAB_INSTAN,Fashion,65000,0,69,0,69
2024-08-07,Medan,SKU_KOPI_GAYO,Food & Beverage,220000,0,33,0,33
2024-08-07,Medan,SKU_BATIK_TULIS,Fashion Premium,1200000,0,5,0,5
2024-08-07,Makassar,SKU_HIJAB_INSTAN,Fashion,65000,0,56,0,56
2024-08-07,Makassar,SKU_KOPI_GAYO,Food & Beverage,220000,0,19,0,19
2024-08-07,Makassar,SKU_BATIK_TULIS,Fashion Premium,1200000,0,3,0,3
2024-08-08,Jakarta,SKU_HIJAB_INSTAN,Fashion,65000,0,141,0,141
2024-08-08,Jakarta,SKU_KOPI_GAYO,Food & Beverage,220000,0,82,0,82
2024-08-08,Jakarta,SKU_BATIK_TULIS,Fashion Premium,1200000,0,21,0,21
2024-08-08,Surabaya,SKU_HIJAB_INSTAN,Fashion,65000,0,115,0,115
2024-08-08,Surabaya,SKU_KOPI_GAYO,Food & Beverage,220000,0,72,0,72
2024-08-08,Surabaya,SKU_BATIK_TULIS,Fashion Premium,1200000,0,11,0,11
2024-08-08,Medan,SKU_HIJAB_INSTAN,Fashion,65000,0,93,0,93
2024-08-08,Medan,SKU_KOPI_GAYO,Food & Beverage,220000,0,37,0,37
2024-08-08,Medan,SKU_BATIK_TULIS,Fashion Premium,1200000,0,6,0,6
2024-08-08,Makassar,SKU_HIJAB_INSTAN,Fashion,65000,0,32,0,32
2024-08-08,Makassar,SKU_KOPI_GAYO,Food & Beverage,220000,0,20,0,20
2024-08-08,Makassar,SKU_BATIK_TULIS,Fashion Premium,1200000,0,3,0,3
2024-08-09,Jakarta,SKU_HIJAB_INSTAN,Fashion,65000,0,178,0,178
2024-08-09,Jakarta,SKU_KOPI_GAYO,Food & Beverage,220000,0,90,0,90
2024-08-09,Jakarta,SKU_BATIK_TULIS,Fashion Premium,1200000,0,24,0,24
2024-08-09,Surabaya,SKU_HIJAB_INSTAN,Fashion,65000,0,102,0,102
2024-08-09,Surabaya,SKU_KOPI_GAYO,Food & Beverage,220000,0,35,0,35
2024-08-09,Surabaya,SKU_BATIK_TULIS,Fashion Premium,1200000,0,12,0,12
2024-08-09,Medan,SKU_HIJAB_INSTAN,Fashion,65000,0,64,0,64
2024-08-09,Medan,SKU_KOPI_GAYO,Food & Beverage,220000,0,41,0,41
2024-08-09,Medan,SKU_BATIK_TULIS,Fashion Premium,1200000,0,14,1,0
2024-08-09,Makassar,SKU_HIJAB_INSTAN,Fashion,65000,0,47,0,47
2024-08-09,Makassar,SKU_KOPI_GAYO,Food & Beverage,220000,0,14,0,14
2024-08-09,Makassar,SKU_BATIK_TULIS,Fashion Premium,1200000,0,5,0,5
2024-08-10,Jakarta,SKU_HIJAB_INSTAN,Fashion,65000,0,204,0,204
2024-08-10,Jakarta,SKU_KOPI_GAYO,Food & Beverage,220000,0,101,0,101
2024-08-10,Jakarta,SKU_BATIK_TULIS,Fashion Premium,1200000,0,29,0,29
2024-08-10,Surabaya,SKU_HIJAB_INSTAN,Fashion,65000,0,129,0,129
2024-08-10,Surabaya,SKU_KOPI_GAYO,Food & Beverage,220000,0,63,0,63
2024-08-10,Surabaya,SKU_BATIK_TULIS,Fashion Premium,1200000,0,15,0,15
2024-08-10,Medan,SKU_HIJAB_INSTAN,Fashion,65000,0,102,0,102
2024-08-10,Medan,SKU_KOPI_GAYO,Food & Beverage,220000,0,45,0,45
2024-08-10,Medan,SKU_BATIK_TULIS,Fashion Premium,1200000,0,9,0,9
2024-08-10,Makassar,SKU_HIJAB_INSTAN,Fashion,65000,0,55,0,55
2024-08-10,Makassar,SKU_KOPI_GAYO,Food & Beverage,220000,0,22,0,22
2024-08-10,Makassar,SKU_BATIK_TULIS,Fashion Premium,1200000,0,4,0,4
2024-08-11,Jakarta,SKU_HIJAB_INSTAN,Fashion,65000,0,199,0,199
2024-08-11,Jakarta,SKU_KOPI_GAYO,Food & Beverage,220000,0,99,0,99
2024-08-11,Jakarta,SKU_BATIK_TULIS,Fashion Premium,1200000,0,24,0,24
2024-08-11,Surabaya,SKU_HIJAB_INSTAN,Fashion,65000,0,121,1,0
2024-08-11,Surabaya,SKU_KOPI_GAYO,Food & Beverage,220000,0,61,0,61
2024-08-11,Surabaya,SKU_BATIK_TULIS,Fashion Premium,1200000,0,13,0,13
2024-08-11,Medan,SKU_HIJAB_INSTAN,Fashion,65000,0,66,0,66
2024-08-11,Medan,SKU_KOPI_GAYO,Food & Beverage,220000,0,28,0,28
2024-08-11,Medan,SKU_BATIK_TULIS,Fashion Premium,1200000,0,10,0,10
2024-08-11,Makassar,SKU_HIJAB_INSTAN,Fashion,65000,0,17,0,17
2024-08-11,Makassar,SKU_KOPI_GAYO,Food & Beverage,220000,0,22,0,22
2024-08-11,Makassar,SKU_BATIK_TULIS,Fashion Premium,1200000,0,4,0,4
2024-08-12,Jakarta,SKU_HIJAB_INSTAN,Fashion,65000,0,166,0,166
2024-08-12,Jakarta,SKU_KOPI_GAYO,Food & Beverage,220000,0,88,0,88
2024-08-12,Jakarta,SKU_BATIK_TULIS,Fashion Premium,1200000,0,19,0,19
2024-08-12,Surabaya,SKU_HIJAB_INSTAN,Fashion,65000,0,94,0,94
2024-08-12,Surabaya,SKU_KOPI_GAYO,Food & Beverage,220000,0,48,0,48
2024-08-12,Surabaya,SKU_BATIK_TULIS,Fashion Premium,1200000,0,11,0,11
2024-08-12,Medan,SKU_HIJAB_INSTAN,Fashion,65000,0,50,0,50
2024-08-12,Medan,SKU_KOPI_GAYO,Food & Beverage,220000,0,28,0,28
2024-08-12,Medan,SKU_BATIK_TULIS,Fashion Premium,1200000,0,7,0,7
2024-08-12,Makassar,SKU_HIJAB_INSTAN,Fashion,65000,0,40,0,40
2024-08-12,Makassar,SKU_KOPI_GAYO,Food & Beverage,220000,0,15,0,15
2024-08-12,Makassar,SKU_BATIK_TULIS,Fashion Premium,1200000,0,2,0,2
2024-08-13,Jakarta,SKU_HIJAB_INSTAN,Fashion,65000,0,148,0,148
2024-08-13,Jakarta,SKU_KOPI_GAYO,Food & Beverage,220000,0,102,0,102
2024-08-13,Jakarta,SKU_BATIK_TULIS,Fashion Premium,1200000,0,17,0,17
2024-08-13,Surabaya,SKU_HIJAB_INSTAN,Fashion,65000,0,125,0,125
2024-08-13,Surabaya,SKU_KOPI_GAYO,Food & Beverage,220000,0,62,0,62
2024-08-13,Surabaya,SKU_BATIK_TULIS,Fashion Premium,1200000,0,10,0,10
2024-08-13,Medan,SKU_HIJAB_INSTAN,Fashion,65000,0,62,0,62
2024-08-13,Medan,SKU_KOPI_GAYO,Food & Beverage,220000,0,29,0,29
2024-08-13,Medan,SKU_BATIK_TULIS,Fashion Premium,1200000,0,8,0,8
2024-08-13,Makassar,SKU_HIJAB_INSTAN,Fashion,65000,0,29,0,29
2024-08-13,Makassar,SKU_KOPI_GAYO,Food & Beverage,220000,0,11,0,11
2024-08-13,Makassar,SKU_BATIK_TULIS,Fashion Premium,1200000,0,2,0,2
2024-08-14,Jakarta,SKU_HIJAB_INSTAN,Fashion,65000,0,198,0,198
2024-08-14,Jakarta,SKU_KOPI_GAYO,Food & Beverage,220000,0,86,0,86
2024-08-14,Jakarta,SKU_BATIK_TULIS,Fashion Premium,1200000,0,17,0,17
2024-08-14,Surabaya,SKU_HIJAB_INSTAN,Fashion,65000,0,107,0,107
2024-08-14,Surabaya,SKU_KOPI_GAYO,Food & Beverage,220000,0,57,0,57
2024-08-14,Surabaya,SKU_BATIK_TULIS,Fashion Premium,1200000,0,9,0,9
2024-08-14,Medan,SKU_HIJAB_INSTAN,Fashion,65000,0,70,0,70
2024-08-14,Medan,SKU_KOPI_GAYO,Food & Beverage,220000,0,43,0,43
2024-08-14,Medan,SKU_BATIK_TULIS,Fashion Premium,1200000,0,10,0,10
2024-08-14,Makassar,SKU_HIJAB_INSTAN,Fashion,65000,0,21,0,21
2024-08-14,Makassar,SKU_KOPI_GAYO,Food & Beverage,220000,0,11,0,11
2024-08-14,Makassar,SKU_BATIK_TULIS,Fashion Premium,1200000,0,2,0,2
2024-08-15,Jakarta,SKU_HIJAB_INSTAN,Fashion,65000,0,194,0,194
2024-08-15,Jakarta,SKU_KOPI_GAYO,Food & Beverage,220000,0,86,0,86
2024-08-15,Jakarta,SKU_BATIK_TULIS,Fashion Premium,1200000,0,19,0,19
2024-08-15,Surabaya,SKU_HIJAB_INSTAN,Fashion,65000,0,107,0,107
2024-08-15,Surabaya,SKU_KOPI_GAYO,Food & Beverage,220000,0,73,0,73
2024-08-15,Surabaya,SKU_BATIK_TULIS,Fashion Premium,1200000,0,11,0,11
2024-08-15,Medan,SKU_HIJAB_INSTAN,Fashion,65000,0,65,0,65
2024-08-15,Medan,SKU_KOPI_GAYO,Food & Beverage,220000,0,42,0,42
2024-08-15,Medan,SKU_BATIK_TULIS,Fashion Premium,1200000,0,8,0,8
2024-08-15,Makassar,SKU_HIJAB_INSTAN,Fashion,65000,0,27,0,27
2024-08-15,Makassar,SKU_KOPI_GAYO,Food & Beverage,220000,0,29,0,29
2024-08-15,Makassar,SKU_BATIK_TULIS,Fashion Premium,1200000,0,2,0,2
2024-08-16,Jakarta,SKU_HIJAB_INSTAN,Fashion,65000,0,194,0,194
2024-08-16,Jakarta,SKU_KOPI_GAYO,Food & Beverage,220000,0,94,0,94
2024-08-16,Jakarta,SKU_BATIK_TULIS,Fashion Premium,1200000,0,22,0,22
2024-08-16,Surabaya,SKU_HIJAB_INSTAN,Fashion,65000,0,107,0,107
2024-08-16,Surabaya,SKU_KOPI_GAYO,Food & Beverage,220000,0,57,0,57
2024-08-16,Surabaya,SKU_BATIK_TULIS,Fashion Premium,1200000,0,14,0,14
2024-08-16,Medan,SKU_HIJAB_INSTAN,Fashion,65000,0,44,0,44
2024-08-16,Medan,SKU_KOPI_GAYO,Food & Beverage,220000,0,35,0,35
2024-08-16,Medan,SKU_BATIK_TULIS,Fashion Premium,1200000,0,7,0,7
2024-08-16,Makassar,SKU_HIJAB_INSTAN,Fashion,65000,0,74,0,74
2024-08-16,Makassar,SKU_KOPI_GAYO,Food & Beverage,220000,0,33,0,33
2024-08-16,Makassar,SKU_BATIK_TULIS,Fashion Premium,1200000,0,5,0,5
2024-08-17,Jakarta,SKU_HIJAB_INSTAN,Fashion,65000,0,201,0,201
2024-08-17,Jakarta,SKU_KOPI_GAYO,Food & Beverage,220000,0,96,0,96
2024-08-17,Jakarta,SKU_BATIK_TULIS,Fashion Premium,1200000,0,25,0,25
2024-08-17,Surabaya,SKU_HIJAB_INSTAN,Fashion,65000,0,120,0,120
2024-08-17,Surabaya,SKU_KOPI_GAYO,Food & Beverage,220000,0,64,0,64
2024-08-17,Surabaya,SKU_BATIK_TULIS,Fashion Premium,1200000,0,18,0,18
2024-08-17,Medan,SKU_HIJAB_INSTAN,Fashion,65000,0,39,0,39
2024-08-17,Medan,SKU_KOPI_GAYO,Food & Beverage,220000,0,37,0,37
2024-08-17,Medan,SKU_BATIK_TULIS,Fashion Premium,1200000,0,14,0,14
2024-08-17,Makassar,SKU_HIJAB_INSTAN,Fashion,65000,0,38,0,38
2024-08-17,Makassar,SKU_KOPI_GAYO,Food & Beverage,220000,0,22,0,22
2024-08-17,Makassar,SKU_BATIK_TULIS,Fashion Premium,1200000,0,2,0,2
2024-08-18,Jakarta,SKU_HIJAB_INSTAN,Fashion,65000,0,227,0,227
2024-08-18,Jakarta,SKU_KOPI_GAYO,Food & Beverage,220000,0,89,0,89
2024-08-18,Jakarta,SKU_BATIK_TULIS,Fashion Premium,1200000,0,24,0,24
2024-08-18,Surabaya,SKU_HIJAB_INSTAN,Fashion,65000,0,108,0,108
2024-08-18,Surabaya,SKU_KOPI_GAYO,Food & Beverage,220000,0,40,0,40
2024-08-18,Surabaya,SKU_BATIK_TULIS,Fashion Premium,1200000,0,15,0,15
2024-08-18,Medan,SKU_HIJAB_INSTAN,Fashion,65000,0,94,0,94
2024-08-18,Medan,SKU_KOPI_GAYO,Food & Beverage,220000,0,38,0,38
2024-08-18,Medan,SKU_BATIK_TULIS,Fashion Premium,1200000,0,7,0,7
2024-08-18,Makassar,SKU_HIJAB_INSTAN,Fashion,65000,0,80,1,0
2024-08-18,Makassar,SKU_KOPI_GAYO,Food & Beverage,220000,0,25,0,25
2024-08-18,Makassar,SKU_BATIK_TULIS,Fashion Premium,1200000,0,5,0,5
2024-08-19,Jakarta,SKU_HIJAB_INSTAN,Fashion,65000,0,185,0,185
2024-08-19,Jakarta,SKU_KOPI_GAYO,Food & Beverage,220000,0,86,0,86
2024-08-19,Jakarta,SKU_BATIK_TULIS,Fashion Premium,1200000,0,18,0,18
2024-08-19,Surabaya,SKU_HIJAB_INSTAN,Fashion,65000,0,111,0,111
2024-08-19,Surabaya,SKU_KOPI_GAYO,Food & Beverage,220000,0,61,0,61
2024-08-19,Surabaya,SKU_BATIK_TULIS,Fashion Premium,1200000,0,9,0,9
2024-08-19,Medan,SKU_HIJAB_INSTAN,Fashion,65000,0,53,0,53
2024-08-19,Medan,SKU_KOPI_GAYO,Food & Beverage,220000,0,37,0,37
2024-08-19,Medan,SKU_BATIK_TULIS,Fashion Premium,1200000,0,5,0,5
2024-08-19,Makassar,SKU_HIJAB_INSTAN,Fashion,65000,0,62,0,62
2024-08-19,Makassar,SKU_KOPI_GAYO,Food & Beverage,220000,0,8,0,8
2024-08-19,Makassar,SKU_BATIK_TULIS,Fashion Premium,1200000,0,5,0,5
2024-08-20,Jakarta,SKU_HIJAB_INSTAN,Fashion,65000,0,152,0,152
2024-08-20,Jakarta,SKU_KOPI_GAYO,Food & Beverage,220000,0,84,0,84
2024-08-20,Jakarta,SKU_BATIK_TULIS,Fashion Premium,1200000,0,14,0,14
2024-08-20,Surabaya,SKU_HIJAB_INSTAN,Fashion,65000,0,98,0,98
2024-08-20,Surabaya,SKU_KOPI_GAYO,Food & Beverage,220000,0,53,0,53
2024-08-20,Surabaya,SKU_BATIK_TULIS,Fashion Premium,1200000,0,9,0,9
2024-08-20,Medan,SKU_HIJAB_INSTAN,Fashion,65000,0,76,0,76
2024-08-20,Medan,SKU_KOPI_GAYO,Food & Beverage,220000,0,35,0,35
2024-08-20,Medan,SKU_BATIK_TULIS,Fashion Premium,1200000,0,4,0,4
2024-08-20,Makassar,SKU_HIJAB_INSTAN,Fashion,65000,0,22,0,22
2024-08-20,Makassar,SKU_KOPI_GAYO,Food & Beverage,220000,0,15,0,15
2024-08-20,Makassar,SKU_BATIK_TULIS,Fashion Premium,1200000,0,4,0,4
2024-08-21,Jakarta,SKU_HIJAB_INSTAN,Fashion,65000,0,181,0,181
2024-08-21,Jakarta,SKU_KOPI_GAYO,Food & Beverage,220000,0,88,0,88
2024-08-21,Jakarta,SKU_BATIK_TULIS,Fashion Premium,1200000,0,15,0,15
2024-08-21,Surabaya,SKU_HIJAB_INSTAN,Fashion,65000,0,110,0,110
2024-08-21,Surabaya,SKU_KOPI_GAYO,Food & Beverage,220000,0,65,0,65
2024-08-21,Surabaya,SKU_BATIK_TULIS,Fashion Premium,1200000,0,10,0,10
2024-08-21,Medan,SKU_HIJAB_INSTAN,Fashion,65000,0,59,0,59
2024-08-21,Medan,SKU_KOPI_GAYO,Food & Beverage,220000,0,41,0,41
2024-08-21,Medan,SKU_BATIK_TULIS,Fashion Premium,1200000,0,8,0,8
2024-08-21,Makassar,SKU_HIJAB_INSTAN,Fashion,65000,0,33,0,33
2024-08-21,Makassar,SKU_KOPI_GAYO,Food & Beverage,220000,0,23,1,0
2024-08-21,Makassar,SKU_BATIK_TULIS,Fashion Premium,1200000,0,3,0,3
2024-08-22,Jakarta,SKU_HIJAB_INSTAN,Fashion,65000,0,196,0,196
2024-08-22,Jakarta,SKU_KOPI_GAYO,Food & Beverage,220000,0,104,0,104
2024-08-22,Jakarta,SKU_BATIK_TULIS,Fashion Premium,1200000,0,21,0,21
2024-08-22,Surabaya,SKU_HIJAB_INSTAN,Fashion,65000,0,119,0,119
2024-08-22,Surabaya,SKU_KOPI_GAYO,Food & Beverage,220000,0,69,0,69
2024-08-22,Surabaya,SKU_BATIK_TULIS,Fashion Premium,1200000,0,11,0,11
2024-08-22,Medan,SKU_HIJAB_INSTAN,Fashion,65000,0,82,0,82
2024-08-22,Medan,SKU_KOPI_GAYO,Food & Beverage,220000,0,36,0,36
2024-08-22,Medan,SKU_BATIK_TULIS,Fashion Premium,1200000,0,8,0,8
2024-08-22,Makassar,SKU_HIJAB_INSTAN,Fashion,65000,0,47,0,47
2024-08-22,Makassar,SKU_KOPI_GAYO,Food & Beverage,220000,0,26,0,26
2024-08-22,Makassar,SKU_BATIK_TULIS,Fashion Premium,1200000,0,4,0,4
2024-08-23,Jakarta,SKU_HIJAB_INSTAN,Fashion,65000,0,167,0,167
2024-08-23,Jakarta,SKU_KOPI_GAYO,Food & Beverage,220000,0,95,0,95
2024-08-23,Jakarta,SKU_BATIK_TULIS,Fashion Premium,1200000,0,24,0,24
2024-08-23,Surabaya,SKU_HIJAB_INSTAN,Fashion,65000,0,122,0,122
2024-08-23,Surabaya,SKU_KOPI_GAYO,Food & Beverage,220000,0,61,0,61
2024-08-23,Surabaya,SKU_BATIK_TULIS,Fashion Premium,1200000,0,15,0,15
2024-08-23,Medan,SKU_HIJAB_INSTAN,Fashion,65000,0,61,0,61
2024-08-23,Medan,SKU_KOPI_GAYO,Food & Beverage,220000,0,45,0,45
2024-08-23,Medan,SKU_BATIK_TULIS,Fashion Premium,1200000,0,12,0,12
2024-08-23,Makassar,SKU_HIJAB_INSTAN,Fashion,65000,0,33,0,33
2024-08-23,Makassar,SKU_KOPI_GAYO,Food & Beverage,220000,0,27,0,27
2024-08-23,Makassar,SKU_BATIK_TULIS,Fashion Premium,1200000,0,4,0,4
2024-08-24,Jakarta,SKU_HIJAB_INSTAN,Fashion,65000,0,222,0,222
2024-08-24,Jakarta,SKU_KOPI_GAYO,Food & Beverage,220000,0,107,0,107
2024-08-24,Jakarta,SKU_BATIK_TULIS,Fashion Premium,1200000,0,26,0,26
2024-08-24,Surabaya,SKU_HIJAB_INSTAN,Fashion,65000,0,122,0,122
2024-08-24,Surabaya,SKU_KOPI_GAYO,Food & Beverage,220000,0,63,0,63
2024-08-24,Surabaya,SKU_BATIK_TULIS,Fashion Premium,1200000,0,13,0,13
2024-08-24,Medan,SKU_HIJAB_INSTAN,Fashion,65000,0,62,0,62
2024-08-24,Medan,SKU_KOPI_GAYO,Food & Beverage,220000,0,23,0,23
2024-08-24,Medan,SKU_BATIK_TULIS,Fashion Premium,1200000,0,13,0,13
2024-08-24,Makassar,SKU_HIJAB_INSTAN,Fashion,65000,0,51,0,51
2024-08-24,Makassar,SKU_KOPI_GAYO,Food & Beverage,220000,0,25,0,25
2024-08-24,Makassar,SKU_BATIK_TULIS,Fashion Premium,1200000,0,5,0,5
2024-08-25,Jakarta,SKU_HIJAB_INSTAN,Fashion,65000,0,226,0,226
2024-08-25,Jakarta,SKU_KOPI_GAYO,Food & Beverage,176000,1,167,0,167
2024-08-25,Jakarta,SKU_BATIK_TULIS,Fashion Premium,960000,1,45,0,45
2024-08-25,Surabaya,SKU_HIJAB_INSTAN,Fashion,65000,0,125,0,125
2024-08-25,Surabaya,SKU_KOPI_GAYO,Food & Beverage,176000,1,84,0,84
2024-08-25,Surabaya,SKU_BATIK_TULIS,Fashion Premium,1200000,0,13,0,13
2024-08-25,Medan,SKU_HIJAB_INSTAN,Fashion,52000,1,144,0,144
2024-08-25,Medan,SKU_KOPI_GAYO,Food & Beverage,176000,1,36,0,36
2024-08-25,Medan,SKU_BATIK_TULIS,Fashion Premium,960000,1,12,0,12
2024-08-25,Makassar,SKU_HIJAB_INSTAN,Fashion,52000,1,69,0,69
2024-08-25,Makassar,SKU_KOPI_GAYO,Food & Beverage,176000,1,21,0,21
2024-08-25,Makassar,SKU_BATIK_TULIS,Fashion Premium,1200000,0,2,0,2
2024-08-26,Jakarta,SKU_HIJAB_INSTAN,Fashion,52000,1,233,0,233
2024-08-26,Jakarta,SKU_KOPI_GAYO,Food & Beverage,220000,0,99,0,99
2024-08-26,Jakarta,SKU_BATIK_TULIS,Fashion Premium,1200000,0,19,0,19
2024-08-26,Surabaya,SKU_HIJAB_INSTAN,Fashion,65000,0,114,0,114
2024-08-26,Surabaya,SKU_KOPI_GAYO,Food & Beverage,176000,1,91,0,91
2024-08-26,Surabaya,SKU_BATIK_TULIS,Fashion Premium,1200000,0,9,0,9
2024-08-26,Medan,SKU_HIJAB_INSTAN,Fashion,65000,0,45,0,45
2024-08-26,Medan,SKU_KOPI_GAYO,Food & Beverage,176000,1,40,0,40
2024-08-26,Medan,SKU_BATIK_TULIS,Fashion Premium,1200000,0,7,0,7
2024-08-26,Makassar,SKU_HIJAB_INSTAN,Fashion,52000,1,62,0,62
2024-08-26,Makassar,SKU_KOPI_GAYO,Food & Beverage,220000,0,17,0,17
2024-08-26,Makassar,SKU_BATIK_TULIS,Fashion Premium,1200000,0,3,0,3
2024-08-27,Jakarta,SKU_HIJAB_INSTAN,Fashion,65000,0,209,0,209
2024-08-27,Jakarta,SKU_KOPI_GAYO,Food & Beverage,220000,0,105,0,105
2024-08-27,Jakarta,SKU_BATIK_TULIS,Fashion Premium,960000,1,32,1,0
2024-08-27,Surabaya,SKU_HIJAB_INSTAN,Fashion,52000,1,153,0,153
2024-08-27,Surabaya,SKU_KOPI_GAYO,Food & Beverage,220000,0,65,0,65
2024-08-27,Surabaya,SKU_BATIK_TULIS,Fashion Premium,1200000,0,12,0,12
2024-08-27,Medan,SKU_HIJAB_INSTAN,Fashion,65000,0,55,0,55
2024-08-27,Medan,SKU_KOPI_GAYO,Food & Beverage,220000,0,42,0,42
2024-08-27,Medan,SKU_BATIK_TULIS,Fashion Premium,960000,1,11,0,11
2024-08-27,Makassar,SKU_HIJAB_INSTAN,Fashion,65000,0,44,0,44
2024-08-27,Makassar,SKU_KOPI_GAYO,Food & Beverage,220000,0,14,0,14
2024-08-27,Makassar,SKU_BATIK_TULIS,Fashion Premium,960000,1,3,0,3
2024-08-28,Jakarta,SKU_HIJAB_INSTAN,Fashion,52000,1,277,0,277
2024-08-28,Jakarta,SKU_KOPI_GAYO,Food & Beverage,176000,1,153,0,153
2024-08-28,Jakarta,SKU_BATIK_TULIS,Fashion Premium,1200000,0,23,0,23
2024-08-28,Surabaya,SKU_HIJAB_INSTAN,Fashion,65000,0,122,0,122
2024-08-28,Surabaya,SKU_KOPI_GAYO,Food & Beverage,220000,0,65,0,65
2024-08-28,Surabaya,SKU_BATIK_TULIS,Fashion Premium,1200000,0,9,0,9
2024-08-28,Medan,SKU_HIJAB_INSTAN,Fashion,52000,1,153,0,153
2024-08-28,Medan,SKU_KOPI_GAYO,Food & Beverage,220000,0,45,0,45
2024-08-28,Medan,SKU_BATIK_TULIS,Fashion Premium,960000,1,9,0,9
2024-08-28,Makassar,SKU_HIJAB_INSTAN,Fashion,65000,0,61,0,61
2024-08-28,Makassar,SKU_KOPI_GAYO,Food & Beverage,176000,1,49,0,49
2024-08-28,Makassar,SKU_BATIK_TULIS,Fashion Premium,1200000,0,4,0,4
2024-08-29,Jakarta,SKU_HIJAB_INSTAN,Fashion,65000,0,190,0,190
2024-08-29,Jakarta,SKU_KOPI_GAYO,Food & Beverage,220000,0,84,0,84
2024-08-29,Jakarta,SKU_BATIK_TULIS,Fashion Premium,1200000,0,20,0,20
2024-08-29,Surabaya,SKU_HIJAB_INSTAN,Fashion,65000,0,102,0,102
2024-08-29,Surabaya,SKU_KOPI_GAYO,Food & Beverage,220000,0,53,0,53
2024-08-29,Surabaya,SKU_BATIK_TULIS,Fashion Premium,1200000,0,10,0,10
2024-08-29,Medan,SKU_HIJAB_INSTAN,Fashion,65000,0,88,0,88
2024-08-29,Medan,SKU_KOPI_GAYO,Food & Beverage,220000,0,28,0,28
2024-08-29,Medan,SKU_BATIK_TULIS,Fashion Premium,1200000,0,7,0,7
2024-08-29,Makassar,SKU_HIJAB_INSTAN,Fashion,65000,0,31,0,31
2024-08-29,Makassar,SKU_KOPI_GAYO,Food & Beverage,220000,0,15,0,15
2024-08-29,Makassar,SKU_BATIK_TULIS,Fashion Premium,1200000,0,7,0,7
2024-08-30,Jakarta,SKU_HIJAB_INSTAN,Fashion,65000,0,188,0,188
2024-08-30,Jakarta,SKU_KOPI_GAYO,Food & Beverage,220000,0,90,0,90
2024-08-30,Jakarta,SKU_BATIK_TULIS,Fashion Premium,1200000,0,19,0,19
2024-08-30,Surabaya,SKU_HIJAB_INSTAN,Fashion,65000,0,105,0,105
2024-08-30,Surabaya,SKU_KOPI_GAYO,Food & Beverage,220000,0,69,0,69
2024-08-30,Surabaya,SKU_BATIK_TULIS,Fashion Premium,1200000,0,14,0,14
2024-08-30,Medan,SKU_HIJAB_INSTAN,Fashion,65000,0,81,0,81
2024-08-30,Medan,SKU_KOPI_GAYO,Food & Beverage,220000,0,33,0,33
2024-08-30,Medan,SKU_BATIK_TULIS,Fashion Premium,1200000,0,11,0,11
2024-08-30,Makassar,SKU_HIJAB_INSTAN,Fashion,65000,0,48,0,48
2024-08-30,Makassar,SKU_KOPI_GAYO,Food & Beverage,220000,0,16,0,16
2024-08-30,Makassar,SKU_BATIK_TULIS,Fashion Premium,1200000,0,2,0,2
2024-08-31,Jakarta,SKU_HIJAB_INSTAN,Fashion,65000,0,214,0,214
2024-08-31,Jakarta,SKU_KOPI_GAYO,Food & Beverage,220000,0,93,0,93
2024-08-31,Jakarta,SKU_BATIK_TULIS,Fashion Premium,1200000,0,25,0,25
2024-08-31,Surabaya,SKU_HIJAB_INSTAN,Fashion,65000,0,131,0,131
2024-08-31,Surabaya,SKU_KOPI_GAYO,Food & Beverage,220000,0,54,0,54
2024-08-31,Surabaya,SKU_BATIK_TULIS,Fashion Premium,1200000,0,11,0,11
2024-08-31,Medan,SKU_HIJAB_INSTAN,Fashion,65000,0,93,0,93
2024-08-31,Medan,SKU_KOPI_GAYO,Food & Beverage,220000,0,34,0,34
2024-08-31,Medan,SKU_BATIK_TULIS,Fashion Premium,1200000,0,10,0,10
2024-08-31,Makassar,SKU_HIJAB_INSTAN,Fashion,65000,0,40,0,40
2024-08-31,Makassar,SKU_KOPI_GAYO,Food & Beverage,220000,0,34,0,34
2024-08-31,Makassar,SKU_BATIK_TULIS,Fashion Premium,1200000,0,5,0,5
2024-09-01,Jakarta,SKU_HIJAB_INSTAN,Fashion,65000,0,221,0,221
2024-09-01,Jakarta,SKU_KOPI_GAYO,Food & Beverage,220000,0,95,0,95
2024-09-01,Jakarta,SKU_BATIK_TULIS,Fashion Premium,1200000,0,22,0,22
2024-09-01,Surabaya,SKU_HIJAB_INSTAN,Fashion,65000,0,131,0,131
2024-09-01,Surabaya,SKU_KOPI_GAYO,Food & Beverage,220000,0,53,0,53
2024-09-01,Surabaya,SKU_BATIK_TULIS,Fashion Premium,1200000,0,15,0,15
2024-09-01,Medan,SKU_HIJAB_INSTAN,Fashion,65000,0,62,0,62
2024-09-01,Medan,SKU_KOPI_GAYO,Food & Beverage,220000,0,42,0,42
2024-09-01,Medan,SKU_BATIK_TULIS,Fashion Premium,1200000,0,9,0,9
2024-09-01,Makassar,SKU_HIJAB_INSTAN,Fashion,65000,0,66,0,66
2024-09-01,Makassar,SKU_KOPI_GAYO,Food & Beverage,220000,0,23,0,23
2024-09-01,Makassar,SKU_BATIK_TULIS,Fashion Premium,1200000,0,4,0,4
2024-09-02,Jakarta,SKU_HIJAB_INSTAN,Fashion,65000,0,181,0,181
2024-09-02,Jakarta,SKU_KOPI_GAYO,Food & Beverage,220000,0,74,0,74
2024-09-02,Jakarta,SKU_BATIK_TULIS,Fashion Premium,1200000,0,16,0,16
2024-09-02,Surabaya,SKU_HIJAB_INSTAN,Fashion,65000,0,111,0,111
2024-09-02,Surabaya,SKU_KOPI_GAYO,Food & Beverage,220000,0,59,0,59
2024-09-02,Surabaya,SKU_BATIK_TULIS,Fashion Premium,1200000,0,10,0,10
2024-09-02,Medan,SKU_HIJAB_INSTAN,Fashion,65000,0,75,0,75
2024-09-02,Medan,SKU_KOPI_GAYO,Food & Beverage,220000,0,33,0,33
2024-09-02,Medan,SKU_BATIK_TULIS,Fashion Premium,1200000,0,6,0,6
2024-09-02,Makassar,SKU_HIJAB_INSTAN,Fashion,65000,0,26,0,26
2024-09-02,Makassar,SKU_KOPI_GAYO,Food & Beverage,220000,0,12,0,12
2024-09-02,Makassar,SKU_BATIK_TULIS,Fashion Premium,1200000,0,2,0,2
2024-09-03,Jakarta,SKU_HIJAB_INSTAN,Fashion,65000,0,173,0,173
2024-09-03,Jakarta,SKU_KOPI_GAYO,Food & Beverage,220000,0,94,0,94
2024-09-03,Jakarta,SKU_BATIK_TULIS,Fashion Premium,1200000,0,18,0,18
2024-09-03,Surabaya,SKU_HIJAB_INSTAN,Fashion,65000,0,118,0,118
2024-09-03,Surabaya,SKU_KOPI_GAYO,Food & Beverage,220000,0,57,0,57
2024-09-03,Surabaya,SKU_BATIK_TULIS,Fashion Premium,1200000,0,11,0,11
2024-09-03,Medan,SKU_HIJAB_INSTAN,Fashion,65000,0,70,0,70
2024-09-03,Medan,SKU_KOPI_GAYO,Food & Beverage,220000,0,40,0,40
2024-09-03,Medan,SKU_BATIK_TULIS,Fashion Premium,1200000,0,6,0,6
2024-09-03,Makassar,SKU_HIJAB_INSTAN,Fashion,65000,0,35,0,35
2024-09-03,Makassar,SKU_KOPI_GAYO,Food & Beverage,220000,0,16,0,16
2024-09-03,Makassar,SKU_BATIK_TULIS,Fashion Premium,1200000,0,2,0,2
2024-09-04,Jakarta,SKU_HIJAB_INSTAN,Fashion,65000,0,159,0,159
2024-09-04,Jakarta,SKU_KOPI_GAYO,Food & Beverage,220000,0,82,1,0
2024-09-04,Jakarta,SKU_BATIK_TULIS,Fashion Premium,1200000,0,18,0,18
2024-09-04,Surabaya,SKU_HIJAB_INSTAN,Fashion,65000,0,128,0,128
2024-09-04,Surabaya,SKU_KOPI_GAYO,Food & Beverage,220000,0,64,0,64
2024-09-04,Surabaya,SKU_BATIK_TULIS,Fashion Premium,1200000,0,8,0,8
2024-09-04,Medan,SKU_HIJAB_INSTAN,Fashion,65000,0,80,0,80
2024-09-04,Medan,SKU_KOPI_GAYO,Food & Beverage,220000,0,33,0,33
2024-09-04,Medan,SKU_BATIK_TULIS,Fashion Premium,1200000,0,6,0,6
2024-09-04,Makassar,SKU_HIJAB_INSTAN,Fashion,65000,0,38,0,38
2024-09-04,Makassar,SKU_KOPI_GAYO,Food & Beverage,220000,0,14,0,14
2024-09-04,Makassar,SKU_BATIK_TULIS,Fashion Premium,1200000,0,2,0,2
2024-09-05,Jakarta,SKU_HIJAB_INSTAN,Fashion,65000,0,171,0,171
2024-09-05,Jakarta,SKU_KOPI_GAYO,Food & Beverage,220000,0,91,0,91
2024-09-05,Jakarta,SKU_BATIK_TULIS,Fashion Premium,1200000,0,22,0,22
2024-09-05,Surabaya,SKU_HIJAB_INSTAN,Fashion,65000,0,87,0,87
2024-09-05,Surabaya,SKU_KOPI_GAYO,Food & Beverage,220000,0,47,0,47
2024-09-05,Surabaya,SKU_BATIK_TULIS,Fashion Premium,1200000,0,11,0,11
2024-09-05,Medan,SKU_HIJAB_INSTAN,Fashion,65000,0,63,0,63
2024-09-05,Medan,SKU_KOPI_GAYO,Food & Beverage,220000,0,41,0,41
2024-09-05,Medan,SKU_BATIK_TULIS,Fashion Premium,1200000,0,7,0,7
2024-09-05,Makassar,SKU_HIJAB_INSTAN,Fashion,65000,0,16,0,16
2024-09-05,Makassar,SKU_KOPI_GAYO,Food & Beverage,220000,0,15,0,15
2024-09-05,Makassar,SKU_BATIK_TULIS,Fashion Premium,1200000,0,4,0,4
2024-09-06,Jakarta,SKU_HIJAB_INSTAN,Fashion,65000,0,206,0,206
2024-09-06,Jakarta,SKU_KOPI_GAYO,Food & Beverage,220000,0,88,0,88
2024-09-06,Jakarta,SKU_BATIK_TULIS,Fashion Premium,1200000,0,23,0,23
2024-09-06,Surabaya,SKU_HIJAB_INSTAN,Fashion,65000,0,112,0,112
2024-09-06,Surabaya,SKU_KOPI_GAYO,Food & Beverage,220000,0,67,0,67
2024-09-06,Surabaya,SKU_BATIK_TULIS,Fashion Premium,1200000,0,12,0,12
2024-09-06,Medan,SKU_HIJAB_INSTAN,Fashion,65000,0,57,0,57
2024-09-06,Medan,SKU_KOPI_GAYO,Food & Beverage,220000,0,33,0,33
2024-09-06,Medan,SKU_BATIK_TULIS,Fashion Premium,1200000,0,5,0,5
2024-09-06,Makassar,SKU_HIJAB_INSTAN,Fashion,65000,0,11,0,11
2024-09-06,Makassar,SKU_KOPI_GAYO,Food & Beverage,220000,0,6,0,6
2024-09-06,Makassar,SKU_BATIK_TULIS,Fashion Premium,1200000,0,5,0,5
2024-09-07,Jakarta,SKU_HIJAB_INSTAN,Fashion,65000,0,221,0,221
2024-09-07,Jakarta,SKU_KOPI_GAYO,Food & Beverage,220000,0,104,0,104
2024-09-07,Jakarta,SKU_BATIK_TULIS,Fashion Premium,1200000,0,24,0,24
2024-09-07,Surabaya,SKU_HIJAB_INSTAN,Fashion,65000,0,113,0,113
2024-09-07,Surabaya,SKU_KOPI_GAYO,Food & Beverage,220000,0,77,0,77
2024-09-07,Surabaya,SKU_BATIK_TULIS,Fashion Premium,1200000,0,15,0,15
2024-09-07,Medan,SKU_HIJAB_INSTAN,Fashion,65000,0,68,0,68
2024-09-07,Medan,SKU_KOPI_GAYO,Food & Beverage,220000,0,51,0,51
2024-09-07,Medan,SKU_BATIK_TULIS,Fashion Premium,1200000,0,13,0,13
2024-09-07,Makassar,SKU_HIJAB_INSTAN,Fashion,65000,0,53,0,53
2024-09-07,Makassar,SKU_KOPI_GAYO,Food & Beverage,220000,0,18,0,18
2024-09-07,Makassar,SKU_BATIK_TULIS,Fashion Premium,1200000,0,3,0,3
2024-09-08,Jakarta,SKU_HIJAB_INSTAN,Fashion,65000,0,198,0,198
2024-09-08,Jakarta,SKU_KOPI_GAYO,Food & Beverage,220000,0,107,0,107
2024-09-08,Jakarta,SKU_BATIK_TULIS,Fashion Premium,1200000,0,22,0,22
2024-09-08,Surabaya,SKU_HIJAB_INSTAN,Fashion,65000,0,103,0,103
2024-09-08,Surabaya,SKU_KOPI_GAYO,Food & Beverage,220000,0,63,0,63
2024-09-08,Surabaya,SKU_BATIK_TULIS,Fashion Premium,1200000,0,14,0,14
2024-09-08,Medan,SKU_HIJAB_INSTAN,Fashion,65000,0,71,0,71
2024-09-08,Medan,SKU_KOPI_GAYO,Food & Beverage,220000,0,34,0,34
2024-09-08,Medan,SKU_BATIK_TULIS,Fashion Premium,1200000,0,5,0,5
2024-09-08,Makassar,SKU_HIJAB_INSTAN,Fashion,65000,0,32,0,32
2024-09-08,Makassar,SKU_KOPI_GAYO,Food & Beverage,220000,0,27,0,27
2024-09-08,Makassar,SKU_BATIK_TULIS,Fashion Premium,1200000,0,3,0,3
2024-09-09,Jakarta,SKU_HIJAB_INSTAN,Fashion,65000,0,203,0,203
2024-09-09,Jakarta,SKU_KOPI_GAYO,Food & Beverage,220000,0,90,0,90
2024-09-09,Jakarta,SKU_BATIK_TULIS,Fashion Premium,1200000,0,12,0,12
2024-09-09,Surabaya,SKU_HIJAB_INSTAN,Fashion,65000,0,83,0,83
2024-09-09,Surabaya,SKU_KOPI_GAYO,Food & Beverage,220000,0,30,0,30
2024-09-09,Surabaya,SKU_BATIK_TULIS,Fashion Premium,1200000,0,12,0,12
2024-09-09,Medan,SKU_HIJAB_INSTAN,Fashion,65000,0,71,0,71
2024-09-09,Medan,SKU_KOPI_GAYO,Food & Beverage,220000,0,29,0,29
2024-09-09,Medan,SKU_BATIK_TULIS,Fashion Premium,1200000,0,7,0,7
2024-09-09,Makassar,SKU_HIJAB_INSTAN,Fashion,65000,0,50,0,50
2024-09-09,Makassar,SKU_KOPI_GAYO,Food & Beverage,220000,0,24,0,24
2024-09-09,Makassar,SKU_BATIK_TULIS,Fashion Premium,1200000,0,4,0,4
2024-09-10,Jakarta,SKU_HIJAB_INSTAN,Fashion,65000,0,169,0,169
2024-09-10,Jakarta,SKU_KOPI_GAYO,Food & Beverage,220000,0,84,0,84
2024-09-10,Jakarta,SKU_BATIK_TULIS,Fashion Premium,1200000,0,17,0,17
2024-09-10,Surabaya,SKU_HIJAB_INSTAN,Fashion,65000,0,93,0,93
2024-09-10,Surabaya,SKU_KOPI_GAYO,Food & Beverage,220000,0,51,0,51
2024-09-10,Surabaya,SKU_BATIK_TULIS,Fashion Premium,1200000,0,9,0,9
2024-09-10,Medan,SKU_HIJAB_INSTAN,Fashion,65000,0,60,0,60
2024-09-10,Medan,SKU_KOPI_GAYO,Food & Beverage,220000,0,40,0,40
2024-09-10,Medan,SKU_BATIK_TULIS,Fashion Premium,1200000,0,5,0,5
2024-09-10,Makassar,SKU_HIJAB_INSTAN,Fashion,65000,0,43,0,43
2024-09-10,Makassar,SKU_KOPI_GAYO,Food & Beverage,220000,0,27,0,27
2024-09-10,Makassar,SKU_BATIK_TULIS,Fashion Premium,1200000,0,2,0,2
2024-09-11,Jakarta,SKU_HIJAB_INSTAN,Fashion,65000,0,165,0,165
2024-09-11,Jakarta,SKU_KOPI_GAYO,Food & Beverage,220000,0,99,0,99
2024-09-11,Jakarta,SKU_BATIK_TULIS,Fashion Premium,1200000,0,18,0,18
2024-09-11,Surabaya,SKU_HIJAB_INSTAN,Fashion,65000,0,97,0,97
2024-09-11,Surabaya,SKU_KOPI_GAYO,Food & Beverage,220000,0,52,0,52
2024-09-11,Surabaya,SKU_BATIK_TULIS,Fashion Premium,1200000,0,11,0,11
2024-09-11,Medan,SKU_HIJAB_INSTAN,Fashion,65000,0,50,0,50
2024-09-11,Medan,SKU_KOPI_GAYO,Food & Beverage,220000,0,49,0,49
2024-09-11,Medan,SKU_BATIK_TULIS,Fashion Premium,1200000,0,8,0,8
2024-09-11,Makassar,SKU_HIJAB_INSTAN,Fashion,65000,0,36,0,36
2024-09-11,Makassar,SKU_KOPI_GAYO,Food & Beverage,220000,0,30,0,30
2024-09-11,Makassar,SKU_BATIK_TULIS,Fashion Premium,1200000,0,5,0,5
2024-09-12,Jakarta,SKU_HIJAB_INSTAN,Fashion,65000,0,182,0,182
2024-09-12,Jakarta,SKU_KOPI_GAYO,Food & Beverage,220000,0,92,0,92
2024-09-12,Jakarta,SKU_BATIK_TULIS,Fashion Premium,1200000,0,19,0,19
2024-09-12,Surabaya,SKU_HIJAB_INSTAN,Fashion,65000,0,119,0,119
2024-09-12,Surabaya,SKU_KOPI_GAYO,Food & Beverage,220000,0,60,0,60
2024-09-12,Surabaya,SKU_BATIK_TULIS,Fashion Premium,1200000,0,9,0,9
2024-09-12,Medan,SKU_HIJAB_INSTAN,Fashion,65000,0,79,0,79
2024-09-12,Medan,SKU_KOPI_GAYO,Food & Beverage,220000,0,40,0,40
2024-09-12,Medan,SKU_BATIK_TULIS,Fashion Premium,1200000,0,4,0,4
2024-09-12,Makassar,SKU_HIJAB_INSTAN,Fashion,65000,0,33,0,33
2024-09-12,Makassar,SKU_KOPI_GAYO,Food & Beverage,220000,0,19,0,19
2024-09-12,Makassar,SKU_BATIK_TULIS,Fashion Premium,1200000,0,2,0,2
2024-09-13,Jakarta,SKU_HIJAB_INSTAN,Fashion,65000,0,176,0,176
2024-09-13,Jakarta,SKU_KOPI_GAYO,Food & Beverage,220000,0,90,0,90
2024-09-13,Jakarta,SKU_BATIK_TULIS,Fashion Premium,1200000,0,24,0,24
2024-09-13,Surabaya,SKU_HIJAB_INSTAN,Fashion,65000,0,137,0,137
2024-09-13,Surabaya,SKU_KOPI_GAYO,Food & Beverage,220000,0,62,0,62
2024-09-13,Surabaya,SKU_BATIK_TULIS,Fashion Premium,1200000,0,14,0,14
2024-09-13,Medan,SKU_HIJAB_INSTAN,Fashion,65000,0,89,0,89
2024-09-13,Medan,SKU_KOPI_GAYO,Food & Beverage,220000,0,20,0,20
2024-09-13,Medan,SKU_BATIK_TULIS,Fashion Premium,1200000,0,11,0,11
2024-09-13,Makassar,SKU_HIJAB_INSTAN,Fashion,65000,0,36,0,36
2024-09-13,Makassar,SKU_KOPI_GAYO,Food & Beverage,220000,0,27,0,27
2024-09-13,Makassar,SKU_BATIK_TULIS,Fashion Premium,1200000,0,5,0,5
2024-09-14,Jakarta,SKU_HIJAB_INSTAN,Fashion,65000,0,202,0,202
2024-09-14,Jakarta,SKU_KOPI_GAYO,Food & Beverage,220000,0,102,0,102
2024-09-14,Jakarta,SKU_BATIK_TULIS,Fashion Premium,1200000,0,24,0,24
2024-09-14,Surabaya,SKU_HIJAB_INSTAN,Fashion,65000,0,137,0,137
2024-09-14,Surabaya,SKU_KOPI_GAYO,Food & Beverage,220000,0,74,0,74
2024-09-14,Surabaya,SKU_BATIK_TULIS,Fashion Premium,1200000,0,16,0,16
2024-09-14,Medan,SKU_HIJAB_INSTAN,Fashion,65000,0,46,0,46
2024-09-14,Medan,SKU_KOPI_GAYO,Food & Beverage,220000,0,33,0,33
2024-09-14,Medan,SKU_BATIK_TULIS,Fashion Premium,1200000,0,12,0,12
2024-09-14,Makassar,SKU_HIJAB_INSTAN,Fashion,65000,0,28,0,28
2024-09-14,Makassar,SKU_KOPI_GAYO,Food & Beverage,220000,0,29,0,29
2024-09-14,Makassar,SKU_BATIK_TULIS,Fashion Premium,1200000,0,3,0,3
2024-09-15,Jakarta,SKU_HIJAB_INSTAN,Fashion,65000,0,223,0,223
2024-09-15,Jakarta,SKU_KOPI_GAYO,Food & Beverage,220000,0,94,0,94
2024-09-15,Jakarta,SKU_BATIK_TULIS,Fashion Premium,1200000,0,25,0,25
2024-09-15,Surabaya,SKU_HIJAB_INSTAN,Fashion,65000,0,138,0,138
2024-09-15,Surabaya,SKU_KOPI_GAYO,Food & Beverage,220000,0,60,0,60
2024-09-15,Surabaya,SKU_BATIK_TULIS,Fashion Premium,1200000,0,13,1,0
2024-09-15,Medan,SKU_HIJAB_INSTAN,Fashion,65000,0,86,0,86
2024-09-15,Medan,SKU_KOPI_GAYO,Food & Beverage,220000,0,38,0,38
2024-09-15,Medan,SKU_BATIK_TULIS,Fashion Premium,1200000,0,9,0,9
2024-09-15,Makassar,SKU_HIJAB_INSTAN,Fashion,65000,0,16,0,16
2024-09-15,Makassar,SKU_KOPI_GAYO,Food & Beverage,220000,0,24,0,24
2024-09-15,Makassar,SKU_BATIK_TULIS,Fashion Premium,1200000,0,5,0,5
2024-09-16,Jakarta,SKU_HIJAB_INSTAN,Fashion,65000,0,147,0,147
2024-09-16,Jakarta,SKU_KOPI_GAYO,Food & Beverage,220000,0,87,0,87
2024-09-16,Jakarta,SKU_BATIK_TULIS,Fashion Premium,1200000,0,13,0,13
2024-09-16,Surabaya,SKU_HIJAB_INSTAN,Fashion,65000,0,103,0,103
2024-09-16,Surabaya,SKU_KOPI_GAYO,Food & Beverage,220000,0,58,0,58
2024-09-16,Surabaya,SKU_BATIK_TULIS,Fashion Premium,1200000,0,8,0,8
2024-09-16,Medan,SKU_HIJAB_INSTAN,Fashion,65000,0,58,0,58
2024-09-16,Medan,SKU_KOPI_GAYO,Food & Beverage,220000,0,33,0,33
2024-09-16,Medan,SKU_BATIK_TULIS,Fashion Premium,1200000,0,5,0,5
2024-09-16,Makassar,SKU_HIJAB_INSTAN,Fashion,65000,0,21,0,21
2024-09-16,Makassar,SKU_KOPI_GAYO,Food & Beverage,220000,0,4,0,4
2024-09-16,Makassar,SKU_BATIK_TULIS,Fashion Premium,1200000,0,2,0,2
2024-09-17,Jakarta,SKU_HIJAB_INSTAN,Fashion,65000,0,155,0,155
2024-09-17,Jakarta,SKU_KOPI_GAYO,Food & Beverage,220000,0,99,0,99
2024-09-17,Jakarta,SKU_BATIK_TULIS,Fashion Premium,1200000,0,18,0,18
2024-09-17,Surabaya,SKU_HIJAB_INSTAN,Fashion,65000,0,112,0,112
2024-09-17,Surabaya,SKU_KOPI_GAYO,Food & Beverage,220000,0,62,0,62
2024-09-17,Surabaya,SKU_BATIK_TULIS,Fashion Premium,1200000,0,9,0,9
2024-09-17,Medan,SKU_HIJAB_INSTAN,Fashion,65000,0,77,0,77
2024-09-17,Medan,SKU_KOPI_GAYO,Food & Beverage,220000,0,40,0,40
2024-09-17,Medan,SKU_BATIK_TULIS,Fashion Premium,1200000,0,7,0,7
2024-09-17,Makassar,SKU_HIJAB_INSTAN,Fashion,65000,0,29,0,29
2024-09-17,Makassar,SKU_KOPI_GAYO,Food & Beverage,220000,0,18,0,18
2024-09-17,Makassar,SKU_BATIK_TULIS,Fashion Premium,1200000,0,3,0,3
2024-09-18,Jakarta,SKU_HIJAB_INSTAN,Fashion,65000,0,184,0,184
2024-09-18,Jakarta,SKU_KOPI_GAYO,Food & Beverage,220000,0,85,0,85
2024-09-18,Jakarta,SKU_BATIK_TULIS,Fashion Premium,1200000,0,19,0,19
2024-09-18,Surabaya,SKU_HIJAB_INSTAN,Fashion,65000,0,109,0,109
2024-09-18,Surabaya,SKU_KOPI_GAYO,Food & Beverage,220000,0,60,0,60
2024-09-18,Surabaya,SKU_BATIK_TULIS,Fashion Premium,1200000,0,10,0,10
2024-09-18,Medan,SKU_HIJAB_INSTAN,Fashion,65000,0,78,0,78
2024-09-18,Medan,SKU_KOPI_GAYO,Food & Beverage,220000,0,37,0,37
2024-09-18,Medan,SKU_BATIK_TULIS,Fashion Premium,1200000,0,5,0,5
2024-09-18,Makassar,SKU_HIJAB_INSTAN,Fashion,65000,0,36,0,36
2024-09-18,Makassar,SKU_KOPI_GAYO,Food & Beverage,220000,0,16,0,16
2024-09-18,Makassar,SKU_BATIK_TULIS,Fashion Premium,1200000,0,3,0,3
2024-09-19,Jakarta,SKU_HIJAB_INSTAN,Fashion,65000,0,200,0,200
2024-09-19,Jakarta,SKU_KOPI_GAYO,Food & Beverage,220000,0,93,0,93
2024-09-19,Jakarta,SKU_BATIK_TULIS,Fashion Premium,1200000,0,21,0,21
2024-09-19,Surabaya,SKU_HIJAB_INSTAN,Fashion,65000,0,119,0,119
2024-09-19,Surabaya,SKU_KOPI_GAYO,Food & Beverage,220000,0,57,0,57
2024-09-19,Surabaya,SKU_BATIK_TULIS,Fashion Premium,1200000,0,13,0,13
2024-09-19,Medan,SKU_HIJAB_INSTAN,Fashion,65000,0,87,0,87
2024-09-19,Medan,SKU_KOPI_GAYO,Food & Beverage,220000,0,38,0,38
2024-09-19,Medan,SKU_BATIK_TULIS,Fashion Premium,1200000,0,8,0,8
2024-09-19,Makassar,SKU_HIJAB_INSTAN,Fashion,65000,0,52,0,52
2024-09-19,Makassar,SKU_KOPI_GAYO,Food & Beverage,220000,0,23,0,23
2024-09-19,Makassar,SKU_BATIK_TULIS,Fashion Premium,1200000,0,6,0,6
2024-09-20,Jakarta,SKU_HIJAB_INSTAN,Fashion,65000,0,194,0,194
2024-09-20,Jakarta,SKU_KOPI_GAYO,Food & Beverage,220000,0,88,0,88
2024-09-20,Jakarta,SKU_BATIK_TULIS,Fashion Premium,1200000,0,21,0,21
2024-09-20,Surabaya,SKU_HIJAB_INSTAN,Fashion,65000,0,89,0,89
2024-09-20,Surabaya,SKU_KOPI_GAYO,Food & Beverage,220000,0,52,0,52
2024-09-20,Surabaya,SKU_BATIK_TULIS,Fashion Premium,1200000,0,14,0,14
2024-09-20,Medan,SKU_HIJAB_INSTAN,Fashion,65000,0,76,0,76
2024-09-20,Medan,SKU_KOPI_GAYO,Food & Beverage,220000,0,32,0,32
2024-09-20,Medan,SKU_BATIK_TULIS,Fashion Premium,1200000,0,8,0,8
2024-09-20,Makassar,SKU_HIJAB_INSTAN,Fashion,65000,0,43,0,43
2024-09-20,Makassar,SKU_KOPI_GAYO,Food & Beverage,220000,0,15,1,0
2024-09-20,Makassar,SKU_BATIK_TULIS,Fashion Premium,1200000,0,4,0,4
2024-09-21,Jakarta,SKU_HIJAB_INSTAN,Fashion,65000,0,191,0,191
2024-09-21,Jakarta,SKU_KOPI_GAYO,Food & Beverage,220000,0,109,0,109
2024-09-21,Jakarta,SKU_BATIK_TULIS,Fashion Premium,1200000,0,28,0,28
2024-09-21,Surabaya,SKU_HIJAB_INSTAN,Fashion,65000,0,115,0,115
2024-09-21,Surabaya,SKU_KOPI_GAYO,Food & Beverage,220000,0,57,0,57
2024-09-21,Surabaya,SKU_BATIK_TULIS,Fashion Premium,1200000,0,11,0,11
2024-09-21,Medan,SKU_HIJAB_INSTAN,Fashion,65000,0,104,0,104
2024-09-21,Medan,SKU_KOPI_GAYO,Food & Beverage,220000,0,30,0,30
2024-09-21,Medan,SKU_BATIK_TULIS,Fashion Premium,1200000,0,10,0,10
2024-09-21,Makassar,SKU_HIJAB_INSTAN,Fashion,65000,0,25,0,25
2024-09-21,Makassar,SKU_KOPI_GAYO,Food & Beverage,220000,0,19,1,0
2024-09-21,Makassar,SKU_BATIK_TULIS,Fashion Premium,1200000,0,6,0,6
2024-09-22,Jakarta,SKU_HIJAB_INSTAN,Fashion,65000,0,215,0,215
2024-09-22,Jakarta,SKU_KOPI_GAYO,Food & Beverage,220000,0,103,0,103
2024-09-22,Jakarta,SKU_BATIK_TULIS,Fashion Premium,1200000,0,28,0,28
2024-09-22,Surabaya,SKU_HIJAB_INSTAN,Fashion,65000,0,101,0,101
2024-09-22,Surabaya,SKU_KOPI_GAYO,Food & Beverage,220000,0,58,0,58
2024-09-22,Surabaya,SKU_BATIK_TULIS,Fashion Premium,1200000,0,18,0,18
2024-09-22,Medan,SKU_HIJAB_INSTAN,Fashion,65000,0,86,0,86
2024-09-22,Medan,SKU_KOPI_GAYO,Food & Beverage,220000,0,39,0,39
2024-09-22,Medan,SKU_BATIK_TULIS,Fashion Premium,1200000,0,9,0,9
2024-09-22,Makassar,SKU_HIJAB_INSTAN,Fashion,65000,0,43,0,43
2024-09-22,Makassar,SKU_KOPI_GAYO,Food & Beverage,220000,0,19,0,19
2024-09-22,Makassar,SKU_BATIK_TULIS,Fashion Premium,1200000,0,8,0,8
2024-09-23,Jakarta,SKU_HIJAB_INSTAN,Fashion,65000,0,181,0,181
2024-09-23,Jakarta,SKU_KOPI_GAYO,Food & Beverage,220000,0,89,0,89
2024-09-23,Jakarta,SKU_BATIK_TULIS,Fashion Premium,1200000,0,17,0,17
2024-09-23,Surabaya,SKU_HIJAB_INSTAN,Fashion,65000,0,92,0,92
2024-09-23,Surabaya,SKU_KOPI_GAYO,Food & Beverage,220000,0,53,0,53
2024-09-23,Surabaya,SKU_BATIK_TULIS,Fashion Premium,1200000,0,9,0,9
2024-09-23,Medan,SKU_HIJAB_INSTAN,Fashion,65000,0,77,0,77
2024-09-23,Medan,SKU_KOPI_GAYO,Food & Beverage,220000,0,35,0,35
2024-09-23,Medan,SKU_BATIK_TULIS,Fashion Premium,1200000,0,6,0,6
2024-09-23,Makassar,SKU_HIJAB_INSTAN,Fashion,65000,0,31,0,31
2024-09-23,Makassar,SKU_KOPI_GAYO,Food & Beverage,220000,0,20,0,20
2024-09-23,Makassar,SKU_BATIK_TULIS,Fashion Premium,1200000,0,4,0,4
2024-09-24,Jakarta,SKU_HIJAB_INSTAN,Fashion,65000,0,194,0,194
2024-09-24,Jakarta,SKU_KOPI_GAYO,Food & Beverage,220000,0,89,0,89
2024-09-24,Jakarta,SKU_BATIK_TULIS,Fashion Premium,1200000,0,15,0,15
2024-09-24,Surabaya,SKU_HIJAB_INSTAN,Fashion,65000,0,111,0,111
2024-09-24,Surabaya,SKU_KOPI_GAYO,Food & Beverage,220000,0,46,0,46
2024-09-24,Surabaya,SKU_BATIK_TULIS,Fashion Premium,1200000,0,9,0,9
2024-09-24,Medan,SKU_HIJAB_INSTAN,Fashion,65000,0,50,0,50
2024-09-24,Medan,SKU_KOPI_GAYO,Food & Beverage,220000,0,57,0,57
2024-09-24,Medan,SKU_BATIK_TULIS,Fashion Premium,1200000,0,8,0,8
2024-09-24,Makassar,SKU_HIJAB_INSTAN,Fashion,65000,0,49,0,49
2024-09-24,Makassar,SKU_KOPI_GAYO,Food & Beverage,220000,0,28,0,28
2024-09-24,Makassar,SKU_BATIK_TULIS,Fashion Premium,1200000,0,4,1,0
2024-09-25,Jakarta,SKU_HIJAB_INSTAN,Fashion,65000,0,194,0,194
2024-09-25,Jakarta,SKU_KOPI_GAYO,Food & Beverage,220000,0,101,0,101
2024-09-25,Jakarta,SKU_BATIK_TULIS,Fashion Premium,1200000,0,20,0,20
2024-09-25,Surabaya,SKU_HIJAB_INSTAN,Fashion,52000,1,146,1,0
2024-09-25,Surabaya,SKU_KOPI_GAYO,Food & Beverage,220000,0,69,0,69
2024-09-25,Surabaya,SKU_BATIK_TULIS,Fashion Premium,960000,1,18,0,18
2024-09-25,Medan,SKU_HIJAB_INSTAN,Fashion,52000,1,103,0,103
2024-09-25,Medan,SKU_KOPI_GAYO,Food & Beverage,176000,1,72,0,72
2024-09-25,Medan,SKU_BATIK_TULIS,Fashion Premium,1200000,0,11,0,11
2024-09-25,Makassar,SKU_HIJAB_INSTAN,Fashion,52000,1,47,0,47
2024-09-25,Makassar,SKU_KOPI_GAYO,Food & Beverage,220000,0,13,0,13
2024-09-25,Makassar,SKU_BATIK_TULIS,Fashion Premium,960000,1,9,0,9
2024-09-26,Jakarta,SKU_HIJAB_INSTAN,Fashion,52000,1,282,0,282
2024-09-26,Jakarta,SKU_KOPI_GAYO,Food & Beverage,176000,1,131,0,131
2024-09-26,Jakarta,SKU_BATIK_TULIS,Fashion Premium,1200000,0,22,0,22
2024-09-26,Surabaya,SKU_HIJAB_INSTAN,Fashion,52000,1,188,0,188
2024-09-26,Surabaya,SKU_KOPI_GAYO,Food & Beverage,176000,1,98,0,98
2024-09-26,Surabaya,SKU_BATIK_TULIS,Fashion Premium,960000,1,20,0,20
2024-09-26,Medan,SKU_HIJAB_INSTAN,Fashion,65000,0,93,0,93
2024-09-26,Medan,SKU_KOPI_GAYO,Food & Beverage,220000,0,42,0,42
2024-09-26,Medan,SKU_BATIK_TULIS,Fashion Premium,960000,1,18,0,18
2024-09-26,Makassar,SKU_HIJAB_INSTAN,Fashion,52000,1,140,0,140
2024-09-26,Makassar,SKU_KOPI_GAYO,Food & Beverage,220000,0,13,1,0
2024-09-26,Makassar,SKU_BATIK_TULIS,Fashion Premium,1200000,0,3,0,3
2024-09-27,Jakarta,SKU_HIJAB_INSTAN,Fashion,65000,0,215,0,215
2024-09-27,Jakarta,SKU_KOPI_GAYO,Food & Beverage,220000,0,111,0,111
2024-09-27,Jakarta,SKU_BATIK_TULIS,Fashion Premium,960000,1,36,0,36
2024-09-27,Surabaya,SKU_HIJAB_INSTAN,Fashion,52000,1,153,0,153
2024-09-27,Surabaya,SKU_KOPI_GAYO,Food & Beverage,176000,1,61,0,61
2024-09-27,Surabaya,SKU_BATIK_TULIS,Fashion Premium,1200000,0,13,0,13
2024-09-27,Medan,SKU_HIJAB_INSTAN,Fashion,52000,1,123,0,123
2024-09-27,Medan,SKU_KOPI_GAYO,Food & Beverage,176000,1,75,0,75
2024-09-27,Medan,SKU_BATIK_TULIS,Fashion Premium,1200000,0,8,0,8
2024-09-27,Makassar,SKU_HIJAB_INSTAN,Fashion,65000,0,47,0,47
2024-09-27,Makassar,SKU_KOPI_GAYO,Food & Beverage,176000,1,25,0,25
2024-09-27,Makassar,SKU_BATIK_TULIS,Fashion Premium,1200000,0,5,0,5
2024-09-28,Jakarta,SKU_HIJAB_INSTAN,Fashion,65000,0,215,0,215
2024-09-28,Jakarta,SKU_KOPI_GAYO,Food & Beverage,220000,0,110,0,110
2024-09-28,Jakarta,SKU_BATIK_TULIS,Fashion Premium,1200000,0,27,0,27
2024-09-28,Surabaya,SKU_HIJAB_INSTAN,Fashion,52000,1,146,0,146
2024-09-28,Surabaya,SKU_KOPI_GAYO,Food & Beverage,220000,0,65,0,65
2024-09-28,Surabaya,SKU_BATIK_TULIS,Fashion Premium,1200000,0,23,0,23
2024-09-28,Medan,SKU_HIJAB_INSTAN,Fashion,52000,1,87,0,87
2024-09-28,Medan,SKU_KOPI_GAYO,Food & Beverage,220000,0,41,0,41
2024-09-28,Medan,SKU_BATIK_TULIS,Fashion Premium,960000,1,19,0,19
2024-09-28,Makassar,SKU_HIJAB_INSTAN,Fashion,65000,0,49,0,49
2024-09-28,Makassar,SKU_KOPI_GAYO,Food & Beverage,176000,1,14,0,14
2024-09-28,Makassar,SKU_BATIK_TULIS,Fashion Premium,960000,1,13,0,13
2024-09-29,Jakarta,SKU_HIJAB_INSTAN,Fashion,65000,0,216,0,216
2024-09-29,Jakarta,SKU_KOPI_GAYO,Food & Beverage,220000,0,113,0,113
2024-09-29,Jakarta,SKU_BATIK_TULIS,Fashion Premium,1200000,0,25,0,25
2024-09-29,Surabaya,SKU_HIJAB_INSTAN,Fashion,65000,0,118,0,118
2024-09-29,Surabaya,SKU_KOPI_GAYO,Food & Beverage,220000,0,73,0,73
2024-09-29,Surabaya,SKU_BATIK_TULIS,Fashion Premium,1200000,0,14,0,14
2024-09-29,Medan,SKU_HIJAB_INSTAN,Fashion,65000,0,67,0,67
2024-09-29,Medan,SKU_KOPI_GAYO,Food & Beverage,220000,0,34,0,34
2024-09-29,Medan,SKU_BATIK_TULIS,Fashion Premium,1200000,0,8,0,8
2024-09-29,Makassar,SKU_HIJAB_INSTAN,Fashion,65000,0,76,0,76
2024-09-29,Makassar,SKU_KOPI_GAYO,Food & Beverage,220000,0,24,0,24
2024-09-29,Makassar,SKU_BATIK_TULIS,Fashion Premium,1200000,0,6,0,6
2024-09-30,Jakarta,SKU_HIJAB_INSTAN,Fashion,65000,0,178,0,178
2024-09-30,Jakarta,SKU_KOPI_GAYO,Food & Beverage,220000,0,92,0,92
2024-09-30,Jakarta,SKU_BATIK_TULIS,Fashion Premium,1200000,0,15,0,15
2024-09-30,Surabaya,SKU_HIJAB_INSTAN,Fashion,65000,0,87,0,87
2024-09-30,Surabaya,SKU_KOPI_GAYO,Food & Beverage,220000,0,57,0,57
2024-09-30,Surabaya,SKU_BATIK_TULIS,Fashion Premium,1200000,0,12,0,12
2024-09-30,Medan,SKU_HIJAB_INSTAN,Fashion,65000,0,72,0,72
2024-09-30,Medan,SKU_KOPI_GAYO,Food & Beverage,220000,0,45,0,45
2024-09-30,Medan,SKU_BATIK_TULIS,Fashion Premium,1200000,0,4,0,4
2024-09-30,Makassar,SKU_HIJAB_INSTAN,Fashion,65000,0,38,0,38
2024-09-30,Makassar,SKU_KOPI_GAYO,Food & Beverage,220000,0,14,0,14
2024-09-30,Makassar,SKU_BATIK_TULIS,Fashion Premium,1200000,0,2,0,2
2024-10-01,Jakarta,SKU_HIJAB_INSTAN,Fashion,65000,0,198,0,198
2024-10-01,Jakarta,SKU_KOPI_GAYO,Food & Beverage,220000,0,88,0,88
2024-10-01,Jakarta,SKU_BATIK_TULIS,Fashion Premium,1200000,0,18,0,18
2024-10-01,Surabaya,SKU_HIJAB_INSTAN,Fashion,65000,0,104,0,104
2024-10-01,Surabaya,SKU_KOPI_GAYO,Food & Beverage,220000,0,45,0,45
2024-10-01,Surabaya,SKU_BATIK_TULIS,Fashion Premium,1200000,0,11,0,11
2024-10-01,Medan,SKU_HIJAB_INSTAN,Fashion,65000,0,65,0,65
2024-10-01,Medan,SKU_KOPI_GAYO,Food & Beverage,220000,0,43,0,43
2024-10-01,Medan,SKU_BATIK_TULIS,Fashion Premium,1200000,0,5,0,5
2024-10-01,Makassar,SKU_HIJAB_INSTAN,Fashion,65000,0,28,0,28
2024-10-01,Makassar,SKU_KOPI_GAYO,Food & Beverage,220000,0,22,0,22
2024-10-01,Makassar,SKU_BATIK_TULIS,Fashion Premium,1200000,0,2,0,2
2024-10-02,Jakarta,SKU_HIJAB_INSTAN,Fashion,65000,0,192,0,192
2024-10-02,Jakarta,SKU_KOPI_GAYO,Food & Beverage,220000,0,78,0,78
2024-10-02,Jakarta,SKU_BATIK_TULIS,Fashion Premium,1200000,0,16,0,16
2024-10-02,Surabaya,SKU_HIJAB_INSTAN,Fashion,65000,0,110,0,110
2024-10-02,Surabaya,SKU_KOPI_GAYO,Food & Beverage,220000,0,72,0,72
2024-10-02,Surabaya,SKU_BATIK_TULIS,Fashion Premium,1200000,0,11,0,11
2024-10-02,Medan,SKU_HIJAB_INSTAN,Fashion,65000,0,74,0,74
2024-10-02,Medan,SKU_KOPI_GAYO,Food & Beverage,220000,0,40,0,40
2024-10-02,Medan,SKU_BATIK_TULIS,Fashion Premium,1200000,0,6,0,6
2024-10-02,Makassar,SKU_HIJAB_INSTAN,Fashion,65000,0,7,0,7
2024-10-02,Makassar,SKU_KOPI_GAYO,Food & Beverage,220000,0,16,0,16
2024-10-02,Makassar,SKU_BATIK_TULIS,Fashion Premium,1200000,0,3,0,3
2024-10-03,Jakarta,SKU_HIJAB_INSTAN,Fashion,65000,0,204,0,204
2024-10-03,Jakarta,SKU_KOPI_GAYO,Food & Beverage,220000,0,100,0,100
2024-10-03,Jakarta,SKU_BATIK_TULIS,Fashion Premium,1200000,0,18,0,18
2024-10-03,Surabaya,SKU_HIJAB_INSTAN,Fashion,65000,0,79,0,79
2024-10-03,Surabaya,SKU_KOPI_GAYO,Food & Beverage,220000,0,56,0,56
2024-10-03,Surabaya,SKU_BATIK_TULIS,Fashion Premium,1200000,0,11,0,11
2024-10-03,Medan,SKU_HIJAB_INSTAN,Fashion,65000,0,100,0,100
2024-10-03,Medan,SKU_KOPI_GAYO,Food & Beverage,220000,0,47,0,47
2024-10-03,Medan,SKU_BATIK_TULIS,Fashion Premium,1200000,0,5,0,5
2024-10-03,Makassar,SKU_HIJAB_INSTAN,Fashion,65000,0,47,0,47
2024-10-03,Makassar,SKU_KOPI_GAYO,Food & Beverage,220000,0,22,0,22
2024-10-03,Makassar,SKU_BATIK_TULIS,Fashion Premium,1200000,0,4,0,4
2024-10-04,Jakarta,SKU_HIJAB_INSTAN,Fashion,65000,0,239,0,239
2024-10-04,Jakarta,SKU_KOPI_GAYO,Food & Beverage,220000,0,97,0,97
2024-10-04,Jakarta,SKU_BATIK_TULIS,Fashion Premium,1200000,0,24,0,24
2024-10-04,Surabaya,SKU_HIJAB_INSTAN,Fashion,65000,0,133,0,133
2024-10-04,Surabaya,SKU_KOPI_GAYO,Food & Beverage,220000,0,61,0,61
2024-10-04,Surabaya,SKU_BATIK_TULIS,Fashion Premium,1200000,0,17,0,17
2024-10-04,Medan,SKU_HIJAB_INSTAN,Fashion,65000,0,82,0,82
2024-10-04,Medan,SKU_KOPI_GAYO,Food & Beverage,220000,0,46,0,46
2024-10-04,Medan,SKU_BATIK_TULIS,Fashion Premium,1200000,0,8,0,8
2024-10-04,Makassar,SKU_HIJAB_INSTAN,Fashion,65000,0,21,0,21
2024-10-04,Makassar,SKU_KOPI_GAYO,Food & Beverage,220000,0,23,0,23
2024-10-04,Makassar,SKU_BATIK_TULIS,Fashion Premium,1200000,0,4,0,4
2024-10-05,Jakarta,SKU_HIJAB_INSTAN,Fashion,65000,0,217,0,217
2024-10-05,Jakarta,SKU_KOPI_GAYO,Food & Beverage,220000,0,98,0,98
2024-10-05,Jakarta,SKU_BATIK_TULIS,Fashion Premium,1200000,0,28,0,28
2024-10-05,Surabaya,SKU_HIJAB_INSTAN,Fashion,65000,0,133,0,133
2024-10-05,Surabaya,SKU_KOPI_GAYO,Food & Beverage,220000,0,78,0,78
2024-10-05,Surabaya,SKU_BATIK_TULIS,Fashion Premium,1200000,0,16,0,16
2024-10-05,Medan,SKU_HIJAB_INSTAN,Fashion,65000,0,94,0,94
2024-10-05,Medan,SKU_KOPI_GAYO,Food & Beverage,220000,0,48,0,48
2024-10-05,Medan,SKU_BATIK_TULIS,Fashion Premium,1200000,0,11,0,11
2024-10-05,Makassar,SKU_HIJAB_INSTAN,Fashion,65000,0,24,0,24
2024-10-05,Makassar,SKU_KOPI_GAYO,Food & Beverage,220000,0,18,0,18
2024-10-05,Makassar,SKU_BATIK_TULIS,Fashion Premium,1200000,0,3,0,3
2024-10-06,Jakarta,SKU_HIJAB_INSTAN,Fashion,65000,0,215,0,215
2024-10-06,Jakarta,SKU_KOPI_GAYO,Food & Beverage,220000,0,101,0,101
2024-10-06,Jakarta,SKU_BATIK_TULIS,Fashion Premium,1200000,0,26,0,26
2024-10-06,Surabaya,SKU_HIJAB_INSTAN,Fashion,65000,0,142,0,142
2024-10-06,Surabaya,SKU_KOPI_GAYO,Food & Beverage,220000,0,53,0,53
2024-10-06,Surabaya,SKU_BATIK_TULIS,Fashion Premium,1200000,0,16,0,16
2024-10-06,Medan,SKU_HIJAB_INSTAN,Fashion,65000,0,103,0,103
2024-10-06,Medan,SKU_KOPI_GAYO,Food & Beverage,220000,0,32,0,32
2024-10-06,Medan,SKU_BATIK_TULIS,Fashion Premium,1200000,0,10,0,10
2024-10-06,Makassar,SKU_HIJAB_INSTAN,Fashion,65000,0,65,0,65
2024-10-06,Makassar,SKU_KOPI_GAYO,Food & Beverage,220000,0,18,0,18
2024-10-06,Makassar,SKU_BATIK_TULIS,Fashion Premium,1200000,0,4,0,4
2024-10-07,Jakarta,SKU_HIJAB_INSTAN,Fashion,65000,0,177,0,177
2024-10-07,Jakarta,SKU_KOPI_GAYO,Food & Beverage,220000,0,69,0,69
2024-10-07,Jakarta,SKU_BATIK_TULIS,Fashion Premium,1200000,0,16,0,16
2024-10-07,Surabaya,SKU_HIJAB_INSTAN,Fashion,65000,0,106,0,106
2024-10-07,Surabaya,SKU_KOPI_GAYO,Food & Beverage,220000,0,59,0,59
2024-10-07,Surabaya,SKU_BATIK_TULIS,Fashion Premium,1200000,0,10,0,10
2024-10-07,Medan,SKU_HIJAB_INSTAN,Fashion,65000,0,68,0,68
2024-10-07,Medan,SKU_KOPI_GAYO,Food & Beverage,220000,0,49,0,49
2024-10-07,Medan,SKU_BATIK_TULIS,Fashion Premium,1200000,0,5,0,5
2024-10-07,Makassar,SKU_HIJAB_INSTAN,Fashion,65000,0,46,0,46
2024-10-07,Makassar,SKU_KOPI_GAYO,Food & Beverage,220000,0,2,0,2
2024-10-07,Makassar,SKU_BATIK_TULIS,Fashion Premium,1200000,0,3,0,3
2024-10-08,Jakarta,SKU_HIJAB_INSTAN,Fashion,65000,0,144,0,144
2024-10-08,Jakarta,SKU_KOPI_GAYO,Food & Beverage,220000,0,93,0,93
2024-10-08,Jakarta,SKU_BATIK_TULIS,Fashion Premium,1200000,0,17,0,17
2024-10-08,Surabaya,SKU_HIJAB_INSTAN,Fashion,65000,0,102,0,102
2024-10-08,Surabaya,SKU_KOPI_GAYO,Food & Beverage,220000,0,55,0,55
2024-10-08,Surabaya,SKU_BATIK_TULIS,Fashion Premium,1200000,0,11,0,11
2024-10-08,Medan,SKU_HIJAB_INSTAN,Fashion,65000,0,27,1,0
2024-10-08,Medan,SKU_KOPI_GAYO,Food & Beverage,220000,0,33,0,33
2024-10-08,Medan,SKU_BATIK_TULIS,Fashion Premium,1200000,0,8,0,8
2024-10-08,Makassar,SKU_HIJAB_INSTAN,Fashion,65000,0,19,0,19
2024-10-08,Makassar,SKU_KOPI_GAYO,Food & Beverage,220000,0,13,0,13
2024-10-08,Makassar,SKU_BATIK_TULIS,Fashion Premium,1200000,0,2,0,2
2024-10-09,Jakarta,SKU_HIJAB_INSTAN,Fashion,65000,0,175,0,175
2024-10-09,Jakarta,SKU_KOPI_GAYO,Food & Beverage,220000,0,92,0,92
2024-10-09,Jakarta,SKU_BATIK_TULIS,Fashion Premium,1200000,0,22,0,22
2024-10-09,Surabaya,SKU_HIJAB_INSTAN,Fashion,65000,0,116,0,116
2024-10-09,Surabaya,SKU_KOPI_GAYO,Food & Beverage,220000,0,52,0,52
2024-10-09,Surabaya,SKU_BATIK_TULIS,Fashion Premium,1200000,0,8,0,8
2024-10-09,Medan,SKU_HIJAB_INSTAN,Fashion,65000,0,63,0,63
2024-10-09,Medan,SKU_KOPI_GAYO,Food & Beverage,220000,0,31,0,31
2024-10-09,Medan,SKU_BATIK_TULIS,Fashion Premium,1200000,0,4,0,4
2024-10-09,Makassar,SKU_HIJAB_INSTAN,Fashion,65000,0,19,0,19
2024-10-09,Makassar,SKU_KOPI_GAYO,Food & Beverage,220000,0,15,0,15
2024-10-09,Makassar,SKU_BATIK_TULIS,Fashion Premium,1200000,0,3,0,3
2024-10-10,Jakarta,SKU_HIJAB_INSTAN,Fashion,65000,0,199,0,199
2024-10-10,Jakarta,SKU_KOPI_GAYO,Food & Beverage,220000,0,106,0,106
2024-10-10,Jakarta,SKU_BATIK_TULIS,Fashion Premium,1200000,0,19,0,19
2024-10-10,Surabaya,SKU_HIJAB_INSTAN,Fashion,65000,0,126,0,126
2024-10-10,Surabaya,SKU_KOPI_GAYO,Food & Beverage,220000,0,54,0,54
2024-10-10,Surabaya,SKU_BATIK_TULIS,Fashion Premium,1200000,0,10,0,10
2024-10-10,Medan,SKU_HIJAB_INSTAN,Fashion,65000,0,85,0,85
2024-10-10,Medan,SKU_KOPI_GAYO,Food & Beverage,220000,0,34,0,34
2024-10-10,Medan,SKU_BATIK_TULIS,Fashion Premium,1200000,0,6,0,6
2024-10-10,Makassar,SKU_HIJAB_INSTAN,Fashion,65000,0,23,0,23
2024-10-10,Makassar,SKU_KOPI_GAYO,Food & Beverage,220000,0,6,0,6
2024-10-10,Makassar,SKU_BATIK_TULIS,Fashion Premium,1200000,0,4,0,4
2024-10-11,Jakarta,SKU_HIJAB_INSTAN,Fashion,65000,0,188,0,188
2024-10-11,Jakarta,SKU_KOPI_GAYO,Food & Beverage,220000,0,105,0,105
2024-10-11,Jakarta,SKU_BATIK_TULIS,Fashion Premium,1200000,0,26,0,26
2024-10-11,Surabaya,SKU_HIJAB_INSTAN,Fashion,65000,0,103,0,103
2024-10-11,Surabaya,SKU_KOPI_GAYO,Food & Beverage,220000,0,48,0,48
2024-10-11,Surabaya,SKU_BATIK_TULIS,Fashion Premium,1200000,0,16,1,0
2024-10-11,Medan,SKU_HIJAB_INSTAN,Fashion,65000,0,81,0,81
2024-10-11,Medan,SKU_KOPI_GAYO,Food & Beverage,220000,0,40,0,40
2024-10-11,Medan,SKU_BATIK_TULIS,Fashion Premium,1200000,0,6,0,6
2024-10-11,Makassar,SKU_HIJAB_INSTAN,Fashion,65000,0,45,0,45
2024-10-11,Makassar,SKU_KOPI_GAYO,Food & Beverage,220000,0,28,0,28
2024-10-11,Makassar,SKU_BATIK_TULIS,Fashion Premium,1200000,0,6,1,0
2024-10-12,Jakarta,SKU_HIJAB_INSTAN,Fashion,65000,0,229,0,229
2024-10-12,Jakarta,SKU_KOPI_GAYO,Food & Beverage,220000,0,91,0,91
2024-10-12,Jakarta,SKU_BATIK_TULIS,Fashion Premium,1200000,0,22,0,22
2024-10-12,Surabaya,SKU_HIJAB_INSTAN,Fashion,65000,0,110,0,110
2024-10-12,Surabaya,SKU_KOPI_GAYO,Food & Beverage,220000,0,48,0,48
2024-10-12,Surabaya,SKU_BATIK_TULIS,Fashion Premium,1200000,0,17,0,17
2024-10-12,Medan,SKU_HIJAB_INSTAN,Fashion,65000,0,75,0,75
2024-10-12,Medan,SKU_KOPI_GAYO,Food & Beverage,220000,0,45,0,45
2024-10-12,Medan,SKU_BATIK_TULIS,Fashion Premium,1200000,0,10,0,10
2024-10-12,Makassar,SKU_HIJAB_INSTAN,Fashion,65000,0,32,0,32
2024-10-12,Makassar,SKU_KOPI_GAYO,Food & Beverage,220000,0,12,0,12
2024-10-12,Makassar,SKU_BATIK_TULIS,Fashion Premium,1200000,0,3,0,3
2024-10-13,Jakarta,SKU_HIJAB_INSTAN,Fashion,65000,0,185,0,185
2024-10-13,Jakarta,SKU_KOPI_GAYO,Food & Beverage,220000,0,113,0,113
2024-10-13,Jakarta,SKU_BATIK_TULIS,Fashion Premium,1200000,0,24,0,24
2024-10-13,Surabaya,SKU_HIJAB_INSTAN,Fashion,65000,0,124,0,124
2024-10-13,Surabaya,SKU_KOPI_GAYO,Food & Beverage,220000,0,59,0,59
2024-10-13,Surabaya,SKU_BATIK_TULIS,Fashion Premium,1200000,0,16,0,16
2024-10-13,Medan,SKU_HIJAB_INSTAN,Fashion,65000,0,69,0,69
2024-10-13,Medan,SKU_KOPI_GAYO,Food & Beverage,220000,0,49,0,49
2024-10-13,Medan,SKU_BATIK_TULIS,Fashion Premium,1200000,0,9,0,9
2024-10-13,Makassar,SKU_HIJAB_INSTAN,Fashion,65000,0,35,0,35
2024-10-13,Makassar,SKU_KOPI_GAYO,Food & Beverage,220000,0,30,0,30
2024-10-13,Makassar,SKU_BATIK_TULIS,Fashion Premium,1200000,0,3,0,3
2024-10-14,Jakarta,SKU_HIJAB_INSTAN,Fashion,65000,0,178,0,178
2024-10-14,Jakarta,SKU_KOPI_GAYO,Food & Beverage,220000,0,90,0,90
2024-10-14,Jakarta,SKU_BATIK_TULIS,Fashion Premium,1200000,0,15,0,15
2024-10-14,Surabaya,SKU_HIJAB_INSTAN,Fashion,65000,0,111,0,111
2024-10-14,Surabaya,SKU_KOPI_GAYO,Food & Beverage,220000,0,45,0,45
2024-10-14,Surabaya,SKU_BATIK_TULIS,Fashion Premium,1200000,0,8,0,8
2024-10-14,Medan,SKU_HIJAB_INSTAN,Fashion,65000,0,70,0,70
2024-10-14,Medan,SKU_KOPI_GAYO,Food & Beverage,220000,0,48,0,48
2024-10-14,Medan,SKU_BATIK_TULIS,Fashion Premium,1200000,0,8,0,8
2024-10-14,Makassar,SKU_HIJAB_INSTAN,Fashion,65000,0,40,0,40
2024-10-14,Makassar,SKU_KOPI_GAYO,Food & Beverage,220000,0,16,0,16
2024-10-14,Makassar,SKU_BATIK_TULIS,Fashion Premium,1200000,0,2,0,2
2024-10-15,Jakarta,SKU_HIJAB_INSTAN,Fashion,65000,0,190,0,190
2024-10-15,Jakarta,SKU_KOPI_GAYO,Food & Beverage,220000,0,100,0,100
2024-10-15,Jakarta,SKU_BATIK_TULIS,Fashion Premium,1200000,0,19,0,19
2024-10-15,Surabaya,SKU_HIJAB_INSTAN,Fashion,65000,0,112,0,112
2024-10-15,Surabaya,SKU_KOPI_GAYO,Food & Beverage,220000,0,53,0,53
2024-10-15,Surabaya,SKU_BATIK_TULIS,Fashion Premium,1200000,0,11,0,11
2024-10-15,Medan,SKU_HIJAB_INSTAN,Fashion,65000,0,70,0,70
2024-10-15,Medan,SKU_KOPI_GAYO,Food & Beverage,220000,0,35,0,35
2024-10-15,Medan,SKU_BATIK_TULIS,Fashion Premium,1200000,0,4,0,4
2024-10-15,Makassar,SKU_HIJAB_INSTAN,Fashion,65000,0,46,0,46
2024-10-15,Makassar,SKU_KOPI_GAYO,Food & Beverage,220000,0,19,0,19
2024-10-15,Makassar,SKU_BATIK_TULIS,Fashion Premium,1200000,0,5,0,5
2024-10-16,Jakarta,SKU_HIJAB_INSTAN,Fashion,65000,0,174,0,174
2024-10-16,Jakarta,SKU_KOPI_GAYO,Food & Beverage,220000,0,86,0,86
2024-10-16,Jakarta,SKU_BATIK_TULIS,Fashion Premium,1200000,0,19,0,19
2024-10-16,Surabaya,SKU_HIJAB_INSTAN,Fashion,65000,0,128,0,128
2024-10-16,Surabaya,SKU_KOPI_GAYO,Food & Beverage,220000,0,55,0,55
2024-10-16,Surabaya,SKU_BATIK_TULIS,Fashion Premium,1200000,0,12,0,12
2024-10-16,Medan,SKU_HIJAB_INSTAN,Fashion,65000,0,68,0,68
2024-10-16,Medan,SKU_KOPI_GAYO,Food & Beverage,220000,0,35,0,35
2024-10-16,Medan,SKU_BATIK_TULIS,Fashion Premium,1200000,0,7,0,7
2024-10-16,Makassar,SKU_HIJAB_INSTAN,Fashion,65000,0,32,0,32
2024-10-16,Makassar,SKU_KOPI_GAYO,Food & Beverage,220000,0,20,0,20
2024-10-16,Makassar,SKU_BATIK_TULIS,Fashion Premium,1200000,0,3,0,3
2024-10-17,Jakarta,SKU_HIJAB_INSTAN,Fashion,65000,0,171,0,171
2024-10-17,Jakarta,SKU_KOPI_GAYO,Food & Beverage,220000,0,97,0,97
2024-10-17,Jakarta,SKU_BATIK_TULIS,Fashion Premium,1200000,0,18,0,18
2024-10-17,Surabaya,SKU_HIJAB_INSTAN,Fashion,65000,0,124,0,124
2024-10-17,Surabaya,SKU_KOPI_GAYO,Food & Beverage,220000,0,65,0,65
2024-10-17,Surabaya,SKU_BATIK_TULIS,Fashion Premium,1200000,0,11,0,11
2024-10-17,Medan,SKU_HIJAB_INSTAN,Fashion,65000,0,100,0,100
2024-10-17,Medan,SKU_KOPI_GAYO,Food & Beverage,220000,0,47,0,47
2024-10-17,Medan,SKU_BATIK_TULIS,Fashion Premium,1200000,0,8,0,8
2024-10-17,Makassar,SKU_HIJAB_INSTAN,Fashion,65000,0,33,0,33
2024-10-17,Makassar,SKU_KOPI_GAYO,Food & Beverage,220000,0,26,0,26
2024-10-17,Makassar,SKU_BATIK_TULIS,Fashion Premium,1200000,0,6,0,6
2024-10-18,Jakarta,SKU_HIJAB_INSTAN,Fashion,65000,0,203,1,0
2024-10-18,Jakarta,SKU_KOPI_GAYO,Food & Beverage,220000,0,112,0,112
2024-10-18,Jakarta,SKU_BATIK_TULIS,Fashion Premium,1200000,0,22,0,22
2024-10-18,Surabaya,SKU_HIJAB_INSTAN,Fashion,65000,0,129,0,129
2024-10-18,Surabaya,SKU_KOPI_GAYO,Food & Beverage,220000,0,58,0,58
2024-10-18,Surabaya,SKU_BATIK_TULIS,Fashion Premium,1200000,0,12,0,12
2024-10-18,Medan,SKU_HIJAB_INSTAN,Fashion,65000,0,72,0,72
2024-10-18,Medan,SKU_KOPI_GAYO,Food & Beverage,220000,0,47,0,47
2024-10-18,Medan,SKU_BATIK_TULIS,Fashion Premium,1200000,0,9,0,9
2024-10-18,Makassar,SKU_HIJAB_INSTAN,Fashion,65000,0,31,0,31
2024-10-18,Makassar,SKU_KOPI_GAYO,Food & Beverage,220000,0,30,0,30
2024-10-18,Makassar,SKU_BATIK_TULIS,Fashion Premium,1200000,0,6,0,6
2024-10-19,Jakarta,SKU_HIJAB_INSTAN,Fashion,65000,0,211,0,211
2024-10-19,Jakarta,SKU_KOPI_GAYO,Food & Beverage,220000,0,116,0,116
2024-10-19,Jakarta,SKU_BATIK_TULIS,Fashion Premium,1200000,0,26,0,26
2024-10-19,Surabaya,SKU_HIJAB_INSTAN,Fashion,65000,0,137,0,137
2024-10-19,Surabaya,SKU_KOPI_GAYO,Food & Beverage,220000,0,61,0,61
2024-10-19,Surabaya,SKU_BATIK_TULIS,Fashion Premium,1200000,0,14,0,14
2024-10-19,Medan,SKU_HIJAB_INSTAN,Fashion,65000,0,84,0,84
2024-10-19,Medan,SKU_KOPI_GAYO,Food & Beverage,220000,0,40,0,40
2024-10-19,Medan,SKU_BATIK_TULIS,Fashion Premium,1200000,0,6,0,6
2024-10-19,Makassar,SKU_HIJAB_INSTAN,Fashion,65000,0,48,0,48
2024-10-19,Makassar,SKU_KOPI_GAYO,Food & Beverage,220000,0,27,0,27
2024-10-19,Makassar,SKU_BATIK_TULIS,Fashion Premium,1200000,0,3,0,3
2024-10-20,Jakarta,SKU_HIJAB_INSTAN,Fashion,65000,0,219,0,219
2024-10-20,Jakarta,SKU_KOPI_GAYO,Food & Beverage,220000,0,108,0,108
2024-10-20,Jakarta,SKU_BATIK_TULIS,Fashion Premium,1200000,0,18,0,18
2024-10-20,Surabaya,SKU_HIJAB_INSTAN,Fashion,65000,0,122,0,122
2024-10-20,Surabaya,SKU_KOPI_GAYO,Food & Beverage,220000,0,74,0,74
2024-10-20,Surabaya,SKU_BATIK_TULIS,Fashion Premium,1200000,0,15,0,15
2024-10-20,Medan,SKU_HIJAB_INSTAN,Fashion,65000,0,53,0,53
2024-10-20,Medan,SKU_KOPI_GAYO,Food & Beverage,220000,0,29,0,29
2024-10-20,Medan,SKU_BATIK_TULIS,Fashion Premium,1200000,0,10,0,10
2024-10-20,Makassar,SKU_HIJAB_INSTAN,Fashion,65000,0,52,0,52
2024-10-20,Makassar,SKU_KOPI_GAYO,Food & Beverage,220000,0,20,0,20
2024-10-20,Makassar,SKU_BATIK_TULIS,Fashion Premium,1200000,0,5,0,5
2024-10-21,Jakarta,SKU_HIJAB_INSTAN,Fashion,65000,0,174,0,174
2024-10-21,Jakarta,SKU_KOPI_GAYO,Food & Beverage,220000,0,86,0,86
2024-10-21,Jakarta,SKU_BATIK_TULIS,Fashion Premium,1200000,0,16,0,16
2024-10-21,Surabaya,SKU_HIJAB_INSTAN,Fashion,65000,0,83,0,83
2024-10-21,Surabaya,SKU_KOPI_GAYO,Food & Beverage,220000,0,52,0,52
2024-10-21,Surabaya,SKU_BATIK_TULIS,Fashion Premium,1200000,0,10,0,10
2024-10-21,Medan,SKU_HIJAB_INSTAN,Fashion,65000,0,57,0,57
2024-10-21,Medan,SKU_KOPI_GAYO,Food & Beverage,220000,0,34,0,34
2024-10-21,Medan,SKU_BATIK_TULIS,Fashion Premium,1200000,0,6,0,6
2024-10-21,Makassar,SKU_HIJAB_INSTAN,Fashion,65000,0,60,0,60
2024-10-21,Makassar,SKU_KOPI_GAYO,Food & Beverage,220000,0,25,0,25
2024-10-21,Makassar,SKU_BATIK_TULIS,Fashion Premium,1200000,0,2,0,2
2024-10-22,Jakarta,SKU_HIJAB_INSTAN,Fashion,65000,0,208,0,208
2024-10-22,Jakarta,SKU_KOPI_GAYO,Food & Beverage,220000,0,102,0,102
2024-10-22,Jakarta,SKU_BATIK_TULIS,Fashion Premium,1200000,0,17,0,17
2024-10-22,Surabaya,SKU_HIJAB_INSTAN,Fashion,65000,0,119,0,119
2024-10-22,Surabaya,SKU_KOPI_GAYO,Food & Beverage,220000,0,50,0,50
2024-10-22,Surabaya,SKU_BATIK_TULIS,Fashion Premium,1200000,0,10,0,10
2024-10-22,Medan,SKU_HIJAB_INSTAN,Fashion,65000,0,60,0,60
2024-10-22,Medan,SKU_KOPI_GAYO,Food & Beverage,220000,0,41,0,41
2024-10-22,Medan,SKU_BATIK_TULIS,Fashion Premium,1200000,0,10,0,10
2024-10-22,Makassar,SKU_HIJAB_INSTAN,Fashion,65000,0,30,0,30
2024-10-22,Makassar,SKU_KOPI_GAYO,Food & Beverage,220000,0,17,0,17
2024-10-22,Makassar,SKU_BATIK_TULIS,Fashion Premium,1200000,0,3,0,3
2024-10-23,Jakarta,SKU_HIJAB_INSTAN,Fashion,65000,0,178,0,178
2024-10-23,Jakarta,SKU_KOPI_GAYO,Food & Beverage,220000,0,97,0,97
2024-10-23,Jakarta,SKU_BATIK_TULIS,Fashion Premium,1200000,0,19,0,19
2024-10-23,Surabaya,SKU_HIJAB_INSTAN,Fashion,65000,0,102,0,102
2024-10-23,Surabaya,SKU_KOPI_GAYO,Food & Beverage,220000,0,56,0,56
2024-10-23,Surabaya,SKU_BATIK_TULIS,Fashion Premium,1200000,0,12,0,12
2024-10-23,Medan,SKU_HIJAB_INSTAN,Fashion,65000,0,60,0,60
2024-10-23,Medan,SKU_KOPI_GAYO,Food & Beverage,220000,0,28,0,28
2024-10-23,Medan,SKU_BATIK_TULIS,Fashion Premium,1200000,0,6,0,6
2024-10-23,Makassar,SKU_HIJAB_INSTAN,Fashion,65000,0,48,0,48
2024-10-23,Makassar,SKU_KOPI_GAYO,Food & Beverage,220000,0,11,0,11
2024-10-23,Makassar,SKU_BATIK_TULIS,Fashion Premium,1200000,0,2,0,2
2024-10-24,Jakarta,SKU_HIJAB_INSTAN,Fashion,65000,0,188,0,188
2024-10-24,Jakarta,SKU_KOPI_GAYO,Food & Beverage,220000,0,96,0,96
2024-10-24,Jakarta,SKU_BATIK_TULIS,Fashion Premium,1200000,0,20,0,20
2024-10-24,Surabaya,SKU_HIJAB_INSTAN,Fashion,65000,0,113,0,113
2024-10-24,Surabaya,SKU_KOPI_GAYO,Food & Beverage,220000,0,46,0,46
2024-10-24,Surabaya,SKU_BATIK_TULIS,Fashion Premium,1200000,0,11,0,11
2024-10-24,Medan,SKU_HIJAB_INSTAN,Fashion,65000,0,88,1,0
2024-10-24,Medan,SKU_KOPI_GAYO,Food & Beverage,220000,0,33,0,33
2024-10-24,Medan,SKU_BATIK_TULIS,Fashion Premium,1200000,0,8,0,8
2024-10-24,Makassar,SKU_HIJAB_INSTAN,Fashion,65000,0,39,0,39
2024-10-24,Makassar,SKU_KOPI_GAYO,Food & Beverage,220000,0,24,0,24
2024-10-24,Makassar,SKU_BATIK_TULIS,Fashion Premium,1200000,0,5,0,5
2024-10-25,Jakarta,SKU_HIJAB_INSTAN,Fashion,65000,0,238,0,238
2024-10-25,Jakarta,SKU_KOPI_GAYO,Food & Beverage,176000,1,164,0,164
2024-10-25,Jakarta,SKU_BATIK_TULIS,Fashion Premium,960000,1,37,0,37
2024-10-25,Surabaya,SKU_HIJAB_INSTAN,Fashion,65000,0,124,0,124
2024-10-25,Surabaya,SKU_KOPI_GAYO,Food & Beverage,220000,0,70,0,70
2024-10-25,Surabaya,SKU_BATIK_TULIS,Fashion Premium,1200000,0,17,0,17
2024-10-25,Medan,SKU_HIJAB_INSTAN,Fashion,65000,0,93,0,93
2024-10-25,Medan,SKU_KOPI_GAYO,Food & Beverage,176000,1,80,1,0
2024-10-25,Medan,SKU_BATIK_TULIS,Fashion Premium,1200000,0,8,0,8
2024-10-25,Makassar,SKU_HIJAB_INSTAN,Fashion,65000,0,58,0,58
2024-10-25,Makassar,SKU_KOPI_GAYO,Food & Beverage,176000,1,8,0,8
2024-10-25,Makassar,SKU_BATIK_TULIS,Fashion Premium,1200000,0,3,0,3
2024-10-26,Jakarta,SKU_HIJAB_INSTAN,Fashion,65000,0,238,0,238
2024-10-26,Jakarta,SKU_KOPI_GAYO,Food & Beverage,176000,1,151,0,151
2024-10-26,Jakarta,SKU_BATIK_TULIS,Fashion Premium,960000,1,43,0,43
2024-10-26,Surabaya,SKU_HIJAB_INSTAN,Fashion,52000,1,194,0,194
2024-10-26,Surabaya,SKU_KOPI_GAYO,Food & Beverage,220000,0,64,0,64
2024-10-26,Surabaya,SKU_BATIK_TULIS,Fashion Premium,1200000,0,17,0,17
2024-10-26,Medan,SKU_HIJAB_INSTAN,Fashion,65000,0,78,0,78
2024-10-26,Medan,SKU_KOPI_GAYO,Food & Beverage,220000,0,50,0,50
2024-10-26,Medan,SKU_BATIK_TULIS,Fashion Premium,1200000,0,10,0,10
2024-10-26,Makassar,SKU_HIJAB_INSTAN,Fashion,52000,1,97,0,97
2024-10-26,Makassar,SKU_KOPI_GAYO,Food & Beverage,220000,0,19,0,19
2024-10-26,Makassar,SKU_BATIK_TULIS,Fashion Premium,960000,1,12,0,12
2024-10-27,Jakarta,SKU_HIJAB_INSTAN,Fashion,65000,0,252,0,252
2024-10-27,Jakarta,SKU_KOPI_GAYO,Food & Beverage,220000,0,84,0,84
2024-10-27,Jakarta,SKU_BATIK_TULIS,Fashion Premium,960000,1,38,0,38
2024-10-27,Surabaya,SKU_HIJAB_INSTAN,Fashion,65000,0,151,0,151
2024-10-27,Surabaya,SKU_KOPI_GAYO,Food & Beverage,220000,0,66,0,66
2024-10-27,Surabaya,SKU_BATIK_TULIS,Fashion Premium,1200000,0,15,0,15
2024-10-27,Medan,SKU_HIJAB_INSTAN,Fashion,52000,1,134,0,134
2024-10-27,Medan,SKU_KOPI_GAYO,Food & Beverage,220000,0,54,0,54
2024-10-27,Medan,SKU_BATIK_TULIS,Fashion Premium,960000,1,14,0,14
2024-10-27,Makassar,SKU_HIJAB_INSTAN,Fashion,65000,0,41,0,41
2024-10-27,Makassar,SKU_KOPI_GAYO,Food & Beverage,220000,0,11,0,11
2024-10-27,Makassar,SKU_BATIK_TULIS,Fashion Premium,1200000,0,2,0,2
2024-10-28,Jakarta,SKU_HIJAB_INSTAN,Fashion,52000,1,275,0,275
2024-10-28,Jakarta,SKU_KOPI_GAYO,Food & Beverage,176000,1,150,0,150
2024-10-28,Jakarta,SKU_BATIK_TULIS,Fashion Premium,1200000,0,18,0,18
2024-10-28,Surabaya,SKU_HIJAB_INSTAN,Fashion,65000,0,85,0,85
2024-10-28,Surabaya,SKU_KOPI_GAYO,Food & Beverage,176000,1,83,0,83
2024-10-28,Surabaya,SKU_BATIK_TULIS,Fashion Premium,1200000,0,14,0,14
2024-10-28,Medan,SKU_HIJAB_INSTAN,Fashion,65000,0,68,0,68
2024-10-28,Medan,SKU_KOPI_GAYO,Food & Beverage,176000,1,41,0,41
2024-10-28,Medan,SKU_BATIK_TULIS,Fashion Premium,960000,1,11,0,11
2024-10-28,Makassar,SKU_HIJAB_INSTAN,Fashion,65000,0,44,0,44
2024-10-28,Makassar,SKU_KOPI_GAYO,Food & Beverage,176000,1,15,0,15
2024-10-28,Makassar,SKU_BATIK_TULIS,Fashion Premium,1200000,0,2,0,2
2024-10-29,Jakarta,SKU_HIJAB_INSTAN,Fashion,65000,0,174,0,174
2024-10-29,Jakarta,SKU_KOPI_GAYO,Food & Beverage,220000,0,90,0,90
2024-10-29,Jakarta,SKU_BATIK_TULIS,Fashion Premium,1200000,0,16,0,16
2024-10-29,Surabaya,SKU_HIJAB_INSTAN,Fashion,65000,0,128,0,128
2024-10-29,Surabaya,SKU_KOPI_GAYO,Food & Beverage,220000,0,44,0,44
2024-10-29,Surabaya,SKU_BATIK_TULIS,Fashion Premium,1200000,0,11,0,11
2024-10-29,Medan,SKU_HIJAB_INSTAN,Fashion,65000,0,80,0,80
2024-10-29,Medan,SKU_KOPI_GAYO,Food & Beverage,220000,0,31,0,31
2024-10-29,Medan,SKU_BATIK_TULIS,Fashion Premium,1200000,0,5,0,5
2024-10-29,Makassar,SKU_HIJAB_INSTAN,Fashion,65000,0,27,0,27
2024-10-29,Makassar,SKU_KOPI_GAYO,Food & Beverage,220000,0,5,0,5
2024-10-29,Makassar,SKU_BATIK_TULIS,Fashion Premium,1200000,0,5,0,5
2024-10-30,Jakarta,SKU_HIJAB_INSTAN,Fashion,65000,0,175,0,175
2024-10-30,Jakarta,SKU_KOPI_GAYO,Food & Beverage,220000,0,90,0,90
2024-10-30,Jakarta,SKU_BATIK_TULIS,Fashion Premium,1200000,0,21,0,21
2024-10-30,Surabaya,SKU_HIJAB_INSTAN,Fashion,65000,0,85,0,85
2024-10-30,Surabaya,SKU_KOPI_GAYO,Food & Beverage,220000,0,54,0,54
2024-10-30,Surabaya,SKU_BATIK_TULIS,Fashion Premium,1200000,0,12,0,12
2024-10-30,Medan,SKU_HIJAB_INSTAN,Fashion,65000,0,99,0,99
2024-10-30,Medan,SKU_KOPI_GAYO,Food & Beverage,220000,0,25,0,25
2024-10-30,Medan,SKU_BATIK_TULIS,Fashion Premium,1200000,0,10,0,10
2024-10-30,Makassar,SKU_HIJAB_INSTAN,Fashion,65000,0,32,0,32
2024-10-30,Makassar,SKU_KOPI_GAYO,Food & Beverage,220000,0,16,0,16
2024-10-30,Makassar,SKU_BATIK_TULIS,Fashion Premium,1200000,0,2,0,2
2024-10-31,Jakarta,SKU_HIJAB_INSTAN,Fashion,65000,0,189,0,189
2024-10-31,Jakarta,SKU_KOPI_GAYO,Food & Beverage,220000,0,110,0,110
2024-10-31,Jakarta,SKU_BATIK_TULIS,Fashion Premium,1200000,0,20,0,20
2024-10-31,Surabaya,SKU_HIJAB_INSTAN,Fashion,65000,0,100,0,100
2024-10-31,Surabaya,SKU_KOPI_GAYO,Food & Beverage,220000,0,52,0,52
2024-10-31,Surabaya,SKU_BATIK_TULIS,Fashion Premium,1200000,0,19,0,19
2024-10-31,Medan,SKU_HIJAB_INSTAN,Fashion,65000,0,65,0,65
2024-10-31,Medan,SKU_KOPI_GAYO,Food & Beverage,220000,0,50,0,50
2024-10-31,Medan,SKU_BATIK_TULIS,Fashion Premium,1200000,0,11,0,11
2024-10-31,Makassar,SKU_HIJAB_INSTAN,Fashion,65000,0,15,0,15
2024-10-31,Makassar,SKU_KOPI_GAYO,Food & Beverage,220000,0,10,0,10
2024-10-31,Makassar,SKU_BATIK_TULIS,Fashion Premium,1200000,0,2,0,2
2024-11-01,Jakarta,SKU_HIJAB_INSTAN,Fashion,65000,0,189,0,189
2024-11-01,Jakarta,SKU_KOPI_GAYO,Food & Beverage,220000,0,114,0,114
2024-11-01,Jakarta,SKU_BATIK_TULIS,Fashion Premium,1200000,0,26,0,26
2024-11-01,Surabaya,SKU_HIJAB_INSTAN,Fashion,65000,0,118,0,118
2024-11-01,Surabaya,SKU_KOPI_GAYO,Food & Beverage,220000,0,55,0,55
2024-11-01,Surabaya,SKU_BATIK_TULIS,Fashion Premium,1200000,0,10,0,10
2024-11-01,Medan,SKU_HIJAB_INSTAN,Fashion,65000,0,82,0,82
2024-11-01,Medan,SKU_KOPI_GAYO,Food & Beverage,220000,0,40,0,40
2024-11-01,Medan,SKU_BATIK_TULIS,Fashion Premium,1200000,0,7,0,7
2024-11-01,Makassar,SKU_HIJAB_INSTAN,Fashion,65000,0,46,0,46
2024-11-01,Makassar,SKU_KOPI_GAYO,Food & Beverage,220000,0,27,0,27
2024-11-01,Makassar,SKU_BATIK_TULIS,Fashion Premium,1200000,0,2,0,2
2024-11-02,Jakarta,SKU_HIJAB_INSTAN,Fashion,65000,0,209,0,209
2024-11-02,Jakarta,SKU_KOPI_GAYO,Food & Beverage,220000,0,108,0,108
2024-11-02,Jakarta,SKU_BATIK_TULIS,Fashion Premium,1200000,0,24,0,24
2024-11-02,Surabaya,SKU_HIJAB_INSTAN,Fashion,65000,0,121,0,121
2024-11-02,Surabaya,SKU_KOPI_GAYO,Food & Beverage,220000,0,56,0,56
2024-11-02,Surabaya,SKU_BATIK_TULIS,Fashion Premium,1200000,0,16,0,16
2024-11-02,Medan,SKU_HIJAB_INSTAN,Fashion,65000,0,106,0,106
2024-11-02,Medan,SKU_KOPI_GAYO,Food & Beverage,220000,0,54,0,54
2024-11-02,Medan,SKU_BATIK_TULIS,Fashion Premium,1200000,0,12,0,12
2024-11-02,Makassar,SKU_HIJAB_INSTAN,Fashion,65000,0,43,0,43
2024-11-02,Makassar,SKU_KOPI_GAYO,Food & Beverage,220000,0,25,0,25
2024-11-02,Makassar,SKU_BATIK_TULIS,Fashion Premium,1200000,0,2,0,2
2024-11-03,Jakarta,SKU_HIJAB_INSTAN,Fashion,65000,0,245,0,245
2024-11-03,Jakarta,SKU_KOPI_GAYO,Food & Beverage,220000,0,92,0,92
2024-11-03,Jakarta,SKU_BATIK_TULIS,Fashion Premium,1200000,0,25,0,25
2024-11-03,Surabaya,SKU_HIJAB_INSTAN,Fashion,65000,0,127,0,127
2024-11-03,Surabaya,SKU_KOPI_GAYO,Food & Beverage,220000,0,48,0,48
2024-11-03,Surabaya,SKU_BATIK_TULIS,Fashion Premium,1200000,0,13,0,13
2024-11-03,Medan,SKU_HIJAB_INSTAN,Fashion,65000,0,103,0,103
2024-11-03,Medan,SKU_KOPI_GAYO,Food & Beverage,220000,0,38,0,38
2024-11-03,Medan,SKU_BATIK_TULIS,Fashion Premium,1200000,0,7,0,7
2024-11-03,Makassar,SKU_HIJAB_INSTAN,Fashion,65000,0,36,0,36
2024-11-03,Makassar,SKU_KOPI_GAYO,Food & Beverage,220000,0,12,0,12
2024-11-03,Makassar,SKU_BATIK_TULIS,Fashion Premium,1200000,0,3,0,3
2024-11-04,Jakarta,SKU_HIJAB_INSTAN,Fashion,65000,0,151,0,151
2024-11-04,Jakarta,SKU_KOPI_GAYO,Food & Beverage,220000,0,91,0,91
2024-11-04,Jakarta,SKU_BATIK_TULIS,Fashion Premium,1200000,0,16,0,16
2024-11-04,Surabaya,SKU_HIJAB_INSTAN,Fashion,65000,0,96,0,96
2024-11-04,Surabaya,SKU_KOPI_GAYO,Food & Beverage,220000,0,63,0,63
2024-11-04,Surabaya,SKU_BATIK_TULIS,Fashion Premium,1200000,0,9,0,9
2024-11-04,Medan,SKU_HIJAB_INSTAN,Fashion,65000,0,67,0,67
2024-11-04,Medan,SKU_KOPI_GAYO,Food & Beverage,220000,0,32,0,32
2024-11-04,Medan,SKU_BATIK_TULIS,Fashion Premium,1200000,0,6,0,6
2024-11-04,Makassar,SKU_HIJAB_INSTAN,Fashion,65000,0,44,0,44
2024-11-04,Makassar,SKU_KOPI_GAYO,Food & Beverage,220000,0,9,0,9
2024-11-04,Makassar,SKU_BATIK_TULIS,Fashion Premium,1200000,0,3,0,3
2024-11-05,Jakarta,SKU_HIJAB_INSTAN,Fashion,65000,0,168,0,168
2024-11-05,Jakarta,SKU_KOPI_GAYO,Food & Beverage,220000,0,83,0,83
2024-11-05,Jakarta,SKU_BATIK_TULIS,Fashion Premium,1200000,0,16,0,16
2024-11-05,Surabaya,SKU_HIJAB_INSTAN,Fashion,65000,0,129,0,129
2024-11-05,Surabaya,SKU_KOPI_GAYO,Food & Beverage,220000,0,59,0,59
2024-11-05,Surabaya,SKU_BATIK_TULIS,Fashion Premium,1200000,0,9,0,9
2024-11-05,Medan,SKU_HIJAB_INSTAN,Fashion,65000,0,58,0,58
2024-11-05,Medan,SKU_KOPI_GAYO,Food & Beverage,220000,0,50,0,50
2024-11-05,Medan,SKU_BATIK_TULIS,Fashion Premium,1200000,0,7,0,7
2024-11-05,Makassar,SKU_HIJAB_INSTAN,Fashion,65000,0,36,0,36
2024-11-05,Makassar,SKU_KOPI_GAYO,Food & Beverage,220000,0,22,0,22
2024-11-05,Makassar,SKU_BATIK_TULIS,Fashion Premium,1200000,0,4,1,0
2024-11-06,Jakarta,SKU_HIJAB_INSTAN,Fashion,65000,0,176,0,176
2024-11-06,Jakarta,SKU_KOPI_GAYO,Food & Beverage,220000,0,99,0,99
2024-11-06,Jakarta,SKU_BATIK_TULIS,Fashion Premium,1200000,0,16,0,16
2024-11-06,Surabaya,SKU_HIJAB_INSTAN,Fashion,65000,0,118,0,118
2024-11-06,Surabaya,SKU_KOPI_GAYO,Food & Beverage,220000,0,52,0,52
2024-11-06,Surabaya,SKU_BATIK_TULIS,Fashion Premium,1200000,0,12,0,12
2024-11-06,Medan,SKU_HIJAB_INSTAN,Fashion,65000,0,65,0,65
2024-11-06,Medan,SKU_KOPI_GAYO,Food & Beverage,220000,0,44,0,44
2024-11-06,Medan,SKU_BATIK_TULIS,Fashion Premium,1200000,0,7,0,7
2024-11-06,Makassar,SKU_HIJAB_INSTAN,Fashion,65000,0,77,0,77
2024-11-06,Makassar,SKU_KOPI_GAYO,Food & Beverage,220000,0,24,0,24
2024-11-06,Makassar,SKU_BATIK_TULIS,Fashion Premium,1200000,0,3,0,3
2024-11-07,Jakarta,SKU_HIJAB_INSTAN,Fashion,65000,0,163,0,163
2024-11-07,Jakarta,SKU_KOPI_GAYO,Food & Beverage,220000,0,104,0,104
2024-11-07,Jakarta,SKU_BATIK_TULIS,Fashion Premium,1200000,0,22,0,22
2024-11-07,Surabaya,SKU_HIJAB_INSTAN,Fashion,65000,0,107,0,107
2024-11-07,Surabaya,SKU_KOPI_GAYO,Food & Beverage,220000,0,52,0,52
2024-11-07,Surabaya,SKU_BATIK_TULIS,Fashion Premium,1200000,0,13,0,13
2024-11-07,Medan,SKU_HIJAB_INSTAN,Fashion,65000,0,79,0,79
2024-11-07,Medan,SKU_KOPI_GAYO,Food & Beverage,220000,0,36,0,36
2024-11-07,Medan,SKU_BATIK_TULIS,Fashion Premium,1200000,0,8,0,8
2024-11-07,Makassar,SKU_HIJAB_INSTAN,Fashion,65000,0,32,0,32
2024-11-07,Makassar,SKU_KOPI_GAYO,Food & Beverage,220000,0,28,0,28
2024-11-07,Makassar,SKU_BATIK_TULIS,Fashion Premium,1200000,0,3,0,3
2024-11-08,Jakarta,SKU_HIJAB_INSTAN,Fashion,65000,0,212,0,212
2024-11-08,Jakarta,SKU_KOPI_GAYO,Food & Beverage,220000,0,98,0,98
2024-11-08,Jakarta,SKU_BATIK_TULIS,Fashion Premium,1200000,0,24,0,24
2024-11-08,Surabaya,SKU_HIJAB_INSTAN,Fashion,65000,0,148,0,148
2024-11-08,Surabaya,SKU_KOPI_GAYO,Food & Beverage,220000,0,55,0,55
2024-11-08,Surabaya,SKU_BATIK_TULIS,Fashion Premium,1200000,0,15,0,15
2024-11-08,Medan,SKU_HIJAB_INSTAN,Fashion,65000,0,103,0,103
2024-11-08,Medan,SKU_KOPI_GAYO,Food & Beverage,220000,0,45,0,45
2024-11-08,Medan,SKU_BATIK_TULIS,Fashion Premium,1200000,0,11,0,11
2024-11-08,Makassar,SKU_HIJAB_INSTAN,Fashion,65000,0,42,0,42
2024-11-08,Makassar,SKU_KOPI_GAYO,Food & Beverage,220000,0,25,0,25
2024-11-08,Makassar,SKU_BATIK_TULIS,Fashion Premium,1200000,0,6,0,6
2024-11-09,Jakarta,SKU_HIJAB_INSTAN,Fashion,65000,0,219,0,219
2024-11-09,Jakarta,SKU_KOPI_GAYO,Food & Beverage,220000,0,121,0,121
2024-11-09,Jakarta,SKU_BATIK_TULIS,Fashion Premium,1200000,0,24,0,24
2024-11-09,Surabaya,SKU_HIJAB_INSTAN,Fashion,65000,0,114,0,114
2024-11-09,Surabaya,SKU_KOPI_GAYO,Food & Beverage,220000,0,74,0,74
2024-11-09,Surabaya,SKU_BATIK_TULIS,Fashion Premium,1200000,0,18,0,18
2024-11-09,Medan,SKU_HIJAB_INSTAN,Fashion,65000,0,75,0,75
2024-11-09,Medan,SKU_KOPI_GAYO,Food & Beverage,220000,0,50,0,50
2024-11-09,Medan,SKU_BATIK_TULIS,Fashion Premium,1200000,0,11,0,11
2024-11-09,Makassar,SKU_HIJAB_INSTAN,Fashion,65000,0,44,0,44
2024-11-09,Makassar,SKU_KOPI_GAYO,Food & Beverage,220000,0,14,0,14
2024-11-09,Makassar,SKU_BATIK_TULIS,Fashion Premium,1200000,0,5,0,5
2024-11-10,Jakarta,SKU_HIJAB_INSTAN,Fashion,65000,0,194,0,194
2024-11-10,Jakarta,SKU_KOPI_GAYO,Food & Beverage,220000,0,97,0,97
2024-11-10,Jakarta,SKU_BATIK_TULIS,Fashion Premium,1200000,0,22,0,22
2024-11-10,Surabaya,SKU_HIJAB_INSTAN,Fashion,65000,0,103,0,103
2024-11-10,Surabaya,SKU_KOPI_GAYO,Food & Beverage,220000,0,69,0,69
2024-11-10,Surabaya,SKU_BATIK_TULIS,Fashion Premium,1200000,0,14,0,14
2024-11-10,Medan,SKU_HIJAB_INSTAN,Fashion,65000,0,89,0,89
2024-11-10,Medan,SKU_KOPI_GAYO,Food & Beverage,220000,0,35,0,35
2024-11-10,Medan,SKU_BATIK_TULIS,Fashion Premium,1200000,0,9,0,9
2024-11-10,Makassar,SKU_HIJAB_INSTAN,Fashion,65000,0,26,0,26
2024-11-10,Makassar,SKU_KOPI_GAYO,Food & Beverage,220000,0,33,0,33
2024-11-10,Makassar,SKU_BATIK_TULIS,Fashion Premium,1200000,0,2,0,2
2024-11-11,Jakarta,SKU_HIJAB_INSTAN,Fashion,52000,1,457,0,457
2024-11-11,Jakarta,SKU_KOPI_GAYO,Food & Beverage,176000,1,196,0,196
2024-11-11,Jakarta,SKU_BATIK_TULIS,Fashion Premium,960000,1,62,0,62
2024-11-11,Surabaya,SKU_HIJAB_INSTAN,Fashion,52000,1,208,0,208
2024-11-11,Surabaya,SKU_KOPI_GAYO,Food & Beverage,176000,1,125,0,125
2024-11-11,Surabaya,SKU_BATIK_TULIS,Fashion Premium,960000,1,44,0,44
2024-11-11,Medan,SKU_HIJAB_INSTAN,Fashion,52000,1,193,0,193
2024-11-11,Medan,SKU_KOPI_GAYO,Food & Beverage,176000,1,75,0,75
2024-11-11,Medan,SKU_BATIK_TULIS,Fashion Premium,960000,1,25,0,25
2024-11-11,Makassar,SKU_HIJAB_INSTAN,Fashion,52000,1,52,0,52
2024-11-11,Makassar,SKU_KOPI_GAYO,Food & Beverage,176000,1,27,0,27
2024-11-11,Makassar,SKU_BATIK_TULIS,Fashion Premium,960000,1,20,0,20
2024-11-12,Jakarta,SKU_HIJAB_INSTAN,Fashion,65000,0,154,0,154
2024-11-12,Jakarta,SKU_KOPI_GAYO,Food & Beverage,220000,0,79,0,79
2024-11-12,Jakarta,SKU_BATIK_TULIS,Fashion Premium,1200000,0,16,0,16
2024-11-12,Surabaya,SKU_HIJAB_INSTAN,Fashion,65000,0,131,0,131
2024-11-12,Surabaya,SKU_KOPI_GAYO,Food & Beverage,220000,0,55,0,55
2024-11-12,Surabaya,SKU_BATIK_TULIS,Fashion Premium,1200000,0,13,0,13
2024-11-12,Medan,SKU_HIJAB_INSTAN,Fashion,65000,0,66,0,66
2024-11-12,Medan,SKU_KOPI_GAYO,Food & Beverage,220000,0,42,0,42
2024-11-12,Medan,SKU_BATIK_TULIS,Fashion Premium,1200000,0,8,0,8
2024-11-12,Makassar,SKU_HIJAB_INSTAN,Fashion,65000,0,67,0,67
2024-11-12,Makassar,SKU_KOPI_GAYO,Food & Beverage,220000,0,14,0,14
2024-11-12,Makassar,SKU_BATIK_TULIS,Fashion Premium,1200000,0,3,1,0
2024-11-13,Jakarta,SKU_HIJAB_INSTAN,Fashion,65000,0,181,0,181
2024-11-13,Jakarta,SKU_KOPI_GAYO,Food & Beverage,220000,0,99,0,99
2024-11-13,Jakarta,SKU_BATIK_TULIS,Fashion Premium,1200000,0,20,0,20
2024-11-13,Surabaya,SKU_HIJAB_INSTAN,Fashion,65000,0,132,0,132
2024-11-13,Surabaya,SKU_KOPI_GAYO,Food & Beverage,220000,0,51,0,51
2024-11-13,Surabaya,SKU_BATIK_TULIS,Fashion Premium,1200000,0,9,0,9
2024-11-13,Medan,SKU_HIJAB_INSTAN,Fashion,65000,0,83,0,83
2024-11-13,Medan,SKU_KOPI_GAYO,Food & Beverage,220000,0,29,0,29
2024-11-13,Medan,SKU_BATIK_TULIS,Fashion Premium,1200000,0,8,0,8
2024-11-13,Makassar,SKU_HIJAB_INSTAN,Fashion,65000,0,37,0,37
2024-11-13,Makassar,SKU_KOPI_GAYO,Food & Beverage,220000,0,28,0,28
2024-11-13,Makassar,SKU_BATIK_TULIS,Fashion Premium,1200000,0,5,0,5
2024-11-14,Jakarta,SKU_HIJAB_INSTAN,Fashion,65000,0,191,0,191
2024-11-14,Jakarta,SKU_KOPI_GAYO,Food & Beverage,220000,0,86,0,86
2024-11-14,Jakarta,SKU_BATIK_TULIS,Fashion Premium,1200000,0,18,0,18
2024-11-14,Surabaya,SKU_HIJAB_INSTAN,Fashion,65000,0,114,0,114
2024-11-14,Surabaya,SKU_KOPI_GAYO,Food & Beverage,220000,0,61,0,61
2024-11-14,Surabaya,SKU_BATIK_TULIS,Fashion Premium,1200000,0,11,0,11
2024-11-14,Medan,SKU_HIJAB_INSTAN,Fashion,65000,0,62,0,62
2024-11-14,Medan,SKU_KOPI_GAYO,Food & Beverage,220000,0,36,0,36
2024-11-14,Medan,SKU_BATIK_TULIS,Fashion Premium,1200000,0,10,0,10
2024-11-14,Makassar,SKU_HIJAB_INSTAN,Fashion,65000,0,33,0,33
2024-11-14,Makassar,SKU_KOPI_GAYO,Food & Beverage,220000,0,14,0,14
2024-11-14,Makassar,SKU_BATIK_TULIS,Fashion Premium,1200000,0,2,0,2
2024-11-15,Jakarta,SKU_HIJAB_INSTAN,Fashion,65000,0,198,0,198
2024-11-15,Jakarta,SKU_KOPI_GAYO,Food & Beverage,220000,0,107,0,107
2024-11-15,Jakarta,SKU_BATIK_TULIS,Fashion Premium,1200000,0,25,0,25
2024-11-15,Surabaya,SKU_HIJAB_INSTAN,Fashion,65000,0,107,0,107
2024-11-15,Surabaya,SKU_KOPI_GAYO,Food & Beverage,220000,0,60,0,60
2024-11-15,Surabaya,SKU_BATIK_TULIS,Fashion Premium,1200000,0,12,0,12
2024-11-15,Medan,SKU_HIJAB_INSTAN,Fashion,65000,0,74,0,74
2024-11-15,Medan,SKU_KOPI_GAYO,Food & Beverage,220000,0,38,0,38
2024-11-15,Medan,SKU_BATIK_TULIS,Fashion Premium,1200000,0,8,0,8
2024-11-15,Makassar,SKU_HIJAB_INSTAN,Fashion,65000,0,2,0,2
2024-11-15,Makassar,SKU_KOPI_GAYO,Food & Beverage,220000,0,33,0,33
2024-11-15,Makassar,SKU_BATIK_TULIS,Fashion Premium,1200000,0,3,0,3
2024-11-16,Jakarta,SKU_HIJAB_INSTAN,Fashion,65000,0,207,0,207
2024-11-16,Jakarta,SKU_KOPI_GAYO,Food & Beverage,220000,0,95,0,95
2024-11-16,Jakarta,SKU_BATIK_TULIS,Fashion Premium,1200000,0,23,0,23
2024-11-16,Surabaya,SKU_HIJAB_INSTAN,Fashion,65000,0,161,0,161
2024-11-16,Surabaya,SKU_KOPI_GAYO,Food & Beverage,220000,0,60,0,60
2024-11-16,Surabaya,SKU_BATIK_TULIS,Fashion Premium,1200000,0,16,0,16
2024-11-16,Medan,SKU_HIJAB_INSTAN,Fashion,65000,0,94,0,94
2024-11-16,Medan,SKU_KOPI_GAYO,Food & Beverage,220000,0,36,0,36
2024-11-16,Medan,SKU_BATIK_TULIS,Fashion Premium,1200000,0,10,0,10
2024-11-16,Makassar,SKU_HIJAB_INSTAN,Fashion,65000,0,56,0,56
2024-11-16,Makassar,SKU_KOPI_GAYO,Food & Beverage,220000,0,9,0,9
2024-11-16,Makassar,SKU_BATIK_TULIS,Fashion Premium,1200000,0,4,0,4
2024-11-17,Jakarta,SKU_HIJAB_INSTAN,Fashion,65000,0,205,1,0
2024-11-17,Jakarta,SKU_KOPI_GAYO,Food & Beverage,220000,0,95,0,95
2024-11-17,Jakarta,SKU_BATIK_TULIS,Fashion Premium,1200000,0,23,0,23
2024-11-17,Surabaya,SKU_HIJAB_INSTAN,Fashion,65000,0,128,0,128
2024-11-17,Surabaya,SKU_KOPI_GAYO,Food & Beverage,220000,0,71,0,71
2024-11-17,Surabaya,SKU_BATIK_TULIS,Fashion Premium,1200000,0,15,0,15
2024-11-17,Medan,SKU_HIJAB_INSTAN,Fashion,65000,0,70,0,70
2024-11-17,Medan,SKU_KOPI_GAYO,Food & Beverage,220000,0,61,0,61
2024-11-17,Medan,SKU_BATIK_TULIS,Fashion Premium,1200000,0,12,0,12
2024-11-17,Makassar,SKU_HIJAB_INSTAN,Fashion,65000,0,34,0,34
2024-11-17,Makassar,SKU_KOPI_GAYO,Food & Beverage,220000,0,31,0,31
2024-11-17,Makassar,SKU_BATIK_TULIS,Fashion Premium,1200000,0,5,0,5
2024-11-18,Jakarta,SKU_HIJAB_INSTAN,Fashion,65000,0,158,0,158
2024-11-18,Jakarta,SKU_KOPI_GAYO,Food & Beverage,220000,0,101,0,101
2024-11-18,Jakarta,SKU_BATIK_TULIS,Fashion Premium,1200000,0,15,1,0
2024-11-18,Surabaya,SKU_HIJAB_INSTAN,Fashion,65000,0,111,0,111
2024-11-18,Surabaya,SKU_KOPI_GAYO,Food & Beverage,220000,0,56,0,56
2024-11-18,Surabaya,SKU_BATIK_TULIS,Fashion Premium,1200000,0,10,0,10
2024-11-18,Medan,SKU_HIJAB_INSTAN,Fashion,65000,0,95,0,95
2024-11-18,Medan,SKU_KOPI_GAYO,Food & Beverage,220000,0,36,0,36
2024-11-18,Medan,SKU_BATIK_TULIS,Fashion Premium,1200000,0,5,0,5
2024-11-18,Makassar,SKU_HIJAB_INSTAN,Fashion,65000,0,25,0,25
2024-11-18,Makassar,SKU_KOPI_GAYO,Food & Beverage,220000,0,9,0,9
2024-11-18,Makassar,SKU_BATIK_TULIS,Fashion Premium,1200000,0,2,0,2
2024-11-19,Jakarta,SKU_HIJAB_INSTAN,Fashion,65000,0,195,0,195
2024-11-19,Jakarta,SKU_KOPI_GAYO,Food & Beverage,220000,0,93,0,93
2024-11-19,Jakarta,SKU_BATIK_TULIS,Fashion Premium,1200000,0,17,0,17
2024-11-19,Surabaya,SKU_HIJAB_INSTAN,Fashion,65000,0,70,0,70
2024-11-19,Surabaya,SKU_KOPI_GAYO,Food & Beverage,220000,0,52,0,52
2024-11-19,Surabaya,SKU_BATIK_TULIS,Fashion Premium,1200000,0,11,0,11
2024-11-19,Medan,SKU_HIJAB_INSTAN,Fashion,65000,0,94,1,0
2024-11-19,Medan,SKU_KOPI_GAYO,Food & Beverage,220000,0,30,0,30
2024-11-19,Medan,SKU_BATIK_TULIS,Fashion Premium,1200000,0,7,0,7
2024-11-19,Makassar,SKU_HIJAB_INSTAN,Fashion,65000,0,50,0,50
2024-11-19,Makassar,SKU_KOPI_GAYO,Food & Beverage,220000,0,20,0,20
2024-11-19,Makassar,SKU_BATIK_TULIS,Fashion Premium,1200000,0,4,0,4
2024-11-20,Jakarta,SKU_HIJAB_INSTAN,Fashion,65000,0,167,0,167
2024-11-20,Jakarta,SKU_KOPI_GAYO,Food & Beverage,220000,0,74,0,74
2024-11-20,Jakarta,SKU_BATIK_TULIS,Fashion Premium,1200000,0,20,0,20
2024-11-20,Surabaya,SKU_HIJAB_INSTAN,Fashion,65000,0,123,0,123
2024-11-20,Surabaya,SKU_KOPI_GAYO,Food & Beverage,220000,0,60,0,60
2024-11-20,Surabaya,SKU_BATIK_TULIS,Fashion Premium,1200000,0,12,0,12
2024-11-20,Medan,SKU_HIJAB_INSTAN,Fashion,65000,0,69,0,69
2024-11-20,Medan,SKU_KOPI_GAYO,Food & Beverage,220000,0,30,0,30
2024-11-20,Medan,SKU_BATIK_TULIS,Fashion Premium,1200000,0,5,0,5
2024-11-20,Makassar,SKU_HIJAB_INSTAN,Fashion,65000,0,17,0,17
2024-11-20,Makassar,SKU_KOPI_GAYO,Food & Beverage,220000,0,22,0,22
2024-11-20,Makassar,SKU_BATIK_TULIS,Fashion Premium,1200000,0,3,0,3
2024-11-21,Jakarta,SKU_HIJAB_INSTAN,Fashion,65000,0,212,0,212
2024-11-21,Jakarta,SKU_KOPI_GAYO,Food & Beverage,220000,0,105,0,105
2024-11-21,Jakarta,SKU_BATIK_TULIS,Fashion Premium,1200000,0,21,0,21
2024-11-21,Surabaya,SKU_HIJAB_INSTAN,Fashion,65000,0,122,0,122
2024-11-21,Surabaya,SKU_KOPI_GAYO,Food & Beverage,220000,0,52,0,52
2024-11-21,Surabaya,SKU_BATIK_TULIS,Fashion Premium,1200000,0,11,0,11
2024-11-21,Medan,SKU_HIJAB_INSTAN,Fashion,65000,0,65,0,65
2024-11-21,Medan,SKU_KOPI_GAYO,Food & Beverage,220000,0,30,0,30
2024-11-21,Medan,SKU_BATIK_TULIS,Fashion Premium,1200000,0,8,0,8
2024-11-21,Makassar,SKU_HIJAB_INSTAN,Fashion,65000,0,53,0,53
2024-11-21,Makassar,SKU_KOPI_GAYO,Food & Beverage,220000,0,17,0,17
2024-11-21,Makassar,SKU_BATIK_TULIS,Fashion Premium,1200000,0,2,0,2
2024-11-22,Jakarta,SKU_HIJAB_INSTAN,Fashion,65000,0,196,0,196
2024-11-22,Jakarta,SKU_KOPI_GAYO,Food & Beverage,220000,0,100,0,100
2024-11-22,Jakarta,SKU_BATIK_TULIS,Fashion Premium,1200000,0,22,0,22
2024-11-22,Surabaya,SKU_HIJAB_INSTAN,Fashion,65000,0,118,0,118
2024-11-22,Surabaya,SKU_KOPI_GAYO,Food & Beverage,220000,0,80,0,80
2024-11-22,Surabaya,SKU_BATIK_TULIS,Fashion Premium,1200000,0,11,0,11
2024-11-22,Medan,SKU_HIJAB_INSTAN,Fashion,65000,0,47,0,47
2024-11-22,Medan,SKU_KOPI_GAYO,Food & Beverage,220000,0,40,0,40
2024-11-22,Medan,SKU_BATIK_TULIS,Fashion Premium,1200000,0,10,0,10
2024-11-22,Makassar,SKU_HIJAB_INSTAN,Fashion,65000,0,37,0,37
2024-11-22,Makassar,SKU_KOPI_GAYO,Food & Beverage,220000,0,12,0,12
2024-11-22,Makassar,SKU_BATIK_TULIS,Fashion Premium,1200000,0,7,0,7
2024-11-23,Jakarta,SKU_HIJAB_INSTAN,Fashion,65000,0,220,0,220
2024-11-23,Jakarta,SKU_KOPI_GAYO,Food & Beverage,220000,0,103,0,103
2024-11-23,Jakarta,SKU_BATIK_TULIS,Fashion Premium,1200000,0,28,0,28
2024-11-23,Surabaya,SKU_HIJAB_INSTAN,Fashion,65000,0,128,0,128
2024-11-23,Surabaya,SKU_KOPI_GAYO,Food & Beverage,220000,0,58,0,58
2024-11-23,Surabaya,SKU_BATIK_TULIS,Fashion Premium,1200000,0,19,0,19
2024-11-23,Medan,SKU_HIJAB_INSTAN,Fashion,65000,0,59,0,59
2024-11-23,Medan,SKU_KOPI_GAYO,Food & Beverage,220000,0,43,0,43
2024-11-23,Medan,SKU_BATIK_TULIS,Fashion Premium,1200000,0,11,0,11
2024-11-23,Makassar,SKU_HIJAB_INSTAN,Fashion,65000,0,36,0,36
2024-11-23,Makassar,SKU_KOPI_GAYO,Food & Beverage,220000,0,19,0,19
2024-11-23,Makassar,SKU_BATIK_TULIS,Fashion Premium,1200000,0,8,0,8
2024-11-24,Jakarta,SKU_HIJAB_INSTAN,Fashion,65000,0,196,0,196
2024-11-24,Jakarta,SKU_KOPI_GAYO,Food & Beverage,220000,0,105,0,105
2024-11-24,Jakarta,SKU_BATIK_TULIS,Fashion Premium,1200000,0,24,0,24
2024-11-24,Surabaya,SKU_HIJAB_INSTAN,Fashion,65000,0,136,0,136
2024-11-24,Surabaya,SKU_KOPI_GAYO,Food & Beverage,220000,0,63,0,63
2024-11-24,Surabaya,SKU_BATIK_TULIS,Fashion Premium,1200000,0,10,0,10
2024-11-24,Medan,SKU_HIJAB_INSTAN,Fashion,65000,0,69,0,69
2024-11-24,Medan,SKU_KOPI_GAYO,Food & Beverage,220000,0,34,0,34
2024-11-24,Medan,SKU_BATIK_TULIS,Fashion Premium,1200000,0,7,0,7
2024-11-24,Makassar,SKU_HIJAB_INSTAN,Fashion,65000,0,32,0,32
2024-11-24,Makassar,SKU_KOPI_GAYO,Food & Beverage,220000,0,21,0,21
2024-11-24,Makassar,SKU_BATIK_TULIS,Fashion Premium,1200000,0,6,0,6
2024-11-25,Jakarta,SKU_HIJAB_INSTAN,Fashion,65000,0,193,0,193
2024-11-25,Jakarta,SKU_KOPI_GAYO,Food & Beverage,220000,0,90,0,90
2024-11-25,Jakarta,SKU_BATIK_TULIS,Fashion Premium,960000,1,28,0,28
2024-11-25,Surabaya,SKU_HIJAB_INSTAN,Fashion,52000,1,145,0,145
2024-11-25,Surabaya,SKU_KOPI_GAYO,Food & Beverage,220000,0,63,0,63
2024-11-25,Surabaya,SKU_BATIK_TULIS,Fashion Premium,960000,1,19,0,19
2024-11-25,Medan,SKU_HIJAB_INSTAN,Fashion,65000,0,102,0,102
2024-11-25,Medan,SKU_KOPI_GAYO,Food & Beverage,220000,0,36,0,36
2024-11-25,Medan,SKU_BATIK_TULIS,Fashion Premium,960000,1,13,0,13
2024-11-25,Makassar,SKU_HIJAB_INSTAN,Fashion,65000,0,54,0,54
2024-11-25,Makassar,SKU_KOPI_GAYO,Food & Beverage,176000,1,35,0,35
2024-11-25,Makassar,SKU_BATIK_TULIS,Fashion Premium,1200000,0,5,0,5
2024-11-26,Jakarta,SKU_HIJAB_INSTAN,Fashion,65000,0,217,0,217
2024-11-26,Jakarta,SKU_KOPI_GAYO,Food & Beverage,220000,0,92,0,92
2024-11-26,Jakarta,SKU_BATIK_TULIS,Fashion Premium,960000,1,30,0,30
2024-11-26,Surabaya,SKU_HIJAB_INSTAN,Fashion,65000,0,89,0,89
2024-11-26,Surabaya,SKU_KOPI_GAYO,Food & Beverage,220000,0,58,0,58
2024-11-26,Surabaya,SKU_BATIK_TULIS,Fashion Premium,960000,1,20,0,20
2024-11-26,Medan,SKU_HIJAB_INSTAN,Fashion,52000,1,108,0,108
2024-11-26,Medan,SKU_KOPI_GAYO,Food & Beverage,220000,0,56,0,56
2024-11-26,Medan,SKU_BATIK_TULIS,Fashion Premium,1200000,0,12,0,12
2024-11-26,Makassar,SKU_HIJAB_INSTAN,Fashion,65000,0,42,0,42
2024-11-26,Makassar,SKU_KOPI_GAYO,Food & Beverage,220000,0,22,0,22
2024-11-26,Makassar,SKU_BATIK_TULIS,Fashion Premium,960000,1,5,0,5
2024-11-27,Jakarta,SKU_HIJAB_INSTAN,Fashion,52000,1,317,0,317
2024-11-27,Jakarta,SKU_KOPI_GAYO,Food & Beverage,176000,1,139,0,139
2024-11-27,Jakarta,SKU_BATIK_TULIS,Fashion Premium,960000,1,31,0,31
2024-11-27,Surabaya,SKU_HIJAB_INSTAN,Fashion,52000,1,138,0,138
2024-11-27,Surabaya,SKU_KOPI_GAYO,Food & Beverage,176000,1,92,0,92
2024-11-27,Surabaya,SKU_BATIK_TULIS,Fashion Premium,1200000,0,8,0,8
2024-11-27,Medan,SKU_HIJAB_INSTAN,Fashion,52000,1,67,0,67
2024-11-27,Medan,SKU_KOPI_GAYO,Food & Beverage,176000,1,40,0,40
2024-11-27,Medan,SKU_BATIK_TULIS,Fashion Premium,1200000,0,12,0,12
2024-11-27,Makassar,SKU_HIJAB_INSTAN,Fashion,52000,1,61,0,61
2024-11-27,Makassar,SKU_KOPI_GAYO,Food & Beverage,176000,1,35,0,35
2024-11-27,Makassar,SKU_BATIK_TULIS,Fashion Premium,1200000,0,3,0,3
2024-11-28,Jakarta,SKU_HIJAB_INSTAN,Fashion,52000,1,328,0,328
2024-11-28,Jakarta,SKU_KOPI_GAYO,Food & Beverage,220000,0,109,0,109
2024-11-28,Jakarta,SKU_BATIK_TULIS,Fashion Premium,1200000,0,23,0,23
2024-11-28,Surabaya,SKU_HIJAB_INSTAN,Fashion,65000,0,119,0,119
2024-11-28,Surabaya,SKU_KOPI_GAYO,Food & Beverage,176000,1,88,0,88
2024-11-28,Surabaya,SKU_BATIK_TULIS,Fashion Premium,1200000,0,14,0,14
2024-11-28,Medan,SKU_HIJAB_INSTAN,Fashion,52000,1,149,0,149
2024-11-28,Medan,SKU_KOPI_GAYO,Food & Beverage,220000,0,41,0,41
2024-11-28,Medan,SKU_BATIK_TULIS,Fashion Premium,1200000,0,7,0,7
2024-11-28,Makassar,SKU_HIJAB_INSTAN,Fashion,65000,0,72,0,72
2024-11-28,Makassar,SKU_KOPI_GAYO,Food & Beverage,220000,0,20,0,20
2024-11-28,Makassar,SKU_BATIK_TULIS,Fashion Premium,1200000,0,4,0,4
2024-11-29,Jakarta,SKU_HIJAB_INSTAN,Fashion,65000,0,176,0,176
2024-11-29,Jakarta,SKU_KOPI_GAYO,Food & Beverage,220000,0,101,0,101
2024-11-29,Jakarta,SKU_BATIK_TULIS,Fashion Premium,1200000,0,22,0,22
2024-11-29,Surabaya,SKU_HIJAB_INSTAN,Fashion,65000,0,102,0,102
2024-11-29,Surabaya,SKU_KOPI_GAYO,Food & Beverage,220000,0,55,0,55
2024-11-29,Surabaya,SKU_BATIK_TULIS,Fashion Premium,1200000,0,13,0,13
2024-11-29,Medan,SKU_HIJAB_INSTAN,Fashion,65000,0,98,0,98
2024-11-29,Medan,SKU_KOPI_GAYO,Food & Beverage,220000,0,53,0,53
2024-11-29,Medan,SKU_BATIK_TULIS,Fashion Premium,1200000,0,7,0,7
2024-11-29,Makassar,SKU_HIJAB_INSTAN,Fashion,65000,0,33,0,33
2024-11-29,Makassar,SKU_KOPI_GAYO,Food & Beverage,220000,0,24,0,24
2024-11-29,Makassar,SKU_BATIK_TULIS,Fashion Premium,1200000,0,6,0,6
2024-11-30,Jakarta,SKU_HIJAB_INSTAN,Fashion,65000,0,204,0,204
2024-11-30,Jakarta,SKU_KOPI_GAYO,Food & Beverage,220000,0,109,0,109
2024-11-30,Jakarta,SKU_BATIK_TULIS,Fashion Premium,1200000,0,25,0,25
2024-11-30,Surabaya,SKU_HIJAB_INSTAN,Fashion,65000,0,115,0,115
2024-11-30,Surabaya,SKU_KOPI_GAYO,Food & Beverage,220000,0,65,0,65
2024-11-30,Surabaya,SKU_BATIK_TULIS,Fashion Premium,1200000,0,18,0,18
2024-11-30,Medan,SKU_HIJAB_INSTAN,Fashion,65000,0,93,0,93
2024-11-30,Medan,SKU_KOPI_GAYO,Food & Beverage,220000,0,41,0,41
2024-11-30,Medan,SKU_BATIK_TULIS,Fashion Premium,1200000,0,10,0,10
2024-11-30,Makassar,SKU_HIJAB_INSTAN,Fashion,65000,0,45,0,45
2024-11-30,Makassar,SKU_KOPI_GAYO,Food & Beverage,220000,0,18,0,18
2024-11-30,Makassar,SKU_BATIK_TULIS,Fashion Premium,1200000,0,6,0,6
2024-12-01,Jakarta,SKU_HIJAB_INSTAN,Fashion,65000,0,211,0,211
2024-12-01,Jakarta,SKU_KOPI_GAYO,Food & Beverage,220000,0,118,0,118
2024-12-01,Jakarta,SKU_BATIK_TULIS,Fashion Premium,1200000,0,25,0,25
2024-12-01,Surabaya,SKU_HIJAB_INSTAN,Fashion,65000,0,122,0,122
2024-12-01,Surabaya,SKU_KOPI_GAYO,Food & Beverage,220000,0,52,0,52
2024-12-01,Surabaya,SKU_BATIK_TULIS,Fashion Premium,1200000,0,12,0,12
2024-12-01,Medan,SKU_HIJAB_INSTAN,Fashion,65000,0,90,0,90
2024-12-01,Medan,SKU_KOPI_GAYO,Food & Beverage,220000,0,35,0,35
2024-12-01,Medan,SKU_BATIK_TULIS,Fashion Premium,1200000,0,10,0,10
2024-12-01,Makassar,SKU_HIJAB_INSTAN,Fashion,65000,0,63,0,63
2024-12-01,Makassar,SKU_KOPI_GAYO,Food & Beverage,220000,0,10,0,10
2024-12-01,Makassar,SKU_BATIK_TULIS,Fashion Premium,1200000,0,4,0,4
2024-12-02,Jakarta,SKU_HIJAB_INSTAN,Fashion,65000,0,143,0,143
2024-12-02,Jakarta,SKU_KOPI_GAYO,Food & Beverage,220000,0,81,0,81
2024-12-02,Jakarta,SKU_BATIK_TULIS,Fashion Premium,1200000,0,16,0,16
2024-12-02,Surabaya,SKU_HIJAB_INSTAN,Fashion,65000,0,86,0,86
2024-12-02,Surabaya,SKU_KOPI_GAYO,Food & Beverage,220000,0,46,0,46
2024-12-02,Surabaya,SKU_BATIK_TULIS,Fashion Premium,1200000,0,12,0,12
2024-12-02,Medan,SKU_HIJAB_INSTAN,Fashion,65000,0,61,0,61
2024-12-02,Medan,SKU_KOPI_GAYO,Food & Beverage,220000,0,29,0,29
2024-12-02,Medan,SKU_BATIK_TULIS,Fashion Premium,1200000,0,8,0,8
2024-12-02,Makassar,SKU_HIJAB_INSTAN,Fashion,65000,0,21,0,21
2024-12-02,Makassar,SKU_KOPI_GAYO,Food & Beverage,220000,0,20,0,20
2024-12-02,Makassar,SKU_BATIK_TULIS,Fashion Premium,1200000,0,3,0,3
2024-12-03,Jakarta,SKU_HIJAB_INSTAN,Fashion,65000,0,192,0,192
2024-12-03,Jakarta,SKU_KOPI_GAYO,Food & Beverage,220000,0,84,0,84
2024-12-03,Jakarta,SKU_BATIK_TULIS,Fashion Premium,1200000,0,16,0,16
2024-12-03,Surabaya,SKU_HIJAB_INSTAN,Fashion,65000,0,99,0,99
2024-12-03,Surabaya,SKU_KOPI_GAYO,Food & Beverage,220000,0,50,0,50
2024-12-03,Surabaya,SKU_BATIK_TULIS,Fashion Premium,1200000,0,11,0,11
2024-12-03,Medan,SKU_HIJAB_INSTAN,Fashion,65000,0,77,0,77
2024-12-03,Medan,SKU_KOPI_GAYO,Food & Beverage,220000,0,41,0,41
2024-12-03,Medan,SKU_BATIK_TULIS,Fashion Premium,1200000,0,4,0,4
2024-12-03,Makassar,SKU_HIJAB_INSTAN,Fashion,65000,0,38,0,38
2024-12-03,Makassar,SKU_KOPI_GAYO,Food & Beverage,220000,0,29,0,29
2024-12-03,Makassar,SKU_BATIK_TULIS,Fashion Premium,1200000,0,6,0,6
2024-12-04,Jakarta,SKU_HIJAB_INSTAN,Fashion,65000,0,178,0,178
2024-12-04,Jakarta,SKU_KOPI_GAYO,Food & Beverage,220000,0,100,0,100
2024-12-04,Jakarta,SKU_BATIK_TULIS,Fashion Premium,1200000,0,17,0,17
2024-12-04,Surabaya,SKU_HIJAB_INSTAN,Fashion,65000,0,89,0,89
2024-12-04,Surabaya,SKU_KOPI_GAYO,Food & Beverage,220000,0,45,0,45
2024-12-04,Surabaya,SKU_BATIK_TULIS,Fashion Premium,1200000,0,13,0,13
2024-12-04,Medan,SKU_HIJAB_INSTAN,Fashion,65000,0,68,0,68
2024-12-04,Medan,SKU_KOPI_GAYO,Food & Beverage,220000,0,33,0,33
2024-12-04,Medan,SKU_BATIK_TULIS,Fashion Premium,1200000,0,8,0,8
2024-12-04,Makassar,SKU_HIJAB_INSTAN,Fashion,65000,0,18,0,18
2024-12-04,Makassar,SKU_KOPI_GAYO,Food & Beverage,220000,0,22,0,22
2024-12-04,Makassar,SKU_BATIK_TULIS,Fashion Premium,1200000,0,3,0,3
2024-12-05,Jakarta,SKU_HIJAB_INSTAN,Fashion,65000,0,221,0,221
2024-12-05,Jakarta,SKU_KOPI_GAYO,Food & Beverage,220000,0,92,0,92
2024-12-05,Jakarta,SKU_BATIK_TULIS,Fashion Premium,1200000,0,20,0,20
2024-12-05,Surabaya,SKU_HIJAB_INSTAN,Fashion,65000,0,92,1,0
2024-12-05,Surabaya,SKU_KOPI_GAYO,Food & Beverage,220000,0,74,0,74
2024-12-05,Surabaya,SKU_BATIK_TULIS,Fashion Premium,1200000,0,11,0,11
2024-12-05,Medan,SKU_HIJAB_INSTAN,Fashion,65000,0,102,0,102
2024-12-05,Medan,SKU_KOPI_GAYO,Food & Beverage,220000,0,25,0,25
2024-12-05,Medan,SKU_BATIK_TULIS,Fashion Premium,1200000,0,8,0,8
2024-12-05,Makassar,SKU_HIJAB_INSTAN,Fashion,65000,0,69,0,69
2024-12-05,Makassar,SKU_KOPI_GAYO,Food & Beverage,220000,0,14,1,0
2024-12-05,Makassar,SKU_BATIK_TULIS,Fashion Premium,1200000,0,4,0,4
2024-12-06,Jakarta,SKU_HIJAB_INSTAN,Fashion,65000,0,221,0,221
2024-12-06,Jakarta,SKU_KOPI_GAYO,Food & Beverage,220000,0,96,0,96
2024-12-06,Jakarta,SKU_BATIK_TULIS,Fashion Premium,1200000,0,20,0,20
2024-12-06,Surabaya,SKU_HIJAB_INSTAN,Fashion,65000,0,112,0,112
2024-12-06,Surabaya,SKU_KOPI_GAYO,Food & Beverage,220000,0,61,0,61
2024-12-06,Surabaya,SKU_BATIK_TULIS,Fashion Premium,1200000,0,14,0,14
2024-12-06,Medan,SKU_HIJAB_INSTAN,Fashion,65000,0,91,0,91
2024-12-06,Medan,SKU_KOPI_GAYO,Food & Beverage,220000,0,33,1,0
2024-12-06,Medan,SKU_BATIK_TULIS,Fashion Premium,1200000,0,13,0,13
2024-12-06,Makassar,SKU_HIJAB_INSTAN,Fashion,65000,0,27,0,27
2024-12-06,Makassar,SKU_KOPI_GAYO,Food & Beverage,220000,0,20,0,20
2024-12-06,Makassar,SKU_BATIK_TULIS,Fashion Premium,1200000,0,5,0,5
2024-12-07,Jakarta,SKU_HIJAB_INSTAN,Fashion,65000,0,224,0,224
2024-12-07,Jakarta,SKU_KOPI_GAYO,Food & Beverage,220000,0,93,0,93
2024-12-07,Jakarta,SKU_BATIK_TULIS,Fashion Premium,1200000,0,29,0,29
2024-12-07,Surabaya,SKU_HIJAB_INSTAN,Fashion,65000,0,122,0,122
2024-12-07,Surabaya,SKU_KOPI_GAYO,Food & Beverage,220000,0,64,0,64
2024-12-07,Surabaya,SKU_BATIK_TULIS,Fashion Premium,1200000,0,16,0,16
2024-12-07,Medan,SKU_HIJAB_INSTAN,Fashion,65000,0,91,0,91
2024-12-07,Medan,SKU_KOPI_GAYO,Food & Beverage,220000,0,28,0,28
2024-12-07,Medan,SKU_BATIK_TULIS,Fashion Premium,1200000,0,9,0,9
2024-12-07,Makassar,SKU_HIJAB_INSTAN,Fashion,65000,0,51,0,51
2024-12-07,Makassar,SKU_KOPI_GAYO,Food & Beverage,220000,0,8,0,8
2024-12-07,Makassar,SKU_BATIK_TULIS,Fashion Premium,1200000,0,4,0,4
2024-12-08,Jakarta,SKU_HIJAB_INSTAN,Fashion,65000,0,212,0,212
2024-12-08,Jakarta,SKU_KOPI_GAYO,Food & Beverage,220000,0,105,0,105
2024-12-08,Jakarta,SKU_BATIK_TULIS,Fashion Premium,1200000,0,24,0,24
2024-12-08,Surabaya,SKU_HIJAB_INSTAN,Fashion,65000,0,123,0,123
2024-12-08,Surabaya,SKU_KOPI_GAYO,Food & Beverage,220000,0,62,0,62
2024-12-08,Surabaya,SKU_BATIK_TULIS,Fashion Premium,1200000,0,14,0,14
2024-12-08,Medan,SKU_HIJAB_INSTAN,Fashion,65000,0,69,0,69
2024-12-08,Medan,SKU_KOPI_GAYO,Food & Beverage,220000,0,36,1,0
2024-12-08,Medan,SKU_BATIK_TULIS,Fashion Premium,1200000,0,10,0,10
2024-12-08,Makassar,SKU_HIJAB_INSTAN,Fashion,65000,0,39,0,39
2024-12-08,Makassar,SKU_KOPI_GAYO,Food & Beverage,220000,0,40,0,40
2024-12-08,Makassar,SKU_BATIK_TULIS,Fashion Premium,1200000,0,2,0,2
2024-12-09,Jakarta,SKU_HIJAB_INSTAN,Fashion,65000,0,180,0,180
2024-12-09,Jakarta,SKU_KOPI_GAYO,Food & Beverage,220000,0,96,0,96
2024-12-09,Jakarta,SKU_BATIK_TULIS,Fashion Premium,1200000,0,16,0,16
2024-12-09,Surabaya,SKU_HIJAB_INSTAN,Fashion,65000,0,100,0,100
2024-12-09,Surabaya,SKU_KOPI_GAYO,Food & Beverage,220000,0,55,0,55
2024-12-09,Surabaya,SKU_BATIK_TULIS,Fashion Premium,1200000,0,9,0,9
2024-12-09,Medan,SKU_HIJAB_INSTAN,Fashion,65000,0,92,0,92
2024-12-09,Medan,SKU_KOPI_GAYO,Food & Beverage,220000,0,23,0,23
2024-12-09,Medan,SKU_BATIK_TULIS,Fashion Premium,1200000,0,5,0,5
2024-12-09,Makassar,SKU_HIJAB_INSTAN,Fashion,65000,0,38,0,38
2024-12-09,Makassar,SKU_KOPI_GAYO,Food & Beverage,220000,0,26,0,26
2024-12-09,Makassar,SKU_BATIK_TULIS,Fashion Premium,1200000,0,2,0,2
2024-12-10,Jakarta,SKU_HIJAB_INSTAN,Fashion,65000,0,164,0,164
2024-12-10,Jakarta,SKU_KOPI_GAYO,Food & Beverage,220000,0,92,0,92
2024-12-10,Jakarta,SKU_BATIK_TULIS,Fashion Premium,1200000,0,16,0,16
2024-12-10,Surabaya,SKU_HIJAB_INSTAN,Fashion,65000,0,106,0,106
2024-12-10,Surabaya,SKU_KOPI_GAYO,Food & Beverage,220000,0,49,0,49
2024-12-10,Surabaya,SKU_BATIK_TULIS,Fashion Premium,1200000,0,11,1,0
2024-12-10,Medan,SKU_HIJAB_INSTAN,Fashion,65000,0,60,0,60
2024-12-10,Medan,SKU_KOPI_GAYO,Food & Beverage,220000,0,25,0,25
2024-12-10,Medan,SKU_BATIK_TULIS,Fashion Premium,1200000,0,7,0,7
2024-12-10,Makassar,SKU_HIJAB_INSTAN,Fashion,65000,0,36,0,36
2024-12-10,Makassar,SKU_KOPI_GAYO,Food & Beverage,220000,0,15,0,15
2024-12-10,Makassar,SKU_BATIK_TULIS,Fashion Premium,1200000,0,2,1,0
2024-12-11,Jakarta,SKU_HIJAB_INSTAN,Fashion,65000,0,187,0,187
2024-12-11,Jakarta,SKU_KOPI_GAYO,Food & Beverage,220000,0,86,0,86
2024-12-11,Jakarta,SKU_BATIK_TULIS,Fashion Premium,1200000,0,16,0,16
2024-12-11,Surabaya,SKU_HIJAB_INSTAN,Fashion,65000,0,98,0,98
2024-12-11,Surabaya,SKU_KOPI_GAYO,Food & Beverage,220000,0,54,0,54
2024-12-11,Surabaya,SKU_BATIK_TULIS,Fashion Premium,1200000,0,9,0,9
2024-12-11,Medan,SKU_HIJAB_INSTAN,Fashion,65000,0,97,0,97
2024-12-11,Medan,SKU_KOPI_GAYO,Food & Beverage,220000,0,31,0,31
2024-12-11,Medan,SKU_BATIK_TULIS,Fashion Premium,1200000,0,7,0,7
2024-12-11,Makassar,SKU_HIJAB_INSTAN,Fashion,65000,0,43,0,43
2024-12-11,Makassar,SKU_KOPI_GAYO,Food & Beverage,220000,0,27,0,27
2024-12-11,Makassar,SKU_BATIK_TULIS,Fashion Premium,1200000,0,6,0,6
2024-12-12,Jakarta,SKU_HIJAB_INSTAN,Fashion,52000,1,529,0,529
2024-12-12,Jakarta,SKU_KOPI_GAYO,Food & Beverage,176000,1,231,0,231
2024-12-12,Jakarta,SKU_BATIK_TULIS,Fashion Premium,960000,1,78,0,78
2024-12-12,Surabaya,SKU_HIJAB_INSTAN,Fashion,52000,1,233,0,233
2024-12-12,Surabaya,SKU_KOPI_GAYO,Food & Beverage,176000,1,135,0,135
2024-12-12,Surabaya,SKU_BATIK_TULIS,Fashion Premium,960000,1,42,0,42
2024-12-12,Medan,SKU_HIJAB_INSTAN,Fashion,52000,1,171,0,171
2024-12-12,Medan,SKU_KOPI_GAYO,Food & Beverage,176000,1,77,0,77
2024-12-12,Medan,SKU_BATIK_TULIS,Fashion Premium,960000,1,23,0,23
2024-12-12,Makassar,SKU_HIJAB_INSTAN,Fashion,52000,1,69,0,69
2024-12-12,Makassar,SKU_KOPI_GAYO,Food & Beverage,176000,1,27,0,27
2024-12-12,Makassar,SKU_BATIK_TULIS,Fashion Premium,960000,1,4,0,4
2024-12-13,Jakarta,SKU_HIJAB_INSTAN,Fashion,65000,0,222,0,222
2024-12-13,Jakarta,SKU_KOPI_GAYO,Food & Beverage,220000,0,99,0,99
2024-12-13,Jakarta,SKU_BATIK_TULIS,Fashion Premium,1200000,0,23,0,23
2024-12-13,Surabaya,SKU_HIJAB_INSTAN,Fashion,65000,0,119,0,119
2024-12-13,Surabaya,SKU_KOPI_GAYO,Food & Beverage,220000,0,67,0,67
2024-12-13,Surabaya,SKU_BATIK_TULIS,Fashion Premium,1200000,0,14,0,14
2024-12-13,Medan,SKU_HIJAB_INSTAN,Fashion,65000,0,102,0,102
2024-12-13,Medan,SKU_KOPI_GAYO,Food & Beverage,220000,0,44,0,44
2024-12-13,Medan,SKU_BATIK_TULIS,Fashion Premium,1200000,0,8,0,8
2024-12-13,Makassar,SKU_HIJAB_INSTAN,Fashion,65000,0,59,0,59
2024-12-13,Makassar,SKU_KOPI_GAYO,Food & Beverage,220000,0,22,0,22
2024-12-13,Makassar,SKU_BATIK_TULIS,Fashion Premium,1200000,0,4,0,4
2024-12-14,Jakarta,SKU_HIJAB_INSTAN,Fashion,65000,0,236,0,236
2024-12-14,Jakarta,SKU_KOPI_GAYO,Food & Beverage,220000,0,102,0,102
2024-12-14,Jakarta,SKU_BATIK_TULIS,Fashion Premium,1200000,0,28,0,28
2024-12-14,Surabaya,SKU_HIJAB_INSTAN,Fashion,65000,0,111,0,111
2024-12-14,Surabaya,SKU_KOPI_GAYO,Food & Beverage,220000,0,61,0,61
2024-12-14,Surabaya,SKU_BATIK_TULIS,Fashion Premium,1200000,0,14,0,14
2024-12-14,Medan,SKU_HIJAB_INSTAN,Fashion,65000,0,126,0,126
2024-12-14,Medan,SKU_KOPI_GAYO,Food & Beverage,220000,0,51,0,51
2024-12-14,Medan,SKU_BATIK_TULIS,Fashion Premium,1200000,0,11,0,11
2024-12-14,Makassar,SKU_HIJAB_INSTAN,Fashion,65000,0,65,0,65
2024-12-14,Makassar,SKU_KOPI_GAYO,Food & Beverage,220000,0,15,0,15
2024-12-14,Makassar,SKU_BATIK_TULIS,Fashion Premium,1200000,0,4,0,4
2024-12-15,Jakarta,SKU_HIJAB_INSTAN,Fashion,65000,0,178,0,178
2024-12-15,Jakarta,SKU_KOPI_GAYO,Food & Beverage,220000,0,105,0,105
2024-12-15,Jakarta,SKU_BATIK_TULIS,Fashion Premium,1200000,0,20,0,20
2024-12-15,Surabaya,SKU_HIJAB_INSTAN,Fashion,65000,0,117,0,117
2024-12-15,Surabaya,SKU_KOPI_GAYO,Food & Beverage,220000,0,50,0,50
2024-12-15,Surabaya,SKU_BATIK_TULIS,Fashion Premium,1200000,0,16,0,16
2024-12-15,Medan,SKU_HIJAB_INSTAN,Fashion,65000,0,118,0,118
2024-12-15,Medan,SKU_KOPI_GAYO,Food & Beverage,220000,0,46,0,46
2024-12-15,Medan,SKU_BATIK_TULIS,Fashion Premium,1200000,0,11,0,11
2024-12-15,Makassar,SKU_HIJAB_INSTAN,Fashion,65000,0,45,0,45
2024-12-15,Makassar,SKU_KOPI_GAYO,Food & Beverage,220000,0,21,0,21
2024-12-15,Makassar,SKU_BATIK_TULIS,Fashion Premium,1200000,0,3,0,3
2024-12-16,Jakarta,SKU_HIJAB_INSTAN,Fashion,65000,0,154,0,154
2024-12-16,Jakarta,SKU_KOPI_GAYO,Food & Beverage,220000,0,93,0,93
2024-12-16,Jakarta,SKU_BATIK_TULIS,Fashion Premium,1200000,0,17,0,17
2024-12-16,Surabaya,SKU_HIJAB_INSTAN,Fashion,65000,0,110,0,110
2024-12-16,Surabaya,SKU_KOPI_GAYO,Food & Beverage,220000,0,58,0,58
2024-12-16,Surabaya,SKU_BATIK_TULIS,Fashion Premium,1200000,0,10,0,10
2024-12-16,Medan,SKU_HIJAB_INSTAN,Fashion,65000,0,71,0,71
2024-12-16,Medan,SKU_KOPI_GAYO,Food & Beverage,220000,0,30,0,30
2024-12-16,Medan,SKU_BATIK_TULIS,Fashion Premium,1200000,0,7,0,7
2024-12-16,Makassar,SKU_HIJAB_INSTAN,Fashion,65000,0,44,0,44
2024-12-16,Makassar,SKU_KOPI_GAYO,Food & Beverage,220000,0,16,0,16
2024-12-16,Makassar,SKU_BATIK_TULIS,Fashion Premium,1200000,0,4,0,4
2024-12-17,Jakarta,SKU_HIJAB_INSTAN,Fashion,65000,0,182,0,182
2024-12-17,Jakarta,SKU_KOPI_GAYO,Food & Beverage,220000,0,85,0,85
2024-12-17,Jakarta,SKU_BATIK_TULIS,Fashion Premium,1200000,0,21,0,21
2024-12-17,Surabaya,SKU_HIJAB_INSTAN,Fashion,65000,0,103,0,103
2024-12-17,Surabaya,SKU_KOPI_GAYO,Food & Beverage,220000,0,48,0,48
2024-12-17,Surabaya,SKU_BATIK_TULIS,Fashion Premium,1200000,0,9,0,9
2024-12-17,Medan,SKU_HIJAB_INSTAN,Fashion,65000,0,40,0,40
2024-12-17,Medan,SKU_KOPI_GAYO,Food & Beverage,220000,0,35,0,35
2024-12-17,Medan,SKU_BATIK_TULIS,Fashion Premium,1200000,0,8,0,8
2024-12-17,Makassar,SKU_HIJAB_INSTAN,Fashion,65000,0,39,0,39
2024-12-17,Makassar,SKU_KOPI_GAYO,Food & Beverage,220000,0,12,0,12
2024-12-17,Makassar,SKU_BATIK_TULIS,Fashion Premium,1200000,0,3,0,3
2024-12-18,Jakarta,SKU_HIJAB_INSTAN,Fashion,65000,0,157,0,157
2024-12-18,Jakarta,SKU_KOPI_GAYO,Food & Beverage,220000,0,94,0,94
2024-12-18,Jakarta,SKU_BATIK_TULIS,Fashion Premium,1200000,0,18,0,18
2024-12-18,Surabaya,SKU_HIJAB_INSTAN,Fashion,65000,0,125,0,125
2024-12-18,Surabaya,SKU_KOPI_GAYO,Food & Beverage,220000,0,59,0,59
2024-12-18,Surabaya,SKU_BATIK_TULIS,Fashion Premium,1200000,0,9,0,9
2024-12-18,Medan,SKU_HIJAB_INSTAN,Fashion,65000,0,87,0,87
2024-12-18,Medan,SKU_KOPI_GAYO,Food & Beverage,220000,0,47,0,47
2024-12-18,Medan,SKU_BATIK_TULIS,Fashion Premium,1200000,0,7,1,0
2024-12-18,Makassar,SKU_HIJAB_INSTAN,Fashion,65000,0,33,0,33
2024-12-18,Makassar,SKU_KOPI_GAYO,Food & Beverage,220000,0,14,0,14
2024-12-18,Makassar,SKU_BATIK_TULIS,Fashion Premium,1200000,0,6,0,6
2024-12-19,Jakarta,SKU_HIJAB_INSTAN,Fashion,65000,0,195,0,195
2024-12-19,Jakarta,SKU_KOPI_GAYO,Food & Beverage,220000,0,97,0,97
2024-12-19,Jakarta,SKU_BATIK_TULIS,Fashion Premium,1200000,0,18,0,18
2024-12-19,Surabaya,SKU_HIJAB_INSTAN,Fashion,65000,0,101,0,101
2024-12-19,Surabaya,SKU_KOPI_GAYO,Food & Beverage,220000,0,47,0,47
2024-12-19,Surabaya,SKU_BATIK_TULIS,Fashion Premium,1200000,0,11,0,11
2024-12-19,Medan,SKU_HIJAB_INSTAN,Fashion,65000,0,68,0,68
2024-12-19,Medan,SKU_KOPI_GAYO,Food & Beverage,220000,0,39,0,39
2024-12-19,Medan,SKU_BATIK_TULIS,Fashion Premium,1200000,0,10,0,10
2024-12-19,Makassar,SKU_HIJAB_INSTAN,Fashion,65000,0,48,0,48
2024-12-19,Makassar,SKU_KOPI_GAYO,Food & Beverage,220000,0,26,0,26
2024-12-19,Makassar,SKU_BATIK_TULIS,Fashion Premium,1200000,0,5,0,5
2024-12-20,Jakarta,SKU_HIJAB_INSTAN,Fashion,65000,0,216,0,216
2024-12-20,Jakarta,SKU_KOPI_GAYO,Food & Beverage,220000,0,115,1,0
2024-12-20,Jakarta,SKU_BATIK_TULIS,Fashion Premium,1200000,0,32,0,32
2024-12-20,Surabaya,SKU_HIJAB_INSTAN,Fashion,65000,0,152,0,152
2024-12-20,Surabaya,SKU_KOPI_GAYO,Food & Beverage,220000,0,60,0,60
2024-12-20,Surabaya,SKU_BATIK_TULIS,Fashion Premium,1200000,0,24,0,24
2024-12-20,Medan,SKU_HIJAB_INSTAN,Fashion,65000,0,84,0,84
2024-12-20,Medan,SKU_KOPI_GAYO,Food & Beverage,220000,0,37,0,37
2024-12-20,Medan,SKU_BATIK_TULIS,Fashion Premium,1200000,0,12,0,12
2024-12-20,Makassar,SKU_HIJAB_INSTAN,Fashion,65000,0,40,0,40
2024-12-20,Makassar,SKU_KOPI_GAYO,Food & Beverage,220000,0,22,0,22
2024-12-20,Makassar,SKU_BATIK_TULIS,Fashion Premium,1200000,0,6,0,6
2024-12-21,Jakarta,SKU_HIJAB_INSTAN,Fashion,65000,0,272,0,272
2024-12-21,Jakarta,SKU_KOPI_GAYO,Food & Beverage,220000,0,125,0,125
2024-12-21,Jakarta,SKU_BATIK_TULIS,Fashion Premium,1200000,0,33,0,33
2024-12-21,Surabaya,SKU_HIJAB_INSTAN,Fashion,65000,0,143,0,143
2024-12-21,Surabaya,SKU_KOPI_GAYO,Food & Beverage,220000,0,68,0,68
2024-12-21,Surabaya,SKU_BATIK_TULIS,Fashion Premium,1200000,0,22,0,22
2024-12-21,Medan,SKU_HIJAB_INSTAN,Fashion,65000,0,98,0,98
2024-12-21,Medan,SKU_KOPI_GAYO,Food & Beverage,220000,0,66,0,66
2024-12-21,Medan,SKU_BATIK_TULIS,Fashion Premium,1200000,0,17,0,17
2024-12-21,Makassar,SKU_HIJAB_INSTAN,Fashion,65000,0,61,0,61
2024-12-21,Makassar,SKU_KOPI_GAYO,Food & Beverage,220000,0,5,0,5
2024-12-21,Makassar,SKU_BATIK_TULIS,Fashion Premium,1200000,0,9,0,9
2024-12-22,Jakarta,SKU_HIJAB_INSTAN,Fashion,65000,0,208,0,208
2024-12-22,Jakarta,SKU_KOPI_GAYO,Food & Beverage,220000,0,115,0,115
2024-12-22,Jakarta,SKU_BATIK_TULIS,Fashion Premium,1200000,0,33,0,33
2024-12-22,Surabaya,SKU_HIJAB_INSTAN,Fashion,65000,0,164,0,164
2024-12-22,Surabaya,SKU_KOPI_GAYO,Food & Beverage,220000,0,62,0,62
2024-12-22,Surabaya,SKU_BATIK_TULIS,Fashion Premium,1200000,0,20,0,20
2024-12-22,Medan,SKU_HIJAB_INSTAN,Fashion,65000,0,71,0,71
2024-12-22,Medan,SKU_KOPI_GAYO,Food & Beverage,220000,0,52,0,52
2024-12-22,Medan,SKU_BATIK_TULIS,Fashion Premium,1200000,0,12,0,12
2024-12-22,Makassar,SKU_HIJAB_INSTAN,Fashion,65000,0,51,0,51
2024-12-22,Makassar,SKU_KOPI_GAYO,Food & Beverage,220000,0,2,0,2
2024-12-22,Makassar,SKU_BATIK_TULIS,Fashion Premium,1200000,0,3,0,3
2024-12-23,Jakarta,SKU_HIJAB_INSTAN,Fashion,65000,0,209,0,209
2024-12-23,Jakarta,SKU_KOPI_GAYO,Food & Beverage,220000,0,118,0,118
2024-12-23,Jakarta,SKU_BATIK_TULIS,Fashion Premium,1200000,0,29,0,29
2024-12-23,Surabaya,SKU_HIJAB_INSTAN,Fashion,65000,0,144,0,144
2024-12-23,Surabaya,SKU_KOPI_GAYO,Food & Beverage,220000,0,62,0,62
2024-12-23,Surabaya,SKU_BATIK_TULIS,Fashion Premium,1200000,0,16,0,16
2024-12-23,Medan,SKU_HIJAB_INSTAN,Fashion,65000,0,94,0,94
2024-12-23,Medan,SKU_KOPI_GAYO,Food & Beverage,220000,0,47,0,47
2024-12-23,Medan,SKU_BATIK_TULIS,Fashion Premium,1200000,0,9,0,9
2024-12-23,Makassar,SKU_HIJAB_INSTAN,Fashion,65000,0,44,0,44
2024-12-23,Makassar,SKU_KOPI_GAYO,Food & Beverage,220000,0,34,0,34
2024-12-23,Makassar,SKU_BATIK_TULIS,Fashion Premium,1200000,0,5,0,5
2024-12-24,Jakarta,SKU_HIJAB_INSTAN,Fashion,65000,0,219,0,219
2024-12-24,Jakarta,SKU_KOPI_GAYO,Food & Beverage,220000,0,115,0,115
2024-12-24,Jakarta,SKU_BATIK_TULIS,Fashion Premium,1200000,0,26,0,26
2024-12-24,Surabaya,SKU_HIJAB_INSTAN,Fashion,65000,0,144,0,144
2024-12-24,Surabaya,SKU_KOPI_GAYO,Food & Beverage,220000,0,67,0,67
2024-12-24,Surabaya,SKU_BATIK_TULIS,Fashion Premium,1200000,0,15,0,15
2024-12-24,Medan,SKU_HIJAB_INSTAN,Fashion,65000,0,88,0,88
2024-12-24,Medan,SKU_KOPI_GAYO,Food & Beverage,220000,0,55,0,55
2024-12-24,Medan,SKU_BATIK_TULIS,Fashion Premium,1200000,0,11,0,11
2024-12-24,Makassar,SKU_HIJAB_INSTAN,Fashion,65000,0,44,0,44
2024-12-24,Makassar,SKU_KOPI_GAYO,Food & Beverage,220000,0,27,0,27
2024-12-24,Makassar,SKU_BATIK_TULIS,Fashion Premium,1200000,0,7,0,7
2024-12-25,Jakarta,SKU_HIJAB_INSTAN,Fashion,52000,1,277,0,277
2024-12-25,Jakarta,SKU_KOPI_GAYO,Food & Beverage,176000,1,173,0,173
2024-12-25,Jakarta,SKU_BATIK_TULIS,Fashion Premium,1200000,0,27,0,27
2024-12-25,Surabaya,SKU_HIJAB_INSTAN,Fashion,65000,0,133,0,133
2024-12-25,Surabaya,SKU_KOPI_GAYO,Food & Beverage,220000,0,68,1,0
2024-12-25,Surabaya,SKU_BATIK_TULIS,Fashion Premium,1200000,0,15,0,15
2024-12-25,Medan,SKU_HIJAB_INSTAN,Fashion,52000,1,100,0,100
2024-12-25,Medan,SKU_KOPI_GAYO,Food & Beverage,176000,1,60,0,60
2024-12-25,Medan,SKU_BATIK_TULIS,Fashion Premium,1200000,0,8,0,8
2024-12-25,Makassar,SKU_HIJAB_INSTAN,Fashion,65000,0,54,0,54
2024-12-25,Makassar,SKU_KOPI_GAYO,Food & Beverage,220000,0,4,0,4
2024-12-25,Makassar,SKU_BATIK_TULIS,Fashion Premium,960000,1,10,0,10
2024-12-26,Jakarta,SKU_HIJAB_INSTAN,Fashion,65000,0,223,0,223
2024-12-26,Jakarta,SKU_KOPI_GAYO,Food & Beverage,220000,0,113,1,0
2024-12-26,Jakarta,SKU_BATIK_TULIS,Fashion Premium,960000,1,40,0,40
2024-12-26,Surabaya,SKU_HIJAB_INSTAN,Fashion,65000,0,120,0,120
2024-12-26,Surabaya,SKU_KOPI_GAYO,Food & Beverage,220000,0,61,0,61
2024-12-26,Surabaya,SKU_BATIK_TULIS,Fashion Premium,960000,1,30,0,30
2024-12-26,Medan,SKU_HIJAB_INSTAN,Fashion,65000,0,83,0,83
2024-12-26,Medan,SKU_KOPI_GAYO,Food & Beverage,176000,1,77,0,77
2024-12-26,Medan,SKU_BATIK_TULIS,Fashion Premium,1200000,0,15,0,15
2024-12-26,Makassar,SKU_HIJAB_INSTAN,Fashion,65000,0,33,0,33
2024-12-26,Makassar,SKU_KOPI_GAYO,Food & Beverage,220000,0,26,0,26
2024-12-26,Makassar,SKU_BATIK_TULIS,Fashion Premium,1200000,0,7,0,7
2024-12-27,Jakarta,SKU_HIJAB_INSTAN,Fashion,65000,0,218,0,218
2024-12-27,Jakarta,SKU_KOPI_GAYO,Food & Beverage,220000,0,110,0,110
2024-12-27,Jakarta,SKU_BATIK_TULIS,Fashion Premium,1200000,0,30,0,30
2024-12-27,Surabaya,SKU_HIJAB_INSTAN,Fashion,52000,1,187,0,187
2024-12-27,Surabaya,SKU_KOPI_GAYO,Food & Beverage,220000,0,74,0,74
2024-12-27,Surabaya,SKU_BATIK_TULIS,Fashion Premium,1200000,0,21,0,21
2024-12-27,Medan,SKU_HIJAB_INSTAN,Fashion,65000,0,93,0,93
2024-12-27,Medan,SKU_KOPI_GAYO,Food & Beverage,176000,1,75,0,75
2024-12-27,Medan,SKU_BATIK_TULIS,Fashion Premium,960000,1,16,0,16
2024-12-27,Makassar,SKU_HIJAB_INSTAN,Fashion,52000,1,25,0,25
2024-12-27,Makassar,SKU_KOPI_GAYO,Food & Beverage,176000,1,21,0,21
2024-12-27,Makassar,SKU_BATIK_TULIS,Fashion Premium,960000,1,9,0,9
2024-12-28,Jakarta,SKU_HIJAB_INSTAN,Fashion,65000,0,241,1,0
2024-12-28,Jakarta,SKU_KOPI_GAYO,Food & Beverage,220000,0,111,0,111
2024-12-28,Jakarta,SKU_BATIK_TULIS,Fashion Premium,960000,1,54,0,54
2024-12-28,Surabaya,SKU_HIJAB_INSTAN,Fashion,65000,0,148,0,148
2024-12-28,Surabaya,SKU_KOPI_GAYO,Food & Beverage,220000,0,68,0,68
2024-12-28,Surabaya,SKU_BATIK_TULIS,Fashion Premium,960000,1,37,0,37
2024-12-28,Medan,SKU_HIJAB_INSTAN,Fashion,65000,0,95,0,95
2024-12-28,Medan,SKU_KOPI_GAYO,Food & Beverage,220000,0,48,0,48
2024-12-28,Medan,SKU_BATIK_TULIS,Fashion Premium,960000,1,21,0,21
2024-12-28,Makassar,SKU_HIJAB_INSTAN,Fashion,65000,0,49,0,49
2024-12-28,Makassar,SKU_KOPI_GAYO,Food & Beverage,220000,0,44,0,44
2024-12-28,Makassar,SKU_BATIK_TULIS,Fashion Premium,1200000,0,11,0,11
2024-12-29,Jakarta,SKU_HIJAB_INSTAN,Fashion,65000,0,226,0,226
2024-12-29,Jakarta,SKU_KOPI_GAYO,Food & Beverage,220000,0,123,0,123
2024-12-29,Jakarta,SKU_BATIK_TULIS,Fashion Premium,1200000,0,34,0,34
2024-12-29,Surabaya,SKU_HIJAB_INSTAN,Fashion,65000,0,162,0,162
2024-12-29,Surabaya,SKU_KOPI_GAYO,Food & Beverage,220000,0,65,0,65
2024-12-29,Surabaya,SKU_BATIK_TULIS,Fashion Premium,1200000,0,25,0,25
2024-12-29,Medan,SKU_HIJAB_INSTAN,Fashion,65000,0,115,0,115
2024-12-29,Medan,SKU_KOPI_GAYO,Food & Beverage,220000,0,47,0,47
2024-12-29,Medan,SKU_BATIK_TULIS,Fashion Premium,1200000,0,12,1,0
2024-12-29,Makassar,SKU_HIJAB_INSTAN,Fashion,65000,0,38,0,38
2024-12-29,Makassar,SKU_KOPI_GAYO,Food & Beverage,220000,0,22,0,22
2024-12-29,Makassar,SKU_BATIK_TULIS,Fashion Premium,1200000,0,6,0,6
2024-12-30,Jakarta,SKU_HIJAB_INSTAN,Fashion,65000,0,209,0,209
2024-12-30,Jakarta,SKU_KOPI_GAYO,Food & Beverage,220000,0,104,0,104
2024-12-30,Jakarta,SKU_BATIK_TULIS,Fashion Premium,1200000,0,25,0,25
2024-12-30,Surabaya,SKU_HIJAB_INSTAN,Fashion,65000,0,120,0,120
2024-12-30,Surabaya,SKU_KOPI_GAYO,Food & Beverage,220000,0,86,0,86
2024-12-30,Surabaya,SKU_BATIK_TULIS,Fashion Premium,1200000,0,16,0,16
2024-12-30,Medan,SKU_HIJAB_INSTAN,Fashion,65000,0,63,0,63
2024-12-30,Medan,SKU_KOPI_GAYO,Food & Beverage,220000,0,35,0,35
2024-12-30,Medan,SKU_BATIK_TULIS,Fashion Premium,1200000,0,8,0,8
2024-12-30,Makassar,SKU_HIJAB_INSTAN,Fashion,65000,0,68,0,68
2024-12-30,Makassar,SKU_KOPI_GAYO,Food & Beverage,220000,0,33,0,33
2024-12-30,Makassar,SKU_BATIK_TULIS,Fashion Premium,1200000,0,4,0,4
2024-12-31,Jakarta,SKU_HIJAB_INSTAN,Fashion,65000,0,220,0,220
2024-12-31,Jakarta,SKU_KOPI_GAYO,Food & Beverage,220000,0,117,0,117
2024-12-31,Jakarta,SKU_BATIK_TULIS,Fashion Premium,1200000,0,27,0,27
2024-12-31,Surabaya,SKU_HIJAB_INSTAN,Fashion,65000,0,115,0,115
2024-12-31,Surabaya,SKU_KOPI_GAYO,Food & Beverage,220000,0,54,0,54
2024-12-31,Surabaya,SKU_BATIK_TULIS,Fashion Premium,1200000,0,18,0,18
2024-12-31,Medan,SKU_HIJAB_INSTAN,Fashion,65000,0,91,0,91
2024-12-31,Medan,SKU_KOPI_GAYO,Food & Beverage,220000,0,39,0,39
2024-12-31,Medan,SKU_BATIK_TULIS,Fashion Premium,1200000,0,13,0,13
2024-12-31,Makassar,SKU_HIJAB_INSTAN,Fashion,65000,0,69,0,69
2024-12-31,Makassar,SKU_KOPI_GAYO,Food & Beverage,220000,0,25,0,25
2024-12-31,Makassar,SKU_BATIK_TULIS,Fashion Premium,1200000,0,5,0,5
2025-01-01,Jakarta,SKU_HIJAB_INSTAN,Fashion,65000,0,192,0,192
2025-01-01,Jakarta,SKU_KOPI_GAYO,Food & Beverage,220000,0,85,0,85
2025-01-01,Jakarta,SKU_BATIK_TULIS,Fashion Premium,1200000,0,18,0,18
2025-01-01,Surabaya,SKU_HIJAB_INSTAN,Fashion,65000,0,98,0,98
2025-01-01,Surabaya,SKU_KOPI_GAYO,Food & Beverage,220000,0,57,0,57
2025-01-01,Surabaya,SKU_BATIK_TULIS,Fashion Premium,1200000,0,9,0,9
2025-01-01,Medan,SKU_HIJAB_INSTAN,Fashion,65000,0,59,0,59
2025-01-01,Medan,SKU_KOPI_GAYO,Food & Beverage,220000,0,40,0,40
2025-01-01,Medan,SKU_BATIK_TULIS,Fashion Premium,1200000,0,8,0,8
2025-01-01,Makassar,SKU_HIJAB_INSTAN,Fashion,65000,0,43,0,43
2025-01-01,Makassar,SKU_KOPI_GAYO,Food & Beverage,220000,0,21,0,21
2025-01-01,Makassar,SKU_BATIK_TULIS,Fashion Premium,1200000,0,5,0,5
2025-01-02,Jakarta,SKU_HIJAB_INSTAN,Fashion,65000,0,169,0,169
2025-01-02,Jakarta,SKU_KOPI_GAYO,Food & Beverage,220000,0,98,0,98
2025-01-02,Jakarta,SKU_BATIK_TULIS,Fashion Premium,1200000,0,18,1,0
2025-01-02,Surabaya,SKU_HIJAB_INSTAN,Fashion,65000,0,102,0,102
2025-01-02,Surabaya,SKU_KOPI_GAYO,Food & Beverage,220000,0,46,0,46
2025-01-02,Surabaya,SKU_BATIK_TULIS,Fashion Premium,1200000,0,13,0,13
2025-01-02,Medan,SKU_HIJAB_INSTAN,Fashion,65000,0,68,0,68
2025-01-02,Medan,SKU_KOPI_GAYO,Food & Beverage,220000,0,52,0,52
2025-01-02,Medan,SKU_BATIK_TULIS,Fashion Premium,1200000,0,7,0,7
2025-01-02,Makassar,SKU_HIJAB_INSTAN,Fashion,65000,0,62,0,62
2025-01-02,Makassar,SKU_KOPI_GAYO,Food & Beverage,220000,0,13,0,13
2025-01-02,Makassar,SKU_BATIK_TULIS,Fashion Premium,1200000,0,4,0,4
2025-01-03,Jakarta,SKU_HIJAB_INSTAN,Fashion,65000,0,201,1,0
2025-01-03,Jakarta,SKU_KOPI_GAYO,Food & Beverage,220000,0,107,0,107
2025-01-03,Jakarta,SKU_BATIK_TULIS,Fashion Premium,1200000,0,22,1,0
2025-01-03,Surabaya,SKU_HIJAB_INSTAN,Fashion,65000,0,131,0,131
2025-01-03,Surabaya,SKU_KOPI_GAYO,Food & Beverage,220000,0,64,0,64
2025-01-03,Surabaya,SKU_BATIK_TULIS,Fashion Premium,1200000,0,15,0,15
2025-01-03,Medan,SKU_HIJAB_INSTAN,Fashion,65000,0,69,0,69
2025-01-03,Medan,SKU_KOPI_GAYO,Food & Beverage,220000,0,49,1,0
2025-01-03,Medan,SKU_BATIK_TULIS,Fashion Premium,1200000,0,9,0,9
2025-01-03,Makassar,SKU_HIJAB_INSTAN,Fashion,65000,0,52,0,52
2025-01-03,Makassar,SKU_KOPI_GAYO,Food & Beverage,220000,0,28,0,28
2025-01-03,Makassar,SKU_BATIK_TULIS,Fashion Premium,1200000,0,5,0,5
2025-01-04,Jakarta,SKU_HIJAB_INSTAN,Fashion,65000,0,242,0,242
2025-01-04,Jakarta,SKU_KOPI_GAYO,Food & Beverage,220000,0,111,0,111
2025-01-04,Jakarta,SKU_BATIK_TULIS,Fashion Premium,1200000,0,23,0,23
2025-01-04,Surabaya,SKU_HIJAB_INSTAN,Fashion,65000,0,125,0,125
2025-01-04,Surabaya,SKU_KOPI_GAYO,Food & Beverage,220000,0,61,0,61
2025-01-04,Surabaya,SKU_BATIK_TULIS,Fashion Premium,1200000,0,17,0,17
2025-01-04,Medan,SKU_HIJAB_INSTAN,Fashion,65000,0,69,0,69
2025-01-04,Medan,SKU_KOPI_GAYO,Food & Beverage,220000,0,47,0,47
2025-01-04,Medan,SKU_BATIK_TULIS,Fashion Premium,1200000,0,10,0,10
2025-01-04,Makassar,SKU_HIJAB_INSTAN,Fashion,65000,0,48,0,48
2025-01-04,Makassar,SKU_KOPI_GAYO,Food & Beverage,220000,0,18,0,18
2025-01-04,Makassar,SKU_BATIK_TULIS,Fashion Premium,1200000,0,4,0,4
2025-01-05,Jakarta,SKU_HIJAB_INSTAN,Fashion,65000,0,219,0,219
2025-01-05,Jakarta,SKU_KOPI_GAYO,Food & Beverage,220000,0,98,0,98
2025-01-05,Jakarta,SKU_BATIK_TULIS,Fashion Premium,1200000,0,28,0,28
2025-01-05,Surabaya,SKU_HIJAB_INSTAN,Fashion,65000,0,117,0,117
2025-01-05,Surabaya,SKU_KOPI_GAYO,Food & Beverage,220000,0,46,0,46
2025-01-05,Surabaya,SKU_BATIK_TULIS,Fashion Premium,1200000,0,12,0,12
2025-01-05,Medan,SKU_HIJAB_INSTAN,Fashion,65000,0,103,0,103
2025-01-05,Medan,SKU_KOPI_GAYO,Food & Beverage,220000,0,47,0,47
2025-01-05,Medan,SKU_BATIK_TULIS,Fashion Premium,1200000,0,12,0,12
2025-01-05,Makassar,SKU_HIJAB_INSTAN,Fashion,65000,0,40,0,40
2025-01-05,Makassar,SKU_KOPI_GAYO,Food & Beverage,220000,0,25,0,25
2025-01-05,Makassar,SKU_BATIK_TULIS,Fashion Premium,1200000,0,5,0,5
2025-01-06,Jakarta,SKU_HIJAB_INSTAN,Fashion,65000,0,185,0,185
2025-01-06,Jakarta,SKU_KOPI_GAYO,Food & Beverage,220000,0,105,0,105
2025-01-06,Jakarta,SKU_BATIK_TULIS,Fashion Premium,1200000,0,18,0,18
2025-01-06,Surabaya,SKU_HIJAB_INSTAN,Fashion,65000,0,110,0,110
2025-01-06,Surabaya,SKU_KOPI_GAYO,Food & Beverage,220000,0,62,0,62
2025-01-06,Surabaya,SKU_BATIK_TULIS,Fashion Premium,1200000,0,8,0,8
2025-01-06,Medan,SKU_HIJAB_INSTAN,Fashion,65000,0,61,0,61
2025-01-06,Medan,SKU_KOPI_GAYO,Food & Beverage,220000,0,43,0,43
2025-01-06,Medan,SKU_BATIK_TULIS,Fashion Premium,1200000,0,8,0,8
2025-01-06,Makassar,SKU_HIJAB_INSTAN,Fashion,65000,0,37,0,37
2025-01-06,Makassar,SKU_KOPI_GAYO,Food & Beverage,220000,0,31,0,31
2025-01-06,Makassar,SKU_BATIK_TULIS,Fashion Premium,1200000,0,4,0,4
2025-01-07,Jakarta,SKU_HIJAB_INSTAN,Fashion,65000,0,163,0,163
2025-01-07,Jakarta,SKU_KOPI_GAYO,Food & Beverage,220000,0,94,0,94
2025-01-07,Jakarta,SKU_BATIK_TULIS,Fashion Premium,1200000,0,18,0,18
2025-01-07,Surabaya,SKU_HIJAB_INSTAN,Fashion,65000,0,129,0,129
2025-01-07,Surabaya,SKU_KOPI_GAYO,Food & Beverage,220000,0,51,0,51
2025-01-07,Surabaya,SKU_BATIK_TULIS,Fashion Premium,1200000,0,11,0,11
2025-01-07,Medan,SKU_HIJAB_INSTAN,Fashion,65000,0,63,0,63
2025-01-07,Medan,SKU_KOPI_GAYO,Food & Beverage,220000,0,42,0,42
2025-01-07,Medan,SKU_BATIK_TULIS,Fashion Premium,1200000,0,5,0,5
2025-01-07,Makassar,SKU_HIJAB_INSTAN,Fashion,65000,0,42,0,42
2025-01-07,Makassar,SKU_KOPI_GAYO,Food & Beverage,220000,0,32,0,32
2025-01-07,Makassar,SKU_BATIK_TULIS,Fashion Premium,1200000,0,2,0,2
2025-01-08,Jakarta,SKU_HIJAB_INSTAN,Fashion,65000,0,203,0,203
2025-01-08,Jakarta,SKU_KOPI_GAYO,Food & Beverage,220000,0,102,0,102
2025-01-08,Jakarta,SKU_BATIK_TULIS,Fashion Premium,1200000,0,17,0,17
2025-01-08,Surabaya,SKU_HIJAB_INSTAN,Fashion,65000,0,99,0,99
2025-01-08,Surabaya,SKU_KOPI_GAYO,Food & Beverage,220000,0,50,0,50
2025-01-08,Surabaya,SKU_BATIK_TULIS,Fashion Premium,1200000,0,8,0,8
2025-01-08,Medan,SKU_HIJAB_INSTAN,Fashion,65000,0,85,0,85
2025-01-08,Medan,SKU_KOPI_GAYO,Food & Beverage,220000,0,35,0,35
2025-01-08,Medan,SKU_BATIK_TULIS,Fashion Premium,1200000,0,5,0,5
2025-01-08,Makassar,SKU_HIJAB_INSTAN,Fashion,65000,0,25,0,25
2025-01-08,Makassar,SKU_KOPI_GAYO,Food & Beverage,220000,0,18,0,18
2025-01-08,Makassar,SKU_BATIK_TULIS,Fashion Premium,1200000,0,5,0,5
2025-01-09,Jakarta,SKU_HIJAB_INSTAN,Fashion,65000,0,167,0,167
2025-01-09,Jakarta,SKU_KOPI_GAYO,Food & Beverage,220000,0,92,0,92
2025-01-09,Jakarta,SKU_BATIK_TULIS,Fashion Premium,1200000,0,23,0,23
2025-01-09,Surabaya,SKU_HIJAB_INSTAN,Fashion,65000,0,137,0,137
2025-01-09,Surabaya,SKU_KOPI_GAYO,Food & Beverage,220000,0,61,0,61
2025-01-09,Surabaya,SKU_BATIK_TULIS,Fashion Premium,1200000,0,11,0,11
2025-01-09,Medan,SKU_HIJAB_INSTAN,Fashion,65000,0,77,0,77
2025-01-09,Medan,SKU_KOPI_GAYO,Food & Beverage,220000,0,33,0,33
2025-01-09,Medan,SKU_BATIK_TULIS,Fashion Premium,1200000,0,9,0,9
2025-01-09,Makassar,SKU_HIJAB_INSTAN,Fashion,65000,0,35,0,35
2025-01-09,Makassar,SKU_KOPI_GAYO,Food & Beverage,220000,0,17,0,17
2025-01-09,Makassar,SKU_BATIK_TULIS,Fashion Premium,1200000,0,5,0,5
2025-01-10,Jakarta,SKU_HIJAB_INSTAN,Fashion,65000,0,213,0,213
2025-01-10,Jakarta,SKU_KOPI_GAYO,Food & Beverage,220000,0,105,0,105
2025-01-10,Jakarta,SKU_BATIK_TULIS,Fashion Premium,1200000,0,23,0,23
2025-01-10,Surabaya,SKU_HIJAB_INSTAN,Fashion,65000,0,130,0,130
2025-01-10,Surabaya,SKU_KOPI_GAYO,Food & Beverage,220000,0,58,0,58
2025-01-10,Surabaya,SKU_BATIK_TULIS,Fashion Premium,1200000,0,12,0,12
2025-01-10,Medan,SKU_HIJAB_INSTAN,Fashion,65000,0,64,0,64
2025-01-10,Medan,SKU_KOPI_GAYO,Food & Beverage,220000,0,34,0,34
2025-01-10,Medan,SKU_BATIK_TULIS,Fashion Premium,1200000,0,9,0,9
2025-01-10,Makassar,SKU_HIJAB_INSTAN,Fashion,65000,0,53,0,53
2025-01-10,Makassar,SKU_KOPI_GAYO,Food & Beverage,220000,0,9,0,9
2025-01-10,Makassar,SKU_BATIK_TULIS,Fashion Premium,1200000,0,2,0,2
2025-01-11,Jakarta,SKU_HIJAB_INSTAN,Fashion,65000,0,247,0,247
2025-01-11,Jakarta,SKU_KOPI_GAYO,Food & Beverage,220000,0,109,0,109
2025-01-11,Jakarta,SKU_BATIK_TULIS,Fashion Premium,1200000,0,27,0,27
2025-01-11,Surabaya,SKU_HIJAB_INSTAN,Fashion,65000,0,162,0,162
2025-01-11,Surabaya,SKU_KOPI_GAYO,Food & Beverage,220000,0,53,0,53
2025-01-11,Surabaya,SKU_BATIK_TULIS,Fashion Premium,1200000,0,15,0,15
2025-01-11,Medan,SKU_HIJAB_INSTAN,Fashion,65000,0,80,0,80
2025-01-11,Medan,SKU_KOPI_GAYO,Food & Beverage,220000,0,29,0,29
2025-01-11,Medan,SKU_BATIK_TULIS,Fashion Premium,1200000,0,10,0,10
2025-01-11,Makassar,SKU_HIJAB_INSTAN,Fashion,65000,0,9,0,9
2025-01-11,Makassar,SKU_KOPI_GAYO,Food & Beverage,220000,0,25,0,25
2025-01-11,Makassar,SKU_BATIK_TULIS,Fashion Premium,1200000,0,7,0,7
2025-01-12,Jakarta,SKU_HIJAB_INSTAN,Fashion,65000,0,176,0,176
2025-01-12,Jakarta,SKU_KOPI_GAYO,Food & Beverage,220000,0,98,0,98
2025-01-12,Jakarta,SKU_BATIK_TULIS,Fashion Premium,1200000,0,22,0,22
2025-01-12,Surabaya,SKU_HIJAB_INSTAN,Fashion,65000,0,97,0,97
2025-01-12,Surabaya,SKU_KOPI_GAYO,Food & Beverage,220000,0,51,0,51
2025-01-12,Surabaya,SKU_BATIK_TULIS,Fashion Premium,1200000,0,16,0,16
2025-01-12,Medan,SKU_HIJAB_INSTAN,Fashion,65000,0,70,0,70
2025-01-12,Medan,SKU_KOPI_GAYO,Food & Beverage,220000,0,34,0,34
2025-01-12,Medan,SKU_BATIK_TULIS,Fashion Premium,1200000,0,12,0,12
2025-01-12,Makassar,SKU_HIJAB_INSTAN,Fashion,65000,0,18,0,18
2025-01-12,Makassar,SKU_KOPI_GAYO,Food & Beverage,220000,0,23,0,23
2025-01-12,Makassar,SKU_BATIK_TULIS,Fashion Premium,1200000,0,6,0,6
2025-01-13,Jakarta,SKU_HIJAB_INSTAN,Fashion,65000,0,187,0,187
2025-01-13,Jakarta,SKU_KOPI_GAYO,Food & Beverage,220000,0,112,0,112
2025-01-13,Jakarta,SKU_BATIK_TULIS,Fashion Premium,1200000,0,17,0,17
2025-01-13,Surabaya,SKU_HIJAB_INSTAN,Fashion,65000,0,97,0,97
2025-01-13,Surabaya,SKU_KOPI_GAYO,Food & Beverage,220000,0,62,0,62
2025-01-13,Surabaya,SKU_BATIK_TULIS,Fashion Premium,1200000,0,8,0,8
2025-01-13,Medan,SKU_HIJAB_INSTAN,Fashion,65000,0,88,0,88
2025-01-13,Medan,SKU_KOPI_GAYO,Food & Beverage,220000,0,32,0,32
2025-01-13,Medan,SKU_BATIK_TULIS,Fashion Premium,1200000,0,5,0,5
2025-01-13,Makassar,SKU_HIJAB_INSTAN,Fashion,65000,0,36,0,36
2025-01-13,Makassar,SKU_KOPI_GAYO,Food & Beverage,220000,0,21,0,21
2025-01-13,Makassar,SKU_BATIK_TULIS,Fashion Premium,1200000,0,2,0,2
2025-01-14,Jakarta,SKU_HIJAB_INSTAN,Fashion,65000,0,188,0,188
2025-01-14,Jakarta,SKU_KOPI_GAYO,Food & Beverage,220000,0,90,0,90
2025-01-14,Jakarta,SKU_BATIK_TULIS,Fashion Premium,1200000,0,19,0,19
2025-01-14,Surabaya,SKU_HIJAB_INSTAN,Fashion,65000,0,119,0,119
2025-01-14,Surabaya,SKU_KOPI_GAYO,Food & Beverage,220000,0,58,0,58
2025-01-14,Surabaya,SKU_BATIK_TULIS,Fashion Premium,1200000,0,10,0,10
2025-01-14,Medan,SKU_HIJAB_INSTAN,Fashion,65000,0,74,0,74
2025-01-14,Medan,SKU_KOPI_GAYO,Food & Beverage,220000,0,33,0,33
2025-01-14,Medan,SKU_BATIK_TULIS,Fashion Premium,1200000,0,5,0,5
2025-01-14,Makassar,SKU_HIJAB_INSTAN,Fashion,65000,0,32,0,32
2025-01-14,Makassar,SKU_KOPI_GAYO,Food & Beverage,220000,0,10,1,0
2025-01-14,Makassar,SKU_BATIK_TULIS,Fashion Premium,1200000,0,3,0,3
2025-01-15,Jakarta,SKU_HIJAB_INSTAN,Fashion,65000,0,203,0,203
2025-01-15,Jakarta,SKU_KOPI_GAYO,Food & Beverage,220000,0,98,0,98
2025-01-15,Jakarta,SKU_BATIK_TULIS,Fashion Premium,1200000,0,18,0,18
2025-01-15,Surabaya,SKU_HIJAB_INSTAN,Fashion,65000,0,122,0,122
2025-01-15,Surabaya,SKU_KOPI_GAYO,Food & Beverage,220000,0,57,0,57
2025-01-15,Surabaya,SKU_BATIK_TULIS,Fashion Premium,1200000,0,12,0,12
2025-01-15,Medan,SKU_HIJAB_INSTAN,Fashion,65000,0,62,0,62
2025-01-15,Medan,SKU_KOPI_GAYO,Food & Beverage,220000,0,50,0,50
2025-01-15,Medan,SKU_BATIK_TULIS,Fashion Premium,1200000,0,7,0,7
2025-01-15,Makassar,SKU_HIJAB_INSTAN,Fashion,65000,0,52,0,52
2025-01-15,Makassar,SKU_KOPI_GAYO,Food & Beverage,220000,0,23,0,23
2025-01-15,Makassar,SKU_BATIK_TULIS,Fashion Premium,1200000,0,4,0,4
2025-01-16,Jakarta,SKU_HIJAB_INSTAN,Fashion,65000,0,192,0,192
2025-01-16,Jakarta,SKU_KOPI_GAYO,Food & Beverage,220000,0,106,0,106
2025-01-16,Jakarta,SKU_BATIK_TULIS,Fashion Premium,1200000,0,21,0,21
2025-01-16,Surabaya,SKU_HIJAB_INSTAN,Fashion,65000,0,105,0,105
2025-01-16,Surabaya,SKU_KOPI_GAYO,Food & Beverage,220000,0,54,0,54
2025-01-16,Surabaya,SKU_BATIK_TULIS,Fashion Premium,1200000,0,13,0,13
2025-01-16,Medan,SKU_HIJAB_INSTAN,Fashion,65000,0,65,0,65
2025-01-16,Medan,SKU_KOPI_GAYO,Food & Beverage,220000,0,49,0,49
2025-01-16,Medan,SKU_BATIK_TULIS,Fashion Premium,1200000,0,6,0,6
2025-01-16,Makassar,SKU_HIJAB_INSTAN,Fashion,65000,0,68,0,68
2025-01-16,Makassar,SKU_KOPI_GAYO,Food & Beverage,220000,0,22,0,22
2025-01-16,Makassar,SKU_BATIK_TULIS,Fashion Premium,1200000,0,4,0,4
2025-01-17,Jakarta,SKU_HIJAB_INSTAN,Fashion,65000,0,183,0,183
2025-01-17,Jakarta,SKU_KOPI_GAYO,Food & Beverage,220000,0,104,0,104
2025-01-17,Jakarta,SKU_BATIK_TULIS,Fashion Premium,1200000,0,24,0,24
2025-01-17,Surabaya,SKU_HIJAB_INSTAN,Fashion,65000,0,102,0,102
2025-01-17,Surabaya,SKU_KOPI_GAYO,Food & Beverage,220000,0,60,1,0
2025-01-17,Surabaya,SKU_BATIK_TULIS,Fashion Premium,1200000,0,18,0,18
2025-01-17,Medan,SKU_HIJAB_INSTAN,Fashion,65000,0,74,0,74
2025-01-17,Medan,SKU_KOPI_GAYO,Food & Beverage,220000,0,43,0,43
2025-01-17,Medan,SKU_BATIK_TULIS,Fashion Premium,1200000,0,6,0,6
2025-01-17,Makassar,SKU_HIJAB_INSTAN,Fashion,65000,0,14,0,14
2025-01-17,Makassar,SKU_KOPI_GAYO,Food & Beverage,220000,0,18,0,18
2025-01-17,Makassar,SKU_BATIK_TULIS,Fashion Premium,1200000,0,2,0,2
2025-01-18,Jakarta,SKU_HIJAB_INSTAN,Fashion,65000,0,226,0,226
2025-01-18,Jakarta,SKU_KOPI_GAYO,Food & Beverage,220000,0,106,0,106
2025-01-18,Jakarta,SKU_BATIK_TULIS,Fashion Premium,1200000,0,28,0,28
2025-01-18,Surabaya,SKU_HIJAB_INSTAN,Fashion,65000,0,102,0,102
2025-01-18,Surabaya,SKU_KOPI_GAYO,Food & Beverage,220000,0,68,0,68
2025-01-18,Surabaya,SKU_BATIK_TULIS,Fashion Premium,1200000,0,18,0,18
2025-01-18,Medan,SKU_HIJAB_INSTAN,Fashion,65000,0,78,0,78
2025-01-18,Medan,SKU_KOPI_GAYO,Food & Beverage,220000,0,41,0,41
2025-01-18,Medan,SKU_BATIK_TULIS,Fashion Premium,1200000,0,11,0,11
2025-01-18,Makassar,SKU_HIJAB_INSTAN,Fashion,65000,0,38,0,38
2025-01-18,Makassar,SKU_KOPI_GAYO,Food & Beverage,220000,0,10,0,10
2025-01-18,Makassar,SKU_BATIK_TULIS,Fashion Premium,1200000,0,4,0,4
2025-01-19,Jakarta,SKU_HIJAB_INSTAN,Fashion,65000,0,192,0,192
2025-01-19,Jakarta,SKU_KOPI_GAYO,Food & Beverage,220000,0,107,1,0
2025-01-19,Jakarta,SKU_BATIK_TULIS,Fashion Premium,1200000,0,24,0,24
2025-01-19,Surabaya,SKU_HIJAB_INSTAN,Fashion,65000,0,123,0,123
2025-01-19,Surabaya,SKU_KOPI_GAYO,Food & Beverage,220000,0,39,0,39
2025-01-19,Surabaya,SKU_BATIK_TULIS,Fashion Premium,1200000,0,14,1,0
2025-01-19,Medan,SKU_HIJAB_INSTAN,Fashion,65000,0,86,0,86
2025-01-19,Medan,SKU_KOPI_GAYO,Food & Beverage,220000,0,42,0,42
2025-01-19,Medan,SKU_BATIK_TULIS,Fashion Premium,1200000,0,6,0,6
2025-01-19,Makassar,SKU_HIJAB_INSTAN,Fashion,65000,0,46,0,46
2025-01-19,Makassar,SKU_KOPI_GAYO,Food & Beverage,220000,0,25,0,25
2025-01-19,Makassar,SKU_BATIK_TULIS,Fashion Premium,1200000,0,8,0,8
2025-01-20,Jakarta,SKU_HIJAB_INSTAN,Fashion,65000,0,185,0,185
2025-01-20,Jakarta,SKU_KOPI_GAYO,Food & Beverage,220000,0,93,0,93
2025-01-20,Jakarta,SKU_BATIK_TULIS,Fashion Premium,1200000,0,17,0,17
2025-01-20,Surabaya,SKU_HIJAB_INSTAN,Fashion,65000,0,134,0,134
2025-01-20,Surabaya,SKU_KOPI_GAYO,Food & Beverage,220000,0,57,0,57
2025-01-20,Surabaya,SKU_BATIK_TULIS,Fashion Premium,1200000,0,10,0,10
2025-01-20,Medan,SKU_HIJAB_INSTAN,Fashion,65000,0,72,0,72
2025-01-20,Medan,SKU_KOPI_GAYO,Food & Beverage,220000,0,33,0,33
2025-01-20,Medan,SKU_BATIK_TULIS,Fashion Premium,1200000,0,7,0,7
2025-01-20,Makassar,SKU_HIJAB_INSTAN,Fashion,65000,0,8,1,0
2025-01-20,Makassar,SKU_KOPI_GAYO,Food & Beverage,220000,0,17,0,17
2025-01-20,Makassar,SKU_BATIK_TULIS,Fashion Premium,1200000,0,3,0,3
2025-01-21,Jakarta,SKU_HIJAB_INSTAN,Fashion,65000,0,192,0,192
2025-01-21,Jakarta,SKU_KOPI_GAYO,Food & Beverage,220000,0,91,0,91
2025-01-21,Jakarta,SKU_BATIK_TULIS,Fashion Premium,1200000,0,18,0,18
2025-01-21,Surabaya,SKU_HIJAB_INSTAN,Fashion,65000,0,97,0,97
2025-01-21,Surabaya,SKU_KOPI_GAYO,Food & Beverage,220000,0,60,0,60
2025-01-21,Surabaya,SKU_BATIK_TULIS,Fashion Premium,1200000,0,9,0,9
2025-01-21,Medan,SKU_HIJAB_INSTAN,Fashion,65000,0,64,0,64
2025-01-21,Medan,SKU_KOPI_GAYO,Food & Beverage,220000,0,25,0,25
2025-01-21,Medan,SKU_BATIK_TULIS,Fashion Premium,1200000,0,7,0,7
2025-01-21,Makassar,SKU_HIJAB_INSTAN,Fashion,65000,0,57,0,57
2025-01-21,Makassar,SKU_KOPI_GAYO,Food & Beverage,220000,0,20,0,20
2025-01-21,Makassar,SKU_BATIK_TULIS,Fashion Premium,1200000,0,3,0,3
2025-01-22,Jakarta,SKU_HIJAB_INSTAN,Fashion,65000,0,191,0,191
2025-01-22,Jakarta,SKU_KOPI_GAYO,Food & Beverage,220000,0,94,0,94
2025-01-22,Jakarta,SKU_BATIK_TULIS,Fashion Premium,1200000,0,18,0,18
2025-01-22,Surabaya,SKU_HIJAB_INSTAN,Fashion,65000,0,116,0,116
2025-01-22,Surabaya,SKU_KOPI_GAYO,Food & Beverage,220000,0,61,0,61
2025-01-22,Surabaya,SKU_BATIK_TULIS,Fashion Premium,1200000,0,11,0,11
2025-01-22,Medan,SKU_HIJAB_INSTAN,Fashion,65000,0,59,0,59
2025-01-22,Medan,SKU_KOPI_GAYO,Food & Beverage,220000,0,32,0,32
2025-01-22,Medan,SKU_BATIK_TULIS,Fashion Premium,1200000,0,8,0,8
2025-01-22,Makassar,SKU_HIJAB_INSTAN,Fashion,65000,0,22,0,22
2025-01-22,Makassar,SKU_KOPI_GAYO,Food & Beverage,220000,0,19,0,19
2025-01-22,Makassar,SKU_BATIK_TULIS,Fashion Premium,1200000,0,3,0,3
2025-01-23,Jakarta,SKU_HIJAB_INSTAN,Fashion,65000,0,174,0,174
2025-01-23,Jakarta,SKU_KOPI_GAYO,Food & Beverage,220000,0,104,0,104
2025-01-23,Jakarta,SKU_BATIK_TULIS,Fashion Premium,1200000,0,23,0,23
2025-01-23,Surabaya,SKU_HIJAB_INSTAN,Fashion,65000,0,106,0,106
2025-01-23,Surabaya,SKU_KOPI_GAYO,Food & Beverage,220000,0,57,0,57
2025-01-23,Surabaya,SKU_BATIK_TULIS,Fashion Premium,1200000,0,13,0,13
2025-01-23,Medan,SKU_HIJAB_INSTAN,Fashion,65000,0,84,0,84
2025-01-23,Medan,SKU_KOPI_GAYO,Food & Beverage,220000,0,36,0,36
2025-01-23,Medan,SKU_BATIK_TULIS,Fashion Premium,1200000,0,10,0,10
2025-01-23,Makassar,SKU_HIJAB_INSTAN,Fashion,65000,0,48,0,48
2025-01-23,Makassar,SKU_KOPI_GAYO,Food & Beverage,220000,0,3,0,3
2025-01-23,Makassar,SKU_BATIK_TULIS,Fashion Premium,1200000,0,2,0,2
2025-01-24,Jakarta,SKU_HIJAB_INSTAN,Fashion,65000,0,197,0,197
2025-01-24,Jakarta,SKU_KOPI_GAYO,Food & Beverage,220000,0,106,0,106
2025-01-24,Jakarta,SKU_BATIK_TULIS,Fashion Premium,1200000,0,23,0,23
2025-01-24,Surabaya,SKU_HIJAB_INSTAN,Fashion,65000,0,146,0,146
2025-01-24,Surabaya,SKU_KOPI_GAYO,Food & Beverage,220000,0,71,0,71
2025-01-24,Surabaya,SKU_BATIK_TULIS,Fashion Premium,1200000,0,13,0,13
2025-01-24,Medan,SKU_HIJAB_INSTAN,Fashion,65000,0,96,0,96
2025-01-24,Medan,SKU_KOPI_GAYO,Food & Beverage,220000,0,50,0,50
2025-01-24,Medan,SKU_BATIK_TULIS,Fashion Premium,1200000,0,10,0,10
2025-01-24,Makassar,SKU_HIJAB_INSTAN,Fashion,65000,0,42,0,42
2025-01-24,Makassar,SKU_KOPI_GAYO,Food & Beverage,220000,0,13,0,13
2025-01-24,Makassar,SKU_BATIK_TULIS,Fashion Premium,1200000,0,7,0,7
2025-01-25,Jakarta,SKU_HIJAB_INSTAN,Fashion,65000,0,233,0,233
2025-01-25,Jakarta,SKU_KOPI_GAYO,Food & Beverage,220000,0,97,0,97
2025-01-25,Jakarta,SKU_BATIK_TULIS,Fashion Premium,1200000,0,25,1,0
2025-01-25,Surabaya,SKU_HIJAB_INSTAN,Fashion,65000,0,120,0,120
2025-01-25,Surabaya,SKU_KOPI_GAYO,Food & Beverage,220000,0,57,0,57
2025-01-25,Surabaya,SKU_BATIK_TULIS,Fashion Premium,1200000,0,22,0,22
2025-01-25,Medan,SKU_HIJAB_INSTAN,Fashion,65000,0,103,0,103
2025-01-25,Medan,SKU_KOPI_GAYO,Food & Beverage,176000,1,87,0,87
2025-01-25,Medan,SKU_BATIK_TULIS,Fashion Premium,960000,1,12,0,12
2025-01-25,Makassar,SKU_HIJAB_INSTAN,Fashion,65000,0,40,0,40
2025-01-25,Makassar,SKU_KOPI_GAYO,Food & Beverage,176000,1,17,0,17
2025-01-25,Makassar,SKU_BATIK_TULIS,Fashion Premium,1200000,0,2,0,2
2025-01-26,Jakarta,SKU_HIJAB_INSTAN,Fashion,65000,0,229,0,229
2025-01-26,Jakarta,SKU_KOPI_GAYO,Food & Beverage,220000,0,107,0,107
2025-01-26,Jakarta,SKU_BATIK_TULIS,Fashion Premium,1200000,0,28,0,28
2025-01-26,Surabaya,SKU_HIJAB_INSTAN,Fashion,52000,1,198,0,198
2025-01-26,Surabaya,SKU_KOPI_GAYO,Food & Beverage,176000,1,104,0,104
2025-01-26,Surabaya,SKU_BATIK_TULIS,Fashion Premium,1200000,0,19,0,19
2025-01-26,Medan,SKU_HIJAB_INSTAN,Fashion,65000,0,97,0,97
2025-01-26,Medan,SKU_KOPI_GAYO,Food & Beverage,220000,0,44,0,44
2025-01-26,Medan,SKU_BATIK_TULIS,Fashion Premium,960000,1,22,0,22
2025-01-26,Makassar,SKU_HIJAB_INSTAN,Fashion,52000,1,66,0,66
2025-01-26,Makassar,SKU_KOPI_GAYO,Food & Beverage,176000,1,16,0,16
2025-01-26,Makassar,SKU_BATIK_TULIS,Fashion Premium,1200000,0,7,0,7
2025-01-27,Jakarta,SKU_HIJAB_INSTAN,Fashion,52000,1,329,0,329
2025-01-27,Jakarta,SKU_KOPI_GAYO,Food & Beverage,220000,0,101,0,101
2025-01-27,Jakarta,SKU_BATIK_TULIS,Fashion Premium,1200000,0,19,0,19
2025-01-27,Surabaya,SKU_HIJAB_INSTAN,Fashion,65000,0,124,0,124
2025-01-27,Surabaya,SKU_KOPI_GAYO,Food & Beverage,176000,1,86,0,86
2025-01-27,Surabaya,SKU_BATIK_TULIS,Fashion Premium,960000,1,14,0,14
2025-01-27,Medan,SKU_HIJAB_INSTAN,Fashion,65000,0,87,0,87
2025-01-27,Medan,SKU_KOPI_GAYO,Food & Beverage,176000,1,45,0,45
2025-01-27,Medan,SKU_BATIK_TULIS,Fashion Premium,1200000,0,8,0,8
2025-01-27,Makassar,SKU_HIJAB_INSTAN,Fashion,52000,1,71,0,71
2025-01-27,Makassar,SKU_KOPI_GAYO,Food & Beverage,176000,1,33,0,33
2025-01-27,Makassar,SKU_BATIK_TULIS,Fashion Premium,1200000,0,3,0,3
2025-01-28,Jakarta,SKU_HIJAB_INSTAN,Fashion,52000,1,298,0,298
2025-01-28,Jakarta,SKU_KOPI_GAYO,Food & Beverage,176000,1,152,0,152
2025-01-28,Jakarta,SKU_BATIK_TULIS,Fashion Premium,1200000,0,21,0,21
2025-01-28,Surabaya,SKU_HIJAB_INSTAN,Fashion,65000,0,91,0,91
2025-01-28,Surabaya,SKU_KOPI_GAYO,Food & Beverage,176000,1,101,0,101
2025-01-28,Surabaya,SKU_BATIK_TULIS,Fashion Premium,960000,1,19,0,19
2025-01-28,Medan,SKU_HIJAB_INSTAN,Fashion,52000,1,135,0,135
2025-01-28,Medan,SKU_KOPI_GAYO,Food & Beverage,176000,1,57,0,57
2025-01-28,Medan,SKU_BATIK_TULIS,Fashion Premium,1200000,0,8,0,8
2025-01-28,Makassar,SKU_HIJAB_INSTAN,Fashion,65000,0,44,0,44
2025-01-28,Makassar,SKU_KOPI_GAYO,Food & Beverage,220000,0,26,0,26
2025-01-28,Makassar,SKU_BATIK_TULIS,Fashion Premium,1200000,0,3,0,3
2025-01-29,Jakarta,SKU_HIJAB_INSTAN,Fashion,65000,0,179,0,179
2025-01-29,Jakarta,SKU_KOPI_GAYO,Food & Beverage,220000,0,105,0,105
2025-01-29,Jakarta,SKU_BATIK_TULIS,Fashion Premium,1200000,0,17,0,17
2025-01-29,Surabaya,SKU_HIJAB_INSTAN,Fashion,65000,0,101,0,101
2025-01-29,Surabaya,SKU_KOPI_GAYO,Food & Beverage,220000,0,50,0,50
2025-01-29,Surabaya,SKU_BATIK_TULIS,Fashion Premium,1200000,0,10,0,10
2025-01-29,Medan,SKU_HIJAB_INSTAN,Fashion,65000,0,99,0,99
2025-01-29,Medan,SKU_KOPI_GAYO,Food & Beverage,220000,0,51,0,51
2025-01-29,Medan,SKU_BATIK_TULIS,Fashion Premium,1200000,0,8,0,8
2025-01-29,Makassar,SKU_HIJAB_INSTAN,Fashion,65000,0,45,0,45
2025-01-29,Makassar,SKU_KOPI_GAYO,Food & Beverage,220000,0,13,0,13
2025-01-29,Makassar,SKU_BATIK_TULIS,Fashion Premium,1200000,0,3,0,3
2025-01-30,Jakarta,SKU_HIJAB_INSTAN,Fashion,65000,0,204,0,204
2025-01-30,Jakarta,SKU_KOPI_GAYO,Food & Beverage,220000,0,90,0,90
2025-01-30,Jakarta,SKU_BATIK_TULIS,Fashion Premium,1200000,0,21,0,21
2025-01-30,Surabaya,SKU_HIJAB_INSTAN,Fashion,65000,0,128,0,128
2025-01-30,Surabaya,SKU_KOPI_GAYO,Food & Beverage,220000,0,53,0,53
2025-01-30,Surabaya,SKU_BATIK_TULIS,Fashion Premium,1200000,0,16,0,16
2025-01-30,Medan,SKU_HIJAB_INSTAN,Fashion,65000,0,68,0,68
2025-01-30,Medan,SKU_KOPI_GAYO,Food & Beverage,220000,0,27,0,27
2025-01-30,Medan,SKU_BATIK_TULIS,Fashion Premium,1200000,0,10,0,10
2025-01-30,Makassar,SKU_HIJAB_INSTAN,Fashion,65000,0,51,1,0
2025-01-30,Makassar,SKU_KOPI_GAYO,Food & Beverage,220000,0,29,0,29
2025-01-30,Makassar,SKU_BATIK_TULIS,Fashion Premium,1200000,0,5,0,5
2025-01-31,Jakarta,SKU_HIJAB_INSTAN,Fashion,65000,0,203,1,0
2025-01-31,Jakarta,SKU_KOPI_GAYO,Food & Beverage,220000,0,105,1,0
2025-01-31,Jakarta,SKU_BATIK_TULIS,Fashion Premium,1200000,0,19,0,19
2025-01-31,Surabaya,SKU_HIJAB_INSTAN,Fashion,65000,0,146,0,146
2025-01-31,Surabaya,SKU_KOPI_GAYO,Food & Beverage,220000,0,58,0,58
2025-01-31,Surabaya,SKU_BATIK_TULIS,Fashion Premium,1200000,0,15,0,15
2025-01-31,Medan,SKU_HIJAB_INSTAN,Fashion,65000,0,32,0,32
2025-01-31,Medan,SKU_KOPI_GAYO,Food & Beverage,220000,0,39,0,39
2025-01-31,Medan,SKU_BATIK_TULIS,Fashion Premium,1200000,0,8,0,8
2025-01-31,Makassar,SKU_HIJAB_INSTAN,Fashion,65000,0,35,0,35
2025-01-31,Makassar,SKU_KOPI_GAYO,Food & Beverage,220000,0,11,0,11
2025-01-31,Makassar,SKU_BATIK_TULIS,Fashion Premium,1200000,0,3,0,3
2025-02-01,Jakarta,SKU_HIJAB_INSTAN,Fashion,65000,0,212,0,212
2025-02-01,Jakarta,SKU_KOPI_GAYO,Food & Beverage,220000,0,116,0,116
2025-02-01,Jakarta,SKU_BATIK_TULIS,Fashion Premium,1200000,0,26,1,0
2025-02-01,Surabaya,SKU_HIJAB_INSTAN,Fashion,65000,0,149,0,149
2025-02-01,Surabaya,SKU_KOPI_GAYO,Food & Beverage,220000,0,62,0,62
2025-02-01,Surabaya,SKU_BATIK_TULIS,Fashion Premium,1200000,0,19,0,19
2025-02-01,Medan,SKU_HIJAB_INSTAN,Fashion,65000,0,93,0,93
2025-02-01,Medan,SKU_KOPI_GAYO,Food & Beverage,220000,0,67,0,67
2025-02-01,Medan,SKU_BATIK_TULIS,Fashion Premium,1200000,0,10,0,10
2025-02-01,Makassar,SKU_HIJAB_INSTAN,Fashion,65000,0,69,0,69
2025-02-01,Makassar,SKU_KOPI_GAYO,Food & Beverage,220000,0,2,0,2
2025-02-01,Makassar,SKU_BATIK_TULIS,Fashion Premium,1200000,0,2,0,2
2025-02-02,Jakarta,SKU_HIJAB_INSTAN,Fashion,65000,0,228,0,228
2025-02-02,Jakarta,SKU_KOPI_GAYO,Food & Beverage,220000,0,101,0,101
2025-02-02,Jakarta,SKU_BATIK_TULIS,Fashion Premium,1200000,0,27,0,27
2025-02-02,Surabaya,SKU_HIJAB_INSTAN,Fashion,65000,0,137,0,137
2025-02-02,Surabaya,SKU_KOPI_GAYO,Food & Beverage,220000,0,69,0,69
2025-02-02,Surabaya,SKU_BATIK_TULIS,Fashion Premium,1200000,0,15,0,15
2025-02-02,Medan,SKU_HIJAB_INSTAN,Fashion,65000,0,76,0,76
2025-02-02,Medan,SKU_KOPI_GAYO,Food & Beverage,220000,0,51,0,51
2025-02-02,Medan,SKU_BATIK_TULIS,Fashion Premium,1200000,0,10,0,10
2025-02-02,Makassar,SKU_HIJAB_INSTAN,Fashion,65000,0,35,0,35
2025-02-02,Makassar,SKU_KOPI_GAYO,Food & Beverage,220000,0,14,0,14
2025-02-02,Makassar,SKU_BATIK_TULIS,Fashion Premium,1200000,0,5,0,5
2025-02-03,Jakarta,SKU_HIJAB_INSTAN,Fashion,65000,0,187,0,187
2025-02-03,Jakarta,SKU_KOPI_GAYO,Food & Beverage,220000,0,89,0,89
2025-02-03,Jakarta,SKU_BATIK_TULIS,Fashion Premium,1200000,0,19,0,19
2025-02-03,Surabaya,SKU_HIJAB_INSTAN,Fashion,65000,0,113,0,113
2025-02-03,Surabaya,SKU_KOPI_GAYO,Food & Beverage,220000,0,43,0,43
2025-02-03,Surabaya,SKU_BATIK_TULIS,Fashion Premium,1200000,0,11,0,11
2025-02-03,Medan,SKU_HIJAB_INSTAN,Fashion,65000,0,63,0,63
2025-02-03,Medan,SKU_KOPI_GAYO,Food & Beverage,220000,0,34,0,34
2025-02-03,Medan,SKU_BATIK_TULIS,Fashion Premium,1200000,0,6,0,6
2025-02-03,Makassar,SKU_HIJAB_INSTAN,Fashion,65000,0,22,0,22
2025-02-03,Makassar,SKU_KOPI_GAYO,Food & Beverage,220000,0,30,0,30
2025-02-03,Makassar,SKU_BATIK_TULIS,Fashion Premium,1200000,0,3,0,3
2025-02-04,Jakarta,SKU_HIJAB_INSTAN,Fashion,65000,0,212,0,212
2025-02-04,Jakarta,SKU_KOPI_GAYO,Food & Beverage,220000,0,85,0,85
2025-02-04,Jakarta,SKU_BATIK_TULIS,Fashion Premium,1200000,0,19,0,19
2025-02-04,Surabaya,SKU_HIJAB_INSTAN,Fashion,65000,0,128,0,128
2025-02-04,Surabaya,SKU_KOPI_GAYO,Food & Beverage,220000,0,64,0,64
2025-02-04,Surabaya,SKU_BATIK_TULIS,Fashion Premium,1200000,0,12,0,12
2025-02-04,Medan,SKU_HIJAB_INSTAN,Fashion,65000,0,62,0,62
2025-02-04,Medan,SKU_KOPI_GAYO,Food & Beverage,220000,0,39,0,39
2025-02-04,Medan,SKU_BATIK_TULIS,Fashion Premium,1200000,0,6,0,6
2025-02-04,Makassar,SKU_HIJAB_INSTAN,Fashion,65000,0,41,0,41
2025-02-04,Makassar,SKU_KOPI_GAYO,Food & Beverage,220000,0,12,0,12
2025-02-04,Makassar,SKU_BATIK_TULIS,Fashion Premium,1200000,0,4,0,4
2025-02-05,Jakarta,SKU_HIJAB_INSTAN,Fashion,65000,0,175,0,175
2025-02-05,Jakarta,SKU_KOPI_GAYO,Food & Beverage,220000,0,97,0,97
2025-02-05,Jakarta,SKU_BATIK_TULIS,Fashion Premium,1200000,0,18,0,18
2025-02-05,Surabaya,SKU_HIJAB_INSTAN,Fashion,65000,0,129,0,129
2025-02-05,Surabaya,SKU_KOPI_GAYO,Food & Beverage,220000,0,44,0,44
2025-02-05,Surabaya,SKU_BATIK_TULIS,Fashion Premium,1200000,0,9,0,9
2025-02-05,Medan,SKU_HIJAB_INSTAN,Fashion,65000,0,88,0,88
2025-02-05,Medan,SKU_KOPI_GAYO,Food & Beverage,220000,0,50,0,50
2025-02-05,Medan,SKU_BATIK_TULIS,Fashion Premium,1200000,0,10,0,10
2025-02-05,Makassar,SKU_HIJAB_INSTAN,Fashion,65000,0,29,0,29
2025-02-05,Makassar,SKU_KOPI_GAYO,Food & Beverage,220000,0,17,0,17
2025-02-05,Makassar,SKU_BATIK_TULIS,Fashion Premium,1200000,0,3,0,3
2025-02-06,Jakarta,SKU_HIJAB_INSTAN,Fashion,65000,0,226,0,226
2025-02-06,Jakarta,SKU_KOPI_GAYO,Food & Beverage,220000,0,96,0,96
2025-02-06,Jakarta,SKU_BATIK_TULIS,Fashion Premium,1200000,0,21,0,21
2025-02-06,Surabaya,SKU_HIJAB_INSTAN,Fashion,65000,0,125,0,125
2025-02-06,Surabaya,SKU_KOPI_GAYO,Food & Beverage,220000,0,56,0,56
2025-02-06,Surabaya,SKU_BATIK_TULIS,Fashion Premium,1200000,0,12,0,12
2025-02-06,Medan,SKU_HIJAB_INSTAN,Fashion,65000,0,51,0,51
2025-02-06,Medan,SKU_KOPI_GAYO,Food & Beverage,220000,0,44,0,44
2025-02-06,Medan,SKU_BATIK_TULIS,Fashion Premium,1200000,0,8,0,8
2025-02-06,Makassar,SKU_HIJAB_INSTAN,Fashion,65000,0,53,0,53
2025-02-06,Makassar,SKU_KOPI_GAYO,Food & Beverage,220000,0,16,0,16
2025-02-06,Makassar,SKU_BATIK_TULIS,Fashion Premium,1200000,0,5,0,5
2025-02-07,Jakarta,SKU_HIJAB_INSTAN,Fashion,65000,0,199,0,199
2025-02-07,Jakarta,SKU_KOPI_GAYO,Food & Beverage,220000,0,85,0,85
2025-02-07,Jakarta,SKU_BATIK_TULIS,Fashion Premium,1200000,0,23,0,23
2025-02-07,Surabaya,SKU_HIJAB_INSTAN,Fashion,65000,0,116,0,116
2025-02-07,Surabaya,SKU_KOPI_GAYO,Food & Beverage,220000,0,71,0,71
2025-02-07,Surabaya,SKU_BATIK_TULIS,Fashion Premium,1200000,0,15,0,15
2025-02-07,Medan,SKU_HIJAB_INSTAN,Fashion,65000,0,88,0,88
2025-02-07,Medan,SKU_KOPI_GAYO,Food & Beverage,220000,0,49,0,49
2025-02-07,Medan,SKU_BATIK_TULIS,Fashion Premium,1200000,0,11,0,11
2025-02-07,Makassar,SKU_HIJAB_INSTAN,Fashion,65000,0,42,0,42
2025-02-07,Makassar,SKU_KOPI_GAYO,Food & Beverage,220000,0,15,0,15
2025-02-07,Makassar,SKU_BATIK_TULIS,Fashion Premium,1200000,0,6,0,6
2025-02-08,Jakarta,SKU_HIJAB_INSTAN,Fashion,65000,0,211,0,211
2025-02-08,Jakarta,SKU_KOPI_GAYO,Food & Beverage,220000,0,109,0,109
2025-02-08,Jakarta,SKU_BATIK_TULIS,Fashion Premium,1200000,0,26,0,26
2025-02-08,Surabaya,SKU_HIJAB_INSTAN,Fashion,65000,0,137,1,0
2025-02-08,Surabaya,SKU_KOPI_GAYO,Food & Beverage,220000,0,59,0,59
2025-02-08,Surabaya,SKU_BATIK_TULIS,Fashion Premium,1200000,0,14,0,14
2025-02-08,Medan,SKU_HIJAB_INSTAN,Fashion,65000,0,96,0,96
2025-02-08,Medan,SKU_KOPI_GAYO,Food & Beverage,220000,0,45,0,45
2025-02-08,Medan,SKU_BATIK_TULIS,Fashion Premium,1200000,0,9,0,9
2025-02-08,Makassar,SKU_HIJAB_INSTAN,Fashion,65000,0,29,0,29
2025-02-08,Makassar,SKU_KOPI_GAYO,Food & Beverage,220000,0,18,0,18
2025-02-08,Makassar,SKU_BATIK_TULIS,Fashion Premium,1200000,0,4,0,4
2025-02-09,Jakarta,SKU_HIJAB_INSTAN,Fashion,65000,0,213,0,213
2025-02-09,Jakarta,SKU_KOPI_GAYO,Food & Beverage,220000,0,103,0,103
2025-02-09,Jakarta,SKU_BATIK_TULIS,Fashion Premium,1200000,0,23,0,23
2025-02-09,Surabaya,SKU_HIJAB_INSTAN,Fashion,65000,0,116,0,116
2025-02-09,Surabaya,SKU_KOPI_GAYO,Food & Beverage,220000,0,65,0,65
2025-02-09,Surabaya,SKU_BATIK_TULIS,Fashion Premium,1200000,0,12,0,12
2025-02-09,Medan,SKU_HIJAB_INSTAN,Fashion,65000,0,69,0,69
2025-02-09,Medan,SKU_KOPI_GAYO,Food & Beverage,220000,0,34,0,34
2025-02-09,Medan,SKU_BATIK_TULIS,Fashion Premium,1200000,0,11,1,0
2025-02-09,Makassar,SKU_HIJAB_INSTAN,Fashion,65000,0,64,0,64
2025-02-09,Makassar,SKU_KOPI_GAYO,Food & Beverage,220000,0,14,0,14
2025-02-09,Makassar,SKU_BATIK_TULIS,Fashion Premium,1200000,0,3,0,3
2025-02-10,Jakarta,SKU_HIJAB_INSTAN,Fashion,65000,0,189,0,189
2025-02-10,Jakarta,SKU_KOPI_GAYO,Food & Beverage,220000,0,98,0,98
2025-02-10,Jakarta,SKU_BATIK_TULIS,Fashion Premium,1200000,0,17,0,17
2025-02-10,Surabaya,SKU_HIJAB_INSTAN,Fashion,65000,0,93,0,93
2025-02-10,Surabaya,SKU_KOPI_GAYO,Food & Beverage,220000,0,68,0,68
2025-02-10,Surabaya,SKU_BATIK_TULIS,Fashion Premium,1200000,0,6,0,6
2025-02-10,Medan,SKU_HIJAB_INSTAN,Fashion,65000,0,59,0,59
2025-02-10,Medan,SKU_KOPI_GAYO,Food & Beverage,220000,0,43,0,43
2025-02-10,Medan,SKU_BATIK_TULIS,Fashion Premium,1200000,0,6,0,6
2025-02-10,Makassar,SKU_HIJAB_INSTAN,Fashion,65000,0,22,0,22
2025-02-10,Makassar,SKU_KOPI_GAYO,Food & Beverage,220000,0,15,0,15
2025-02-10,Makassar,SKU_BATIK_TULIS,Fashion Premium,1200000,0,2,0,2
2025-02-11,Jakarta,SKU_HIJAB_INSTAN,Fashion,65000,0,174,0,174
2025-02-11,Jakarta,SKU_KOPI_GAYO,Food & Beverage,220000,0,95,0,95
2025-02-11,Jakarta,SKU_BATIK_TULIS,Fashion Premium,1200000,0,18,0,18
2025-02-11,Surabaya,SKU_HIJAB_INSTAN,Fashion,65000,0,97,0,97
2025-02-11,Surabaya,SKU_KOPI_GAYO,Food & Beverage,220000,0,56,0,56
2025-02-11,Surabaya,SKU_BATIK_TULIS,Fashion Premium,1200000,0,12,0,12
2025-02-11,Medan,SKU_HIJAB_INSTAN,Fashion,65000,0,94,0,94
2025-02-11,Medan,SKU_KOPI_GAYO,Food & Beverage,220000,0,41,0,41
2025-02-11,Medan,SKU_BATIK_TULIS,Fashion Premium,1200000,0,8,0,8
2025-02-11,Makassar,SKU_HIJAB_INSTAN,Fashion,65000,0,9,0,9
2025-02-11,Makassar,SKU_KOPI_GAYO,Food & Beverage,220000,0,27,0,27
2025-02-11,Makassar,SKU_BATIK_TULIS,Fashion Premium,1200000,0,3,0,3
2025-02-12,Jakarta,SKU_HIJAB_INSTAN,Fashion,65000,0,202,1,0
2025-02-12,Jakarta,SKU_KOPI_GAYO,Food & Beverage,220000,0,94,1,0
2025-02-12,Jakarta,SKU_BATIK_TULIS,Fashion Premium,1200000,0,21,1,0
2025-02-12,Surabaya,SKU_HIJAB_INSTAN,Fashion,65000,0,104,0,104
2025-02-12,Surabaya,SKU_KOPI_GAYO,Food & Beverage,220000,0,48,0,48
2025-02-12,Surabaya,SKU_BATIK_TULIS,Fashion Premium,1200000,0,12,0,12
2025-02-12,Medan,SKU_HIJAB_INSTAN,Fashion,65000,0,100,0,100
2025-02-12,Medan,SKU_KOPI_GAYO,Food & Beverage,220000,0,29,0,29
2025-02-12,Medan,SKU_BATIK_TULIS,Fashion Premium,1200000,0,6,0,6
2025-02-12,Makassar,SKU_HIJAB_INSTAN,Fashion,65000,0,58,0,58
2025-02-12,Makassar,SKU_KOPI_GAYO,Food & Beverage,220000,0,35,0,35
2025-02-12,Makassar,SKU_BATIK_TULIS,Fashion Premium,1200000,0,4,0,4
2025-02-13,Jakarta,SKU_HIJAB_INSTAN,Fashion,65000,0,176,0,176
2025-02-13,Jakarta,SKU_KOPI_GAYO,Food & Beverage,220000,0,93,1,0
2025-02-13,Jakarta,SKU_BATIK_TULIS,Fashion Premium,1200000,0,19,0,19
2025-02-13,Surabaya,SKU_HIJAB_INSTAN,Fashion,65000,0,112,0,112
2025-02-13,Surabaya,SKU_KOPI_GAYO,Food & Beverage,220000,0,53,0,53
2025-02-13,Surabaya,SKU_BATIK_TULIS,Fashion Premium,1200000,0,11,0,11
2025-02-13,Medan,SKU_HIJAB_INSTAN,Fashion,65000,0,57,0,57
2025-02-13,Medan,SKU_KOPI_GAYO,Food & Beverage,220000,0,40,0,40
2025-02-13,Medan,SKU_BATIK_TULIS,Fashion Premium,1200000,0,7,0,7
2025-02-13,Makassar,SKU_HIJAB_INSTAN,Fashion,65000,0,45,0,45
2025-02-13,Makassar,SKU_KOPI_GAYO,Food & Beverage,220000,0,8,0,8
2025-02-13,Makassar,SKU_BATIK_TULIS,Fashion Premium,1200000,0,4,0,4
2025-02-14,Jakarta,SKU_HIJAB_INSTAN,Fashion,65000,0,199,0,199
2025-02-14,Jakarta,SKU_KOPI_GAYO,Food & Beverage,220000,0,112,0,112
2025-02-14,Jakarta,SKU_BATIK_TULIS,Fashion Premium,1200000,0,25,0,25
2025-02-14,Surabaya,SKU_HIJAB_INSTAN,Fashion,65000,0,129,0,129
2025-02-14,Surabaya,SKU_KOPI_GAYO,Food & Beverage,220000,0,52,0,52
2025-02-14,Surabaya,SKU_BATIK_TULIS,Fashion Premium,1200000,0,13,0,13
2025-02-14,Medan,SKU_HIJAB_INSTAN,Fashion,65000,0,91,0,91
2025-02-14,Medan,SKU_KOPI_GAYO,Food & Beverage,220000,0,47,0,47
2025-02-14,Medan,SKU_BATIK_TULIS,Fashion Premium,1200000,0,11,0,11
2025-02-14,Makassar,SKU_HIJAB_INSTAN,Fashion,65000,0,44,0,44
2025-02-14,Makassar,SKU_KOPI_GAYO,Food & Beverage,220000,0,14,0,14
2025-02-14,Makassar,SKU_BATIK_TULIS,Fashion Premium,1200000,0,6,0,6
2025-02-15,Jakarta,SKU_HIJAB_INSTAN,Fashion,65000,0,243,0,243
2025-02-15,Jakarta,SKU_KOPI_GAYO,Food & Beverage,220000,0,93,0,93
2025-02-15,Jakarta,SKU_BATIK_TULIS,Fashion Premium,1200000,0,31,0,31
2025-02-15,Surabaya,SKU_HIJAB_INSTAN,Fashion,65000,0,118,0,118
2025-02-15,Surabaya,SKU_KOPI_GAYO,Food & Beverage,220000,0,70,0,70
2025-02-15,Surabaya,SKU_BATIK_TULIS,Fashion Premium,1200000,0,16,0,16
2025-02-15,Medan,SKU_HIJAB_INSTAN,Fashion,65000,0,119,0,119
2025-02-15,Medan,SKU_KOPI_GAYO,Food & Beverage,220000,0,38,0,38
2025-02-15,Medan,SKU_BATIK_TULIS,Fashion Premium,1200000,0,9,0,9
2025-02-15,Makassar,SKU_HIJAB_INSTAN,Fashion,65000,0,19,0,19
2025-02-15,Makassar,SKU_KOPI_GAYO,Food & Beverage,220000,0,26,0,26
2025-02-15,Makassar,SKU_BATIK_TULIS,Fashion Premium,1200000,0,8,0,8
2025-02-16,Jakarta,SKU_HIJAB_INSTAN,Fashion,65000,0,211,0,211
2025-02-16,Jakarta,SKU_KOPI_GAYO,Food & Beverage,220000,0,104,0,104
2025-02-16,Jakarta,SKU_BATIK_TULIS,Fashion Premium,1200000,0,25,0,25
2025-02-16,Surabaya,SKU_HIJAB_INSTAN,Fashion,65000,0,125,0,125
2025-02-16,Surabaya,SKU_KOPI_GAYO,Food & Beverage,220000,0,57,0,57
2025-02-16,Surabaya,SKU_BATIK_TULIS,Fashion Premium,1200000,0,13,0,13
2025-02-16,Medan,SKU_HIJAB_INSTAN,Fashion,65000,0,45,0,45
2025-02-16,Medan,SKU_KOPI_GAYO,Food & Beverage,220000,0,40,0,40
2025-02-16,Medan,SKU_BATIK_TULIS,Fashion Premium,1200000,0,6,0,6
2025-02-16,Makassar,SKU_HIJAB_INSTAN,Fashion,65000,0,27,0,27
2025-02-16,Makassar,SKU_KOPI_GAYO,Food & Beverage,220000,0,15,0,15
2025-02-16,Makassar,SKU_BATIK_TULIS,Fashion Premium,1200000,0,4,0,4
2025-02-17,Jakarta,SKU_HIJAB_INSTAN,Fashion,65000,0,178,0,178
2025-02-17,Jakarta,SKU_KOPI_GAYO,Food & Beverage,220000,0,83,0,83
2025-02-17,Jakarta,SKU_BATIK_TULIS,Fashion Premium,1200000,0,16,0,16
2025-02-17,Surabaya,SKU_HIJAB_INSTAN,Fashion,65000,0,79,0,79
2025-02-17,Surabaya,SKU_KOPI_GAYO,Food & Beverage,220000,0,60,0,60
2025-02-17,Surabaya,SKU_BATIK_TULIS,Fashion Premium,1200000,0,11,0,11
2025-02-17,Medan,SKU_HIJAB_INSTAN,Fashion,65000,0,72,0,72
2025-02-17,Medan,SKU_KOPI_GAYO,Food & Beverage,220000,0,38,0,38
2025-02-17,Medan,SKU_BATIK_TULIS,Fashion Premium,1200000,0,7,0,7
2025-02-17,Makassar,SKU_HIJAB_INSTAN,Fashion,65000,0,35,0,35
2025-02-17,Makassar,SKU_KOPI_GAYO,Food & Beverage,220000,0,12,0,12
2025-02-17,Makassar,SKU_BATIK_TULIS,Fashion Premium,1200000,0,3,0,3
2025-02-18,Jakarta,SKU_HIJAB_INSTAN,Fashion,65000,0,189,0,189
2025-02-18,Jakarta,SKU_KOPI_GAYO,Food & Beverage,220000,0,87,1,0
2025-02-18,Jakarta,SKU_BATIK_TULIS,Fashion Premium,1200000,0,18,1,0
2025-02-18,Surabaya,SKU_HIJAB_INSTAN,Fashion,65000,0,99,0,99
2025-02-18,Surabaya,SKU_KOPI_GAYO,Food & Beverage,220000,0,58,0,58
2025-02-18,Surabaya,SKU_BATIK_TULIS,Fashion Premium,1200000,0,8,0,8
2025-02-18,Medan,SKU_HIJAB_INSTAN,Fashion,65000,0,74,0,74
2025-02-18,Medan,SKU_KOPI_GAYO,Food & Beverage,220000,0,32,0,32
2025-02-18,Medan,SKU_BATIK_TULIS,Fashion Premium,1200000,0,7,0,7
2025-02-18,Makassar,SKU_HIJAB_INSTAN,Fashion,65000,0,58,0,58
2025-02-18,Makassar,SKU_KOPI_GAYO,Food & Beverage,220000,0,20,0,20
2025-02-18,Makassar,SKU_BATIK_TULIS,Fashion Premium,1200000,0,3,0,3
2025-02-19,Jakarta,SKU_HIJAB_INSTAN,Fashion,65000,0,187,0,187
2025-02-19,Jakarta,SKU_KOPI_GAYO,Food & Beverage,220000,0,87,0,87
2025-02-19,Jakarta,SKU_BATIK_TULIS,Fashion Premium,1200000,0,18,0,18
2025-02-19,Surabaya,SKU_HIJAB_INSTAN,Fashion,65000,0,122,0,122
2025-02-19,Surabaya,SKU_KOPI_GAYO,Food & Beverage,220000,0,57,0,57
2025-02-19,Surabaya,SKU_BATIK_TULIS,Fashion Premium,1200000,0,12,1,0
2025-02-19,Medan,SKU_HIJAB_INSTAN,Fashion,65000,0,62,0,62
2025-02-19,Medan,SKU_KOPI_GAYO,Food & Beverage,220000,0,30,0,30
2025-02-19,Medan,SKU_BATIK_TULIS,Fashion Premium,1200000,0,6,0,6
2025-02-19,Makassar,SKU_HIJAB_INSTAN,Fashion,65000,0,65,0,65
2025-02-19,Makassar,SKU_KOPI_GAYO,Food & Beverage,220000,0,35,0,35
2025-02-19,Makassar,SKU_BATIK_TULIS,Fashion Premium,1200000,0,3,0,3
2025-02-20,Jakarta,SKU_HIJAB_INSTAN,Fashion,65000,0,191,0,191
2025-02-20,Jakarta,SKU_KOPI_GAYO,Food & Beverage,220000,0,96,0,96
2025-02-20,Jakarta,SKU_BATIK_TULIS,Fashion Premium,1200000,0,22,0,22
2025-02-20,Surabaya,SKU_HIJAB_INSTAN,Fashion,65000,0,147,0,147
2025-02-20,Surabaya,SKU_KOPI_GAYO,Food & Beverage,220000,0,50,0,50
2025-02-20,Surabaya,SKU_BATIK_TULIS,Fashion Premium,1200000,0,12,0,12
2025-02-20,Medan,SKU_HIJAB_INSTAN,Fashion,65000,0,85,0,85
2025-02-20,Medan,SKU_KOPI_GAYO,Food & Beverage,220000,0,35,0,35
2025-02-20,Medan,SKU_BATIK_TULIS,Fashion Premium,1200000,0,5,0,5
2025-02-20,Makassar,SKU_HIJAB_INSTAN,Fashion,65000,0,16,0,16
2025-02-20,Makassar,SKU_KOPI_GAYO,Food & Beverage,220000,0,23,0,23
2025-02-20,Makassar,SKU_BATIK_TULIS,Fashion Premium,1200000,0,4,0,4
2025-02-21,Jakarta,SKU_HIJAB_INSTAN,Fashion,65000,0,217,0,217
2025-02-21,Jakarta,SKU_KOPI_GAYO,Food & Beverage,220000,0,124,0,124
2025-02-21,Jakarta,SKU_BATIK_TULIS,Fashion Premium,1200000,0,24,0,24
2025-02-21,Surabaya,SKU_HIJAB_INSTAN,Fashion,65000,0,126,0,126
2025-02-21,Surabaya,SKU_KOPI_GAYO,Food & Beverage,220000,0,50,0,50
2025-02-21,Surabaya,SKU_BATIK_TULIS,Fashion Premium,1200000,0,13,0,13
2025-02-21,Medan,SKU_HIJAB_INSTAN,Fashion,65000,0,96,0,96
2025-02-21,Medan,SKU_KOPI_GAYO,Food & Beverage,220000,0,24,0,24
2025-02-21,Medan,SKU_BATIK_TULIS,Fashion Premium,1200000,0,10,0,10
2025-02-21,Makassar,SKU_HIJAB_INSTAN,Fashion,65000,0,62,1,0
2025-02-21,Makassar,SKU_KOPI_GAYO,Food & Beverage,220000,0,20,0,20
2025-02-21,Makassar,SKU_BATIK_TULIS,Fashion Premium,1200000,0,4,0,4
2025-02-22,Jakarta,SKU_HIJAB_INSTAN,Fashion,65000,0,210,0,210
2025-02-22,Jakarta,SKU_KOPI_GAYO,Food & Beverage,220000,0,107,0,107
2025-02-22,Jakarta,SKU_BATIK_TULIS,Fashion Premium,1200000,0,27,0,27
2025-02-22,Surabaya,SKU_HIJAB_INSTAN,Fashion,65000,0,160,0,160
2025-02-22,Surabaya,SKU_KOPI_GAYO,Food & Beverage,220000,0,68,0,68
2025-02-22,Surabaya,SKU_BATIK_TULIS,Fashion Premium,1200000,0,16,0,16
2025-02-22,Medan,SKU_HIJAB_INSTAN,Fashion,65000,0,89,0,89
2025-02-22,Medan,SKU_KOPI_GAYO,Food & Beverage,220000,0,44,0,44
2025-02-22,Medan,SKU_BATIK_TULIS,Fashion Premium,1200000,0,12,0,12
2025-02-22,Makassar,SKU_HIJAB_INSTAN,Fashion,65000,0,28,0,28
2025-02-22,Makassar,SKU_KOPI_GAYO,Food & Beverage,220000,0,15,0,15
2025-02-22,Makassar,SKU_BATIK_TULIS,Fashion Premium,1200000,0,2,0,2
2025-02-23,Jakarta,SKU_HIJAB_INSTAN,Fashion,65000,0,225,0,225
2025-02-23,Jakarta,SKU_KOPI_GAYO,Food & Beverage,220000,0,77,0,77
2025-02-23,Jakarta,SKU_BATIK_TULIS,Fashion Premium,1200000,0,21,0,21
2025-02-23,Surabaya,SKU_HIJAB_INSTAN,Fashion,65000,0,130,0,130
2025-02-23,Surabaya,SKU_KOPI_GAYO,Food & Beverage,220000,0,69,0,69
2025-02-23,Surabaya,SKU_BATIK_TULIS,Fashion Premium,1200000,0,12,0,12
2025-02-23,Medan,SKU_HIJAB_INSTAN,Fashion,65000,0,115,0,115
2025-02-23,Medan,SKU_KOPI_GAYO,Food & Beverage,220000,0,45,0,45
2025-02-23,Medan,SKU_BATIK_TULIS,Fashion Premium,1200000,0,15,0,15
2025-02-23,Makassar,SKU_HIJAB_INSTAN,Fashion,65000,0,34,0,34
2025-02-23,Makassar,SKU_KOPI_GAYO,Food & Beverage,220000,0,31,0,31
2025-02-23,Makassar,SKU_BATIK_TULIS,Fashion Premium,1200000,0,4,0,4
2025-02-24,Jakarta,SKU_HIJAB_INSTAN,Fashion,65000,0,165,1,0
2025-02-24,Jakarta,SKU_KOPI_GAYO,Food & Beverage,220000,0,94,0,94
2025-02-24,Jakarta,SKU_BATIK_TULIS,Fashion Premium,1200000,0,19,1,0
2025-02-24,Surabaya,SKU_HIJAB_INSTAN,Fashion,65000,0,95,0,95
2025-02-24,Surabaya,SKU_KOPI_GAYO,Food & Beverage,220000,0,57,0,57
2025-02-24,Surabaya,SKU_BATIK_TULIS,Fashion Premium,1200000,0,9,0,9
2025-02-24,Medan,SKU_HIJAB_INSTAN,Fashion,65000,0,75,0,75
2025-02-24,Medan,SKU_KOPI_GAYO,Food & Beverage,220000,0,45,0,45
2025-02-24,Medan,SKU_BATIK_TULIS,Fashion Premium,1200000,0,6,0,6
2025-02-24,Makassar,SKU_HIJAB_INSTAN,Fashion,65000,0,42,0,42
2025-02-24,Makassar,SKU_KOPI_GAYO,Food & Beverage,220000,0,12,0,12
2025-02-24,Makassar,SKU_BATIK_TULIS,Fashion Premium,1200000,0,5,0,5
2025-02-25,Jakarta,SKU_HIJAB_INSTAN,Fashion,65000,0,189,0,189
2025-02-25,Jakarta,SKU_KOPI_GAYO,Food & Beverage,176000,1,157,0,157
2025-02-25,Jakarta,SKU_BATIK_TULIS,Fashion Premium,960000,1,28,0,28
2025-02-25,Surabaya,SKU_HIJAB_INSTAN,Fashion,52000,1,206,0,206
2025-02-25,Surabaya,SKU_KOPI_GAYO,Food & Beverage,220000,0,62,0,62
2025-02-25,Surabaya,SKU_BATIK_TULIS,Fashion Premium,1200000,0,14,0,14
2025-02-25,Medan,SKU_HIJAB_INSTAN,Fashion,52000,1,149,0,149
2025-02-25,Medan,SKU_KOPI_GAYO,Food & Beverage,220000,0,38,0,38
2025-02-25,Medan,SKU_BATIK_TULIS,Fashion Premium,1200000,0,6,0,6
2025-02-25,Makassar,SKU_HIJAB_INSTAN,Fashion,52000,1,35,0,35
2025-02-25,Makassar,SKU_KOPI_GAYO,Food & Beverage,220000,0,26,0,26
2025-02-25,Makassar,SKU_BATIK_TULIS,Fashion Premium,1200000,0,5,0,5
2025-02-26,Jakarta,SKU_HIJAB_INSTAN,Fashion,65000,0,226,0,226
2025-02-26,Jakarta,SKU_KOPI_GAYO,Food & Beverage,220000,0,104,0,104
2025-02-26,Jakarta,SKU_BATIK_TULIS,Fashion Premium,1200000,0,22,0,22
2025-02-26,Surabaya,SKU_HIJAB_INSTAN,Fashion,52000,1,220,0,220
2025-02-26,Surabaya,SKU_KOPI_GAYO,Food & Beverage,220000,0,57,0,57
2025-02-26,Surabaya,SKU_BATIK_TULIS,Fashion Premium,1200000,0,12,0,12
2025-02-26,Medan,SKU_HIJAB_INSTAN,Fashion,65000,0,80,0,80
2025-02-26,Medan,SKU_KOPI_GAYO,Food & Beverage,220000,0,49,0,49
2025-02-26,Medan,SKU_BATIK_TULIS,Fashion Premium,960000,1,19,0,19
2025-02-26,Makassar,SKU_HIJAB_INSTAN,Fashion,52000,1,43,0,43
2025-02-26,Makassar,SKU_KOPI_GAYO,Food & Beverage,176000,1,20,0,20
2025-02-26,Makassar,SKU_BATIK_TULIS,Fashion Premium,960000,1,4,0,4
2025-02-27,Jakarta,SKU_HIJAB_INSTAN,Fashion,65000,0,216,0,216
2025-02-27,Jakarta,SKU_KOPI_GAYO,Food & Beverage,220000,0,104,0,104
2025-02-27,Jakarta,SKU_BATIK_TULIS,Fashion Premium,1200000,0,23,0,23
2025-02-27,Surabaya,SKU_HIJAB_INSTAN,Fashion,52000,1,190,0,190
2025-02-27,Surabaya,SKU_KOPI_GAYO,Food & Beverage,176000,1,99,0,99
2025-02-27,Surabaya,SKU_BATIK_TULIS,Fashion Premium,960000,1,17,0,17
2025-02-27,Medan,SKU_HIJAB_INSTAN,Fashion,52000,1,139,0,139
2025-02-27,Medan,SKU_KOPI_GAYO,Food & Beverage,220000,0,40,0,40
2025-02-27,Medan,SKU_BATIK_TULIS,Fashion Premium,960000,1,10,0,10
2025-02-27,Makassar,SKU_HIJAB_INSTAN,Fashion,65000,0,59,0,59
2025-02-27,Makassar,SKU_KOPI_GAYO,Food & Beverage,220000,0,16,0,16
2025-02-27,Makassar,SKU_BATIK_TULIS,Fashion Premium,1200000,0,2,0,2
2025-02-28,Jakarta,SKU_HIJAB_INSTAN,Fashion,65000,0,255,0,255
2025-02-28,Jakarta,SKU_KOPI_GAYO,Food & Beverage,220000,0,99,0,99
2025-02-28,Jakarta,SKU_BATIK_TULIS,Fashion Premium,1200000,0,27,0,27
2025-02-28,Surabaya,SKU_HIJAB_INSTAN,Fashion,52000,1,138,0,138
2025-02-28,Surabaya,SKU_KOPI_GAYO,Food & Beverage,220000,0,64,0,64
2025-02-28,Surabaya,SKU_BATIK_TULIS,Fashion Premium,1200000,0,16,0,16
2025-02-28,Medan,SKU_HIJAB_INSTAN,Fashion,52000,1,143,0,143
2025-02-28,Medan,SKU_KOPI_GAYO,Food & Beverage,220000,0,43,0,43
2025-02-28,Medan,SKU_BATIK_TULIS,Fashion Premium,960000,1,19,0,19
2025-02-28,Makassar,SKU_HIJAB_INSTAN,Fashion,65000,0,69,0,69
2025-02-28,Makassar,SKU_KOPI_GAYO,Food & Beverage,176000,1,5,0,5
2025-02-28,Makassar,SKU_BATIK_TULIS,Fashion Premium,1200000,0,2,0,2
2025-03-01,Jakarta,SKU_HIJAB_INSTAN,Fashion,65000,0,213,0,213
2025-03-01,Jakarta,SKU_KOPI_GAYO,Food & Beverage,220000,0,102,0,102
2025-03-01,Jakarta,SKU_BATIK_TULIS,Fashion Premium,1200000,0,31,0,31
2025-03-01,Surabaya,SKU_HIJAB_INSTAN,Fashion,65000,0,121,0,121
2025-03-01,Surabaya,SKU_KOPI_GAYO,Food & Beverage,220000,0,80,0,80
2025-03-01,Surabaya,SKU_BATIK_TULIS,Fashion Premium,1200000,0,12,0,12
2025-03-01,Medan,SKU_HIJAB_INSTAN,Fashion,65000,0,90,0,90
2025-03-01,Medan,SKU_KOPI_GAYO,Food & Beverage,220000,0,44,0,44
2025-03-01,Medan,SKU_BATIK_TULIS,Fashion Premium,1200000,0,10,0,10
2025-03-01,Makassar,SKU_HIJAB_INSTAN,Fashion,65000,0,24,0,24
2025-03-01,Makassar,SKU_KOPI_GAYO,Food & Beverage,220000,0,16,0,16
2025-03-01,Makassar,SKU_BATIK_TULIS,Fashion Premium,1200000,0,6,0,6
2025-03-02,Jakarta,SKU_HIJAB_INSTAN,Fashion,65000,0,254,0,254
2025-03-02,Jakarta,SKU_KOPI_GAYO,Food & Beverage,220000,0,92,0,92
2025-03-02,Jakarta,SKU_BATIK_TULIS,Fashion Premium,1200000,0,23,0,23
2025-03-02,Surabaya,SKU_HIJAB_INSTAN,Fashion,65000,0,106,0,106
2025-03-02,Surabaya,SKU_KOPI_GAYO,Food & Beverage,220000,0,57,0,57
2025-03-02,Surabaya,SKU_BATIK_TULIS,Fashion Premium,1200000,0,14,0,14
2025-03-02,Medan,SKU_HIJAB_INSTAN,Fashion,65000,0,103,0,103
2025-03-02,Medan,SKU_KOPI_GAYO,Food & Beverage,220000,0,43,0,43
2025-03-02,Medan,SKU_BATIK_TULIS,Fashion Premium,1200000,0,13,0,13
2025-03-02,Makassar,SKU_HIJAB_INSTAN,Fashion,65000,0,42,0,42
2025-03-02,Makassar,SKU_KOPI_GAYO,Food & Beverage,220000,0,2,0,2
2025-03-02,Makassar,SKU_BATIK_TULIS,Fashion Premium,1200000,0,5,0,5
2025-03-03,Jakarta,SKU_HIJAB_INSTAN,Fashion,65000,0,155,0,155
2025-03-03,Jakarta,SKU_KOPI_GAYO,Food & Beverage,220000,0,101,0,101
2025-03-03,Jakarta,SKU_BATIK_TULIS,Fashion Premium,1200000,0,16,0,16
2025-03-03,Surabaya,SKU_HIJAB_INSTAN,Fashion,65000,0,98,0,98
2025-03-03,Surabaya,SKU_KOPI_GAYO,Food & Beverage,220000,0,47,0,47
2025-03-03,Surabaya,SKU_BATIK_TULIS,Fashion Premium,1200000,0,9,0,9
2025-03-03,Medan,SKU_HIJAB_INSTAN,Fashion,65000,0,70,0,70
2025-03-03,Medan,SKU_KOPI_GAYO,Food & Beverage,220000,0,52,0,52
2025-03-03,Medan,SKU_BATIK_TULIS,Fashion Premium,1200000,0,6,0,6
2025-03-03,Makassar,SKU_HIJAB_INSTAN,Fashion,65000,0,39,0,39
2025-03-03,Makassar,SKU_KOPI_GAYO,Food & Beverage,220000,0,17,0,17
2025-03-03,Makassar,SKU_BATIK_TULIS,Fashion Premium,1200000,0,3,0,3
2025-03-04,Jakarta,SKU_HIJAB_INSTAN,Fashion,65000,0,187,0,187
2025-03-04,Jakarta,SKU_KOPI_GAYO,Food & Beverage,220000,0,94,0,94
2025-03-04,Jakarta,SKU_BATIK_TULIS,Fashion Premium,1200000,0,16,0,16
2025-03-04,Surabaya,SKU_HIJAB_INSTAN,Fashion,65000,0,121,0,121
2025-03-04,Surabaya,SKU_KOPI_GAYO,Food & Beverage,220000,0,48,0,48
2025-03-04,Surabaya,SKU_BATIK_TULIS,Fashion Premium,1200000,0,11,0,11
2025-03-04,Medan,SKU_HIJAB_INSTAN,Fashion,65000,0,84,0,84
2025-03-04,Medan,SKU_KOPI_GAYO,Food & Beverage,220000,0,23,0,23
2025-03-04,Medan,SKU_BATIK_TULIS,Fashion Premium,1200000,0,5,0,5
2025-03-04,Makassar,SKU_HIJAB_INSTAN,Fashion,65000,0,11,0,11
2025-03-04,Makassar,SKU_KOPI_GAYO,Food & Beverage,220000,0,28,0,28
2025-03-04,Makassar,SKU_BATIK_TULIS,Fashion Premium,1200000,0,2,0,2
2025-03-05,Jakarta,SKU_HIJAB_INSTAN,Fashion,65000,0,403,0,403
2025-03-05,Jakarta,SKU_KOPI_GAYO,Food & Beverage,220000,0,121,0,121
2025-03-05,Jakarta,SKU_BATIK_TULIS,Fashion Premium,1200000,0,32,0,32
2025-03-05,Surabaya,SKU_HIJAB_INSTAN,Fashion,52000,1,343,0,343
2025-03-05,Surabaya,SKU_KOPI_GAYO,Food & Beverage,220000,0,76,0,76
2025-03-05,Surabaya,SKU_BATIK_TULIS,Fashion Premium,1200000,0,21,0,21
2025-03-05,Medan,SKU_HIJAB_INSTAN,Fashion,52000,1,221,0,221
2025-03-05,Medan,SKU_KOPI_GAYO,Food & Beverage,220000,0,37,0,37
2025-03-05,Medan,SKU_BATIK_TULIS,Fashion Premium,960000,1,16,0,16
2025-03-05,Makassar,SKU_HIJAB_INSTAN,Fashion,65000,0,57,0,57
2025-03-05,Makassar,SKU_KOPI_GAYO,Food & Beverage,220000,0,12,0,12
2025-03-05,Makassar,SKU_BATIK_TULIS,Fashion Premium,1200000,0,5,0,5
2025-03-06,Jakarta,SKU_HIJAB_INSTAN,Fashion,65000,0,455,0,455
2025-03-06,Jakarta,SKU_KOPI_GAYO,Food & Beverage,220000,0,103,0,103
2025-03-06,Jakarta,SKU_BATIK_TULIS,Fashion Premium,1200000,0,39,0,39
2025-03-06,Surabaya,SKU_HIJAB_INSTAN,Fashion,52000,1,348,0,348
2025-03-06,Surabaya,SKU_KOPI_GAYO,Food & Beverage,220000,0,56,0,56
2025-03-06,Surabaya,SKU_BATIK_TULIS,Fashion Premium,960000,1,32,0,32
2025-03-06,Medan,SKU_HIJAB_INSTAN,Fashion,65000,0,141,0,141
2025-03-06,Medan,SKU_KOPI_GAYO,Food & Beverage,220000,0,50,0,50
2025-03-06,Medan,SKU_BATIK_TULIS,Fashion Premium,1200000,0,10,0,10
2025-03-06,Makassar,SKU_HIJAB_INSTAN,Fashion,65000,0,118,0,118
2025-03-06,Makassar,SKU_KOPI_GAYO,Food & Beverage,220000,0,27,0,27
2025-03-06,Makassar,SKU_BATIK_TULIS,Fashion Premium,1200000,0,12,0,12
2025-03-07,Jakarta,SKU_HIJAB_INSTAN,Fashion,65000,0,502,0,502
2025-03-07,Jakarta,SKU_KOPI_GAYO,Food & Beverage,176000,1,213,0,213
2025-03-07,Jakarta,SKU_BATIK_TULIS,Fashion Premium,1200000,0,46,0,46
2025-03-07,Surabaya,SKU_HIJAB_INSTAN,Fashion,65000,0,229,0,229
2025-03-07,Surabaya,SKU_KOPI_GAYO,Food & Beverage,220000,0,74,0,74
2025-03-07,Surabaya,SKU_BATIK_TULIS,Fashion Premium,1200000,0,27,0,27
2025-03-07,Medan,SKU_HIJAB_INSTAN,Fashion,65000,0,177,0,177
2025-03-07,Medan,SKU_KOPI_GAYO,Food & Beverage,176000,1,57,0,57
2025-03-07,Medan,SKU_BATIK_TULIS,Fashion Premium,1200000,0,20,0,20
2025-03-07,Makassar,SKU_HIJAB_INSTAN,Fashion,65000,0,109,0,109
2025-03-07,Makassar,SKU_KOPI_GAYO,Food & Beverage,220000,0,18,0,18
2025-03-07,Makassar,SKU_BATIK_TULIS,Fashion Premium,1200000,0,11,0,11
2025-03-08,Jakarta,SKU_HIJAB_INSTAN,Fashion,65000,0,531,0,531
2025-03-08,Jakarta,SKU_KOPI_GAYO,Food & Beverage,220000,0,103,0,103
2025-03-08,Jakarta,SKU_BATIK_TULIS,Fashion Premium,960000,1,75,0,75
2025-03-08,Surabaya,SKU_HIJAB_INSTAN,Fashion,65000,0,349,0,349
2025-03-08,Surabaya,SKU_KOPI_GAYO,Food & Beverage,176000,1,92,0,92
2025-03-08,Surabaya,SKU_BATIK_TULIS,Fashion Premium,1200000,0,28,0,28
2025-03-08,Medan,SKU_HIJAB_INSTAN,Fashion,65000,0,265,0,265
2025-03-08,Medan,SKU_KOPI_GAYO,Food & Beverage,220000,0,43,0,43
2025-03-08,Medan,SKU_BATIK_TULIS,Fashion Premium,1200000,0,25,0,25
2025-03-08,Makassar,SKU_HIJAB_INSTAN,Fashion,65000,0,157,0,157
2025-03-08,Makassar,SKU_KOPI_GAYO,Food & Beverage,176000,1,30,0,30
2025-03-08,Makassar,SKU_BATIK_TULIS,Fashion Premium,1200000,0,12,0,12
2025-03-09,Jakarta,SKU_HIJAB_INSTAN,Fashion,65000,0,543,0,543
2025-03-09,Jakarta,SKU_KOPI_GAYO,Food & Beverage,176000,1,159,0,159
2025-03-09,Jakarta,SKU_BATIK_TULIS,Fashion Premium,1200000,0,48,0,48
2025-03-09,Surabaya,SKU_HIJAB_INSTAN,Fashion,65000,0,352,0,352
2025-03-09,Surabaya,SKU_KOPI_GAYO,Food & Beverage,176000,1,99,0,99
2025-03-09,Surabaya,SKU_BATIK_TULIS,Fashion Premium,1200000,0,25,0,25
2025-03-09,Medan,SKU_HIJAB_INSTAN,Fashion,65000,0,142,0,142
2025-03-09,Medan,SKU_KOPI_GAYO,Food & Beverage,220000,0,39,0,39
2025-03-09,Medan,SKU_BATIK_TULIS,Fashion Premium,960000,1,31,0,31
2025-03-09,Makassar,SKU_HIJAB_INSTAN,Fashion,65000,0,129,0,129
2025-03-09,Makassar,SKU_KOPI_GAYO,Food & Beverage,220000,0,11,0,11
2025-03-09,Makassar,SKU_BATIK_TULIS,Fashion Premium,960000,1,8,0,8
2025-03-10,Jakarta,SKU_HIJAB_INSTAN,Fashion,52000,1,571,0,571
2025-03-10,Jakarta,SKU_KOPI_GAYO,Food & Beverage,176000,1,156,0,156
2025-03-10,Jakarta,SKU_BATIK_TULIS,Fashion Premium,1200000,0,26,0,26
2025-03-10,Surabaya,SKU_HIJAB_INSTAN,Fashion,65000,0,216,0,216
2025-03-10,Surabaya,SKU_KOPI_GAYO,Food & Beverage,220000,0,67,0,67
2025-03-10,Surabaya,SKU_BATIK_TULIS,Fashion Premium,1200000,0,22,0,22
2025-03-10,Medan,SKU_HIJAB_INSTAN,Fashion,65000,0,154,0,154
2025-03-10,Medan,SKU_KOPI_GAYO,Food & Beverage,220000,0,55,0,55
2025-03-10,Medan,SKU_BATIK_TULIS,Fashion Premium,1200000,0,13,0,13
2025-03-10,Makassar,SKU_HIJAB_INSTAN,Fashion,65000,0,45,0,45
2025-03-10,Makassar,SKU_KOPI_GAYO,Food & Beverage,220000,0,24,0,24
2025-03-10,Makassar,SKU_BATIK_TULIS,Fashion Premium,960000,1,7,0,7
2025-03-11,Jakarta,SKU_HIJAB_INSTAN,Fashion,65000,0,347,0,347
2025-03-11,Jakarta,SKU_KOPI_GAYO,Food & Beverage,176000,1,162,0,162
2025-03-11,Jakarta,SKU_BATIK_TULIS,Fashion Premium,1200000,0,32,0,32
2025-03-11,Surabaya,SKU_HIJAB_INSTAN,Fashion,52000,1,357,0,357
2025-03-11,Surabaya,SKU_KOPI_GAYO,Food & Beverage,220000,0,55,0,55
2025-03-11,Surabaya,SKU_BATIK_TULIS,Fashion Premium,960000,1,30,0,30
2025-03-11,Medan,SKU_HIJAB_INSTAN,Fashion,65000,0,130,0,130
2025-03-11,Medan,SKU_KOPI_GAYO,Food & Beverage,176000,1,55,0,55
2025-03-11,Medan,SKU_BATIK_TULIS,Fashion Premium,960000,1,18,0,18
2025-03-11,Makassar,SKU_HIJAB_INSTAN,Fashion,52000,1,157,0,157
2025-03-11,Makassar,SKU_KOPI_GAYO,Food & Beverage,220000,0,15,0,15
2025-03-11,Makassar,SKU_BATIK_TULIS,Fashion Premium,1200000,0,6,0,6
2025-03-12,Jakarta,SKU_HIJAB_INSTAN,Fashion,65000,0,353,0,353
2025-03-12,Jakarta,SKU_KOPI_GAYO,Food & Beverage,220000,0,105,0,105
2025-03-12,Jakarta,SKU_BATIK_TULIS,Fashion Premium,960000,1,53,0,53
2025-03-12,Surabaya,SKU_HIJAB_INSTAN,Fashion,52000,1,373,0,373
2025-03-12,Surabaya,SKU_KOPI_GAYO,Food & Beverage,176000,1,90,0,90
2025-03-12,Surabaya,SKU_BATIK_TULIS,Fashion Premium,1200000,0,17,0,17
2025-03-12,Medan,SKU_HIJAB_INSTAN,Fashion,65000,0,187,0,187
2025-03-12,Medan,SKU_KOPI_GAYO,Food & Beverage,176000,1,64,0,64
2025-03-12,Medan,SKU_BATIK_TULIS,Fashion Premium,1200000,0,12,0,12
2025-03-12,Makassar,SKU_HIJAB_INSTAN,Fashion,52000,1,107,0,107
2025-03-12,Makassar,SKU_KOPI_GAYO,Food & Beverage,176000,1,31,0,31
2025-03-12,Makassar,SKU_BATIK_TULIS,Fashion Premium,1200000,0,4,0,4
2025-03-13,Jakarta,SKU_HIJAB_INSTAN,Fashion,65000,0,351,0,351
2025-03-13,Jakarta,SKU_KOPI_GAYO,Food & Beverage,176000,1,171,0,171
2025-03-13,Jakarta,SKU_BATIK_TULIS,Fashion Premium,1200000,0,35,0,35
2025-03-13,Surabaya,SKU_HIJAB_INSTAN,Fashion,65000,0,240,0,240
2025-03-13,Surabaya,SKU_KOPI_GAYO,Food & Beverage,176000,1,98,0,98
2025-03-13,Surabaya,SKU_BATIK_TULIS,Fashion Premium,1200000,0,24,0,24
2025-03-13,Medan,SKU_HIJAB_INSTAN,Fashion,65000,0,197,0,197
2025-03-13,Medan,SKU_KOPI_GAYO,Food & Beverage,176000,1,81,0,81
2025-03-13,Medan,SKU_BATIK_TULIS,Fashion Premium,960000,1,23,0,23
2025-03-13,Makassar,SKU_HIJAB_INSTAN,Fashion,65000,0,80,0,80
2025-03-13,Makassar,SKU_KOPI_GAYO,Food & Beverage,220000,0,24,0,24
2025-03-13,Makassar,SKU_BATIK_TULIS,Fashion Premium,960000,1,8,0,8
2025-03-14,Jakarta,SKU_HIJAB_INSTAN,Fashion,65000,0,461,0,461
2025-03-14,Jakarta,SKU_KOPI_GAYO,Food & Beverage,176000,1,165,0,165
2025-03-14,Jakarta,SKU_BATIK_TULIS,Fashion Premium,1200000,0,40,0,40
2025-03-14,Surabaya,SKU_HIJAB_INSTAN,Fashion,52000,1,449,0,449
2025-03-14,Surabaya,SKU_KOPI_GAYO,Food & Beverage,176000,1,121,0,121
2025-03-14,Surabaya,SKU_BATIK_TULIS,Fashion Premium,1200000,0,24,0,24
2025-03-14,Medan,SKU_HIJAB_INSTAN,Fashion,52000,1,293,0,293
2025-03-14,Medan,SKU_KOPI_GAYO,Food & Beverage,176000,1,48,0,48
2025-03-14,Medan,SKU_BATIK_TULIS,Fashion Premium,1200000,0,19,0,19
2025-03-14,Makassar,SKU_HIJAB_INSTAN,Fashion,52000,1,162,0,162
2025-03-14,Makassar,SKU_KOPI_GAYO,Food & Beverage,220000,0,21,0,21
2025-03-14,Makassar,SKU_BATIK_TULIS,Fashion Premium,960000,1,4,0,4
2025-03-15,Jakarta,SKU_HIJAB_INSTAN,Fashion,52000,1,753,0,753
2025-03-15,Jakarta,SKU_KOPI_GAYO,Food & Beverage,220000,0,120,0,120
2025-03-15,Jakarta,SKU_BATIK_TULIS,Fashion Premium,1200000,0,44,0,44
2025-03-15,Surabaya,SKU_HIJAB_INSTAN,Fashion,65000,0,310,1,0
2025-03-15,Surabaya,SKU_KOPI_GAYO,Food & Beverage,220000,0,66,0,66
2025-03-15,Surabaya,SKU_BATIK_TULIS,Fashion Premium,1200000,0,30,0,30
2025-03-15,Medan,SKU_HIJAB_INSTAN,Fashion,65000,0,253,0,253
2025-03-15,Medan,SKU_KOPI_GAYO,Food & Beverage,220000,0,64,0,64
2025-03-15,Medan,SKU_BATIK_TULIS,Fashion Premium,960000,1,37,0,37
2025-03-15,Makassar,SKU_HIJAB_INSTAN,Fashion,52000,1,101,0,101
2025-03-15,Makassar,SKU_KOPI_GAYO,Food & Beverage,220000,0,17,0,17
2025-03-15,Makassar,SKU_BATIK_TULIS,Fashion Premium,1200000,0,7,0,7
2025-03-16,Jakarta,SKU_HIJAB_INSTAN,Fashion,65000,0,474,0,474
2025-03-16,Jakarta,SKU_KOPI_GAYO,Food & Beverage,220000,0,113,0,113
2025-03-16,Jakarta,SKU_BATIK_TULIS,Fashion Premium,1200000,0,46,0,46
2025-03-16,Surabaya,SKU_HIJAB_INSTAN,Fashion,65000,0,375,0,375
2025-03-16,Surabaya,SKU_KOPI_GAYO,Food & Beverage,220000,0,71,0,71
2025-03-16,Surabaya,SKU_BATIK_TULIS,Fashion Premium,1200000,0,29,0,29
2025-03-16,Medan,SKU_HIJAB_INSTAN,Fashion,65000,0,159,0,159
2025-03-16,Medan,SKU_KOPI_GAYO,Food & Beverage,220000,0,66,0,66
2025-03-16,Medan,SKU_BATIK_TULIS,Fashion Premium,960000,1,30,0,30
2025-03-16,Makassar,SKU_HIJAB_INSTAN,Fashion,65000,0,113,0,113
2025-03-16,Makassar,SKU_KOPI_GAYO,Food & Beverage,220000,0,41,0,41
2025-03-16,Makassar,SKU_BATIK_TULIS,Fashion Premium,960000,1,9,0,9
2025-03-17,Jakarta,SKU_HIJAB_INSTAN,Fashion,65000,0,390,0,390
2025-03-17,Jakarta,SKU_KOPI_GAYO,Food & Beverage,176000,1,178,0,178
2025-03-17,Jakarta,SKU_BATIK_TULIS,Fashion Premium,960000,1,52,0,52
2025-03-17,Surabaya,SKU_HIJAB_INSTAN,Fashion,65000,0,295,0,295
2025-03-17,Surabaya,SKU_KOPI_GAYO,Food & Beverage,220000,0,81,0,81
2025-03-17,Surabaya,SKU_BATIK_TULIS,Fashion Premium,1200000,0,21,0,21
2025-03-17,Medan,SKU_HIJAB_INSTAN,Fashion,65000,0,153,0,153
2025-03-17,Medan,SKU_KOPI_GAYO,Food & Beverage,220000,0,46,0,46
2025-03-17,Medan,SKU_BATIK_TULIS,Fashion Premium,1200000,0,9,0,9
2025-03-17,Makassar,SKU_HIJAB_INSTAN,Fashion,52000,1,160,0,160
2025-03-17,Makassar,SKU_KOPI_GAYO,Food & Beverage,176000,1,25,0,25
2025-03-17,Makassar,SKU_BATIK_TULIS,Fashion Premium,1200000,0,3,0,3
2025-03-18,Jakarta,SKU_HIJAB_INSTAN,Fashion,65000,0,386,0,386
2025-03-18,Jakarta,SKU_KOPI_GAYO,Food & Beverage,220000,0,127,0,127
2025-03-18,Jakarta,SKU_BATIK_TULIS,Fashion Premium,1200000,0,38,0,38
2025-03-18,Surabaya,SKU_HIJAB_INSTAN,Fashion,65000,0,317,0,317
2025-03-18,Surabaya,SKU_KOPI_GAYO,Food & Beverage,220000,0,64,0,64
2025-03-18,Surabaya,SKU_BATIK_TULIS,Fashion Premium,1200000,0,20,0,20
2025-03-18,Medan,SKU_HIJAB_INSTAN,Fashion,65000,0,168,0,168
2025-03-18,Medan,SKU_KOPI_GAYO,Food & Beverage,220000,0,35,0,35
2025-03-18,Medan,SKU_BATIK_TULIS,Fashion Premium,1200000,0,13,0,13
2025-03-18,Makassar,SKU_HIJAB_INSTAN,Fashion,52000,1,117,0,117
2025-03-18,Makassar,SKU_KOPI_GAYO,Food & Beverage,220000,0,21,0,21
2025-03-18,Makassar,SKU_BATIK_TULIS,Fashion Premium,1200000,0,4,0,4
2025-03-19,Jakarta,SKU_HIJAB_INSTAN,Fashion,65000,0,402,0,402
2025-03-19,Jakarta,SKU_KOPI_GAYO,Food & Beverage,176000,1,151,0,151
2025-03-19,Jakarta,SKU_BATIK_TULIS,Fashion Premium,1200000,0,33,0,33
2025-03-19,Surabaya,SKU_HIJAB_INSTAN,Fashion,65000,0,229,0,229
2025-03-19,Surabaya,SKU_KOPI_GAYO,Food & Beverage,220000,0,78,0,78
2025-03-19,Surabaya,SKU_BATIK_TULIS,Fashion Premium,1200000,0,19,0,19
2025-03-19,Medan,SKU_HIJAB_INSTAN,Fashion,65000,0,180,0,180
2025-03-19,Medan,SKU_KOPI_GAYO,Food & Beverage,220000,0,59,0,59
2025-03-19,Medan,SKU_BATIK_TULIS,Fashion Premium,1200000,0,16,1,0
2025-03-19,Makassar,SKU_HIJAB_INSTAN,Fashion,65000,0,94,0,94
2025-03-19,Makassar,SKU_KOPI_GAYO,Food & Beverage,176000,1,53,0,53
2025-03-19,Makassar,SKU_BATIK_TULIS,Fashion Premium,1200000,0,7,0,7
2025-03-20,Jakarta,SKU_HIJAB_INSTAN,Fashion,65000,0,401,0,401
2025-03-20,Jakarta,SKU_KOPI_GAYO,Food & Beverage,220000,0,99,0,99
2025-03-20,Jakarta,SKU_BATIK_TULIS,Fashion Premium,960000,1,57,0,57
2025-03-20,Surabaya,SKU_HIJAB_INSTAN,Fashion,52000,1,474,0,474
2025-03-20,Surabaya,SKU_KOPI_GAYO,Food & Beverage,220000,0,70,0,70
2025-03-20,Surabaya,SKU_BATIK_TULIS,Fashion Premium,1200000,0,24,0,24
2025-03-20,Medan,SKU_HIJAB_INSTAN,Fashion,65000,0,192,0,192
2025-03-20,Medan,SKU_KOPI_GAYO,Food & Beverage,220000,0,39,0,39
2025-03-20,Medan,SKU_BATIK_TULIS,Fashion Premium,960000,1,31,0,31
2025-03-20,Makassar,SKU_HIJAB_INSTAN,Fashion,65000,0,56,0,56
2025-03-20,Makassar,SKU_KOPI_GAYO,Food & Beverage,220000,0,39,0,39
2025-03-20,Makassar,SKU_BATIK_TULIS,Fashion Premium,1200000,0,5,0,5
2025-03-21,Jakarta,SKU_HIJAB_INSTAN,Fashion,65000,0,407,0,407
2025-03-21,Jakarta,SKU_KOPI_GAYO,Food & Beverage,220000,0,119,0,119
2025-03-21,Jakarta,SKU_BATIK_TULIS,Fashion Premium,960000,1,65,0,65
2025-03-21,Surabaya,SKU_HIJAB_INSTAN,Fashion,65000,0,217,0,217
2025-03-21,Surabaya,SKU_KOPI_GAYO,Food & Beverage,220000,0,75,0,75
2025-03-21,Surabaya,SKU_BATIK_TULIS,Fashion Premium,960000,1,31,0,31
2025-03-21,Medan,SKU_HIJAB_INSTAN,Fashion,52000,1,323,0,323
2025-03-21,Medan,SKU_KOPI_GAYO,Food & Beverage,176000,1,71,0,71
2025-03-21,Medan,SKU_BATIK_TULIS,Fashion Premium,1200000,0,19,0,19
2025-03-21,Makassar,SKU_HIJAB_INSTAN,Fashion,52000,1,217,0,217
2025-03-21,Makassar,SKU_KOPI_GAYO,Food & Beverage,176000,1,32,0,32
2025-03-21,Makassar,SKU_BATIK_TULIS,Fashion Premium,1200000,0,12,0,12
2025-03-22,Jakarta,SKU_HIJAB_INSTAN,Fashion,65000,0,535,0,535
2025-03-22,Jakarta,SKU_KOPI_GAYO,Food & Beverage,176000,1,191,1,0
2025-03-22,Jakarta,SKU_BATIK_TULIS,Fashion Premium,960000,1,64,0,64
2025-03-22,Surabaya,SKU_HIJAB_INSTAN,Fashion,65000,0,289,0,289
2025-03-22,Surabaya,SKU_KOPI_GAYO,Food & Beverage,176000,1,111,0,111
2025-03-22,Surabaya,SKU_BATIK_TULIS,Fashion Premium,1200000,0,31,0,31
2025-03-22,Medan,SKU_HIJAB_INSTAN,Fashion,65000,0,231,0,231
2025-03-22,Medan,SKU_KOPI_GAYO,Food & Beverage,220000,0,40,0,40
2025-03-22,Medan,SKU_BATIK_TULIS,Fashion Premium,1200000,0,19,0,19
2025-03-22,Makassar,SKU_HIJAB_INSTAN,Fashion,65000,0,28,0,28
2025-03-22,Makassar,SKU_KOPI_GAYO,Food & Beverage,220000,0,29,0,29
2025-03-22,Makassar,SKU_BATIK_TULIS,Fashion Premium,1200000,0,12,0,12
2025-03-23,Jakarta,SKU_HIJAB_INSTAN,Fashion,52000,1,710,0,710
2025-03-23,Jakarta,SKU_KOPI_GAYO,Food & Beverage,220000,0,123,0,123
2025-03-23,Jakarta,SKU_BATIK_TULIS,Fashion Premium,960000,1,56,0,56
2025-03-23,Surabaya,SKU_HIJAB_INSTAN,Fashion,65000,0,294,0,294
2025-03-23,Surabaya,SKU_KOPI_GAYO,Food & Beverage,176000,1,81,0,81
2025-03-23,Surabaya,SKU_BATIK_TULIS,Fashion Premium,960000,1,36,0,36
2025-03-23,Medan,SKU_HIJAB_INSTAN,Fashion,52000,1,260,1,0
2025-03-23,Medan,SKU_KOPI_GAYO,Food & Beverage,176000,1,86,1,0
2025-03-23,Medan,SKU_BATIK_TULIS,Fashion Premium,1200000,0,14,0,14
2025-03-23,Makassar,SKU_HIJAB_INSTAN,Fashion,52000,1,114,0,114
2025-03-23,Makassar,SKU_KOPI_GAYO,Food & Beverage,176000,1,50,0,50
2025-03-23,Makassar,SKU_BATIK_TULIS,Fashion Premium,1200000,0,12,1,0
2025-03-24,Jakarta,SKU_HIJAB_INSTAN,Fashion,65000,0,372,0,372
2025-03-24,Jakarta,SKU_KOPI_GAYO,Food & Beverage,220000,0,109,0,109
2025-03-24,Jakarta,SKU_BATIK_TULIS,Fashion Premium,1200000,0,29,0,29
2025-03-24,Surabaya,SKU_HIJAB_INSTAN,Fashion,65000,0,249,0,249
2025-03-24,Surabaya,SKU_KOPI_GAYO,Food & Beverage,220000,0,43,0,43
2025-03-24,Surabaya,SKU_BATIK_TULIS,Fashion Premium,960000,1,27,0,27
2025-03-24,Medan,SKU_HIJAB_INSTAN,Fashion,65000,0,173,1,0
2025-03-24,Medan,SKU_KOPI_GAYO,Food & Beverage,220000,0,40,1,0
2025-03-24,Medan,SKU_BATIK_TULIS,Fashion Premium,960000,1,16,0,16
2025-03-24,Makassar,SKU_HIJAB_INSTAN,Fashion,65000,0,67,0,67
2025-03-24,Makassar,SKU_KOPI_GAYO,Food & Beverage,176000,1,35,0,35
2025-03-24,Makassar,SKU_BATIK_TULIS,Fashion Premium,960000,1,11,1,0
2025-03-25,Jakarta,SKU_HIJAB_INSTAN,Fashion,65000,0,361,0,361
2025-03-25,Jakarta,SKU_KOPI_GAYO,Food & Beverage,176000,1,185,0,185
2025-03-25,Jakarta,SKU_BATIK_TULIS,Fashion Premium,960000,1,53,0,53
2025-03-25,Surabaya,SKU_HIJAB_INSTAN,Fashion,65000,0,253,0,253
2025-03-25,Surabaya,SKU_KOPI_GAYO,Food & Beverage,220000,0,71,0,71
2025-03-25,Surabaya,SKU_BATIK_TULIS,Fashion Premium,960000,1,32,0,32
2025-03-25,Medan,SKU_HIJAB_INSTAN,Fashion,65000,0,165,0,165
2025-03-25,Medan,SKU_KOPI_GAYO,Food & Beverage,176000,1,83,0,83
2025-03-25,Medan,SKU_BATIK_TULIS,Fashion Premium,960000,1,17,0,17
2025-03-25,Makassar,SKU_HIJAB_INSTAN,Fashion,52000,1,185,0,185
2025-03-25,Makassar,SKU_KOPI_GAYO,Food & Beverage,220000,0,29,1,0
2025-03-25,Makassar,SKU_BATIK_TULIS,Fashion Premium,960000,1,15,1,0
2025-03-26,Jakarta,SKU_HIJAB_INSTAN,Fashion,65000,0,523,0,523
2025-03-26,Jakarta,SKU_KOPI_GAYO,Food & Beverage,176000,1,163,0,163
2025-03-26,Jakarta,SKU_BATIK_TULIS,Fashion Premium,960000,1,53,0,53
2025-03-26,Surabaya,SKU_HIJAB_INSTAN,Fashion,65000,0,252,0,252
2025-03-26,Surabaya,SKU_KOPI_GAYO,Food & Beverage,176000,1,103,0,103
2025-03-26,Surabaya,SKU_BATIK_TULIS,Fashion Premium,960000,1,29,0,29
2025-03-26,Medan,SKU_HIJAB_INSTAN,Fashion,52000,1,199,1,0
2025-03-26,Medan,SKU_KOPI_GAYO,Food & Beverage,220000,0,57,0,57
2025-03-26,Medan,SKU_BATIK_TULIS,Fashion Premium,1200000,0,16,0,16
2025-03-26,Makassar,SKU_HIJAB_INSTAN,Fashion,52000,1,85,0,85
2025-03-26,Makassar,SKU_KOPI_GAYO,Food & Beverage,220000,0,22,0,22
2025-03-26,Makassar,SKU_BATIK_TULIS,Fashion Premium,1200000,0,10,0,10
2025-03-27,Jakarta,SKU_HIJAB_INSTAN,Fashion,65000,0,485,0,485
2025-03-27,Jakarta,SKU_KOPI_GAYO,Food & Beverage,176000,1,200,0,200
2025-03-27,Jakarta,SKU_BATIK_TULIS,Fashion Premium,960000,1,56,0,56
2025-03-27,Surabaya,SKU_HIJAB_INSTAN,Fashion,52000,1,442,0,442
2025-03-27,Surabaya,SKU_KOPI_GAYO,Food & Beverage,176000,1,115,0,115
2025-03-27,Surabaya,SKU_BATIK_TULIS,Fashion Premium,960000,1,34,0,34
2025-03-27,Medan,SKU_HIJAB_INSTAN,Fashion,52000,1,322,0,322
2025-03-27,Medan,SKU_KOPI_GAYO,Food & Beverage,176000,1,68,1,0
2025-03-27,Medan,SKU_BATIK_TULIS,Fashion Premium,1200000,0,17,1,0
2025-03-27,Makassar,SKU_HIJAB_INSTAN,Fashion,52000,1,169,1,0
2025-03-27,Makassar,SKU_KOPI_GAYO,Food & Beverage,176000,1,40,0,40
2025-03-27,Makassar,SKU_BATIK_TULIS,Fashion Premium,1200000,0,4,1,0
2025-03-28,Jakarta,SKU_HIJAB_INSTAN,Fashion,52000,1,696,0,696
2025-03-28,Jakarta,SKU_KOPI_GAYO,Food & Beverage,220000,0,125,0,125
2025-03-28,Jakarta,SKU_BATIK_TULIS,Fashion Premium,1200000,0,49,0,49
2025-03-28,Surabaya,SKU_HIJAB_INSTAN,Fashion,65000,0,267,0,267
2025-03-28,Surabaya,SKU_KOPI_GAYO,Food & Beverage,176000,1,100,0,100
2025-03-28,Surabaya,SKU_BATIK_TULIS,Fashion Premium,1200000,0,17,0,17
2025-03-28,Medan,SKU_HIJAB_INSTAN,Fashion,65000,0,157,1,0
2025-03-28,Medan,SKU_KOPI_GAYO,Food & Beverage,220000,0,43,0,43
2025-03-28,Medan,SKU_BATIK_TULIS,Fashion Premium,960000,1,18,1,0
2025-03-28,Makassar,SKU_HIJAB_INSTAN,Fashion,52000,1,172,0,172
2025-03-28,Makassar,SKU_KOPI_GAYO,Food & Beverage,176000,1,42,0,42
2025-03-28,Makassar,SKU_BATIK_TULIS,Fashion Premium,1200000,0,11,0,11
2025-03-29,Jakarta,SKU_HIJAB_INSTAN,Fashion,65000,0,503,0,503
2025-03-29,Jakarta,SKU_KOPI_GAYO,Food & Beverage,220000,0,110,1,0
2025-03-29,Jakarta,SKU_BATIK_TULIS,Fashion Premium,1200000,0,49,1,0
2025-03-29,Surabaya,SKU_HIJAB_INSTAN,Fashion,65000,0,352,0,352
2025-03-29,Surabaya,SKU_KOPI_GAYO,Food & Beverage,220000,0,78,0,78
2025-03-29,Surabaya,SKU_BATIK_TULIS,Fashion Premium,1200000,0,28,0,28
2025-03-29,Medan,SKU_HIJAB_INSTAN,Fashion,65000,0,203,1,0
2025-03-29,Medan,SKU_KOPI_GAYO,Food & Beverage,220000,0,35,1,0
2025-03-29,Medan,SKU_BATIK_TULIS,Fashion Premium,1200000,0,19,0,19
2025-03-29,Makassar,SKU_HIJAB_INSTAN,Fashion,65000,0,59,1,0
2025-03-29,Makassar,SKU_KOPI_GAYO,Food & Beverage,176000,1,39,0,39
2025-03-29,Makassar,SKU_BATIK_TULIS,Fashion Premium,960000,1,11,0,11
2025-03-30,Jakarta,SKU_HIJAB_INSTAN,Fashion,65000,0,411,0,411
2025-03-30,Jakarta,SKU_KOPI_GAYO,Food & Beverage,176000,1,180,0,180
2025-03-30,Jakarta,SKU_BATIK_TULIS,Fashion Premium,1200000,0,43,0,43
2025-03-30,Surabaya,SKU_HIJAB_INSTAN,Fashion,65000,0,269,0,269
2025-03-30,Surabaya,SKU_KOPI_GAYO,Food & Beverage,220000,0,64,0,64
2025-03-30,Surabaya,SKU_BATIK_TULIS,Fashion Premium,1200000,0,21,0,21
2025-03-30,Medan,SKU_HIJAB_INSTAN,Fashion,65000,0,144,0,144
2025-03-30,Medan,SKU_KOPI_GAYO,Food & Beverage,220000,0,47,0,47
2025-03-30,Medan,SKU_BATIK_TULIS,Fashion Premium,1200000,0,19,0,19
2025-03-30,Makassar,SKU_HIJAB_INSTAN,Fashion,65000,0,169,0,169
2025-03-30,Makassar,SKU_KOPI_GAYO,Food & Beverage,176000,1,28,0,28
2025-03-30,Makassar,SKU_BATIK_TULIS,Fashion Premium,1200000,0,3,0,3
2025-03-31,Jakarta,SKU_HIJAB_INSTAN,Fashion,65000,0,26,0,26
2025-03-31,Jakarta,SKU_KOPI_GAYO,Food & Beverage,220000,0,13,0,13
2025-03-31,Jakarta,SKU_BATIK_TULIS,Fashion Premium,1200000,0,2,0,2
2025-03-31,Surabaya,SKU_HIJAB_INSTAN,Fashion,65000,0,15,0,15
2025-03-31,Surabaya,SKU_KOPI_GAYO,Food & Beverage,220000,0,8,0,8
2025-03-31,Surabaya,SKU_BATIK_TULIS,Fashion Premium,1200000,0,2,0,2
2025-03-31,Medan,SKU_HIJAB_INSTAN,Fashion,65000,0,11,0,11
2025-03-31,Medan,SKU_KOPI_GAYO,Food & Beverage,220000,0,7,0,7
2025-03-31,Medan,SKU_BATIK_TULIS,Fashion Premium,1200000,0,2,0,2
2025-03-31,Makassar,SKU_HIJAB_INSTAN,Fashion,65000,0,8,0,8
2025-03-31,Makassar,SKU_KOPI_GAYO,Food & Beverage,220000,0,3,0,3
2025-03-31,Makassar,SKU_BATIK_TULIS,Fashion Premium,1200000,0,2,0,2
2025-04-01,Jakarta,SKU_HIJAB_INSTAN,Fashion,65000,0,24,0,24
2025-04-01,Jakarta,SKU_KOPI_GAYO,Food & Beverage,220000,0,13,0,13
2025-04-01,Jakarta,SKU_BATIK_TULIS,Fashion Premium,1200000,0,2,0,2
2025-04-01,Surabaya,SKU_HIJAB_INSTAN,Fashion,65000,0,13,0,13
2025-04-01,Surabaya,SKU_KOPI_GAYO,Food & Beverage,220000,0,8,0,8
2025-04-01,Surabaya,SKU_BATIK_TULIS,Fashion Premium,1200000,0,2,0,2
2025-04-01,Medan,SKU_HIJAB_INSTAN,Fashion,65000,0,12,0,12
2025-04-01,Medan,SKU_KOPI_GAYO,Food & Beverage,220000,0,6,0,6
2025-04-01,Medan,SKU_BATIK_TULIS,Fashion Premium,1200000,0,2,0,2
2025-04-01,Makassar,SKU_HIJAB_INSTAN,Fashion,65000,0,8,0,8
2025-04-01,Makassar,SKU_KOPI_GAYO,Food & Beverage,220000,0,3,0,3
2025-04-01,Makassar,SKU_BATIK_TULIS,Fashion Premium,1200000,0,2,1,0
2025-04-02,Jakarta,SKU_HIJAB_INSTAN,Fashion,65000,0,30,0,30
2025-04-02,Jakarta,SKU_KOPI_GAYO,Food & Beverage,220000,0,14,1,0
2025-04-02,Jakarta,SKU_BATIK_TULIS,Fashion Premium,1200000,0,2,0,2
2025-04-02,Surabaya,SKU_HIJAB_INSTAN,Fashion,65000,0,16,0,16
2025-04-02,Surabaya,SKU_KOPI_GAYO,Food & Beverage,220000,0,6,0,6
2025-04-02,Surabaya,SKU_BATIK_TULIS,Fashion Premium,1200000,0,2,0,2
2025-04-02,Medan,SKU_HIJAB_INSTAN,Fashion,65000,0,11,0,11
2025-04-02,Medan,SKU_KOPI_GAYO,Food & Beverage,220000,0,4,0,4
2025-04-02,Medan,SKU_BATIK_TULIS,Fashion Premium,1200000,0,2,0,2
2025-04-02,Makassar,SKU_HIJAB_INSTAN,Fashion,65000,0,7,0,7
2025-04-02,Makassar,SKU_KOPI_GAYO,Food & Beverage,220000,0,3,0,3
2025-04-02,Makassar,SKU_BATIK_TULIS,Fashion Premium,1200000,0,2,0,2
2025-04-03,Jakarta,SKU_HIJAB_INSTAN,Fashion,65000,0,191,0,191
2025-04-03,Jakarta,SKU_KOPI_GAYO,Food & Beverage,220000,0,97,0,97
2025-04-03,Jakarta,SKU_BATIK_TULIS,Fashion Premium,1200000,0,21,1,0
2025-04-03,Surabaya,SKU_HIJAB_INSTAN,Fashion,65000,0,103,0,103
2025-04-03,Surabaya,SKU_KOPI_GAYO,Food & Beverage,220000,0,56,0,56
2025-04-03,Surabaya,SKU_BATIK_TULIS,Fashion Premium,1200000,0,12,0,12
2025-04-03,Medan,SKU_HIJAB_INSTAN,Fashion,65000,0,74,1,0
2025-04-03,Medan,SKU_KOPI_GAYO,Food & Beverage,220000,0,36,0,36
2025-04-03,Medan,SKU_BATIK_TULIS,Fashion Premium,1200000,0,11,0,11
2025-04-03,Makassar,SKU_HIJAB_INSTAN,Fashion,65000,0,49,0,49
2025-04-03,Makassar,SKU_KOPI_GAYO,Food & Beverage,220000,0,11,0,11
2025-04-03,Makassar,SKU_BATIK_TULIS,Fashion Premium,1200000,0,4,0,4
2025-04-04,Jakarta,SKU_HIJAB_INSTAN,Fashion,65000,0,189,0,189
2025-04-04,Jakarta,SKU_KOPI_GAYO,Food & Beverage,220000,0,102,0,102
2025-04-04,Jakarta,SKU_BATIK_TULIS,Fashion Premium,1200000,0,23,0,23
2025-04-04,Surabaya,SKU_HIJAB_INSTAN,Fashion,65000,0,127,0,127
2025-04-04,Surabaya,SKU_KOPI_GAYO,Food & Beverage,220000,0,60,0,60
2025-04-04,Surabaya,SKU_BATIK_TULIS,Fashion Premium,1200000,0,11,0,11
2025-04-04,Medan,SKU_HIJAB_INSTAN,Fashion,65000,0,85,0,85
2025-04-04,Medan,SKU_KOPI_GAYO,Food & Beverage,220000,0,36,0,36
2025-04-04,Medan,SKU_BATIK_TULIS,Fashion Premium,1200000,0,10,0,10
2025-04-04,Makassar,SKU_HIJAB_INSTAN,Fashion,65000,0,50,0,50
2025-04-04,Makassar,SKU_KOPI_GAYO,Food & Beverage,220000,0,12,0,12
2025-04-04,Makassar,SKU_BATIK_TULIS,Fashion Premium,1200000,0,4,0,4
2025-04-05,Jakarta,SKU_HIJAB_INSTAN,Fashion,65000,0,192,0,192
2025-04-05,Jakarta,SKU_KOPI_GAYO,Food & Beverage,220000,0,108,0,108
2025-04-05,Jakarta,SKU_BATIK_TULIS,Fashion Premium,1200000,0,27,0,27
2025-04-05,Surabaya,SKU_HIJAB_INSTAN,Fashion,65000,0,107,0,107
2025-04-05,Surabaya,SKU_KOPI_GAYO,Food & Beverage,220000,0,50,0,50
2025-04-05,Surabaya,SKU_BATIK_TULIS,Fashion Premium,1200000,0,14,0,14
2025-04-05,Medan,SKU_HIJAB_INSTAN,Fashion,65000,0,88,0,88
2025-04-05,Medan,SKU_KOPI_GAYO,Food & Beverage,220000,0,42,0,42
2025-04-05,Medan,SKU_BATIK_TULIS,Fashion Premium,1200000,0,11,0,11
2025-04-05,Makassar,SKU_HIJAB_INSTAN,Fashion,65000,0,22,0,22
2025-04-05,Makassar,SKU_KOPI_GAYO,Food & Beverage,220000,0,20,0,20
2025-04-05,Makassar,SKU_BATIK_TULIS,Fashion Premium,1200000,0,2,0,2
2025-04-06,Jakarta,SKU_HIJAB_INSTAN,Fashion,65000,0,217,0,217
2025-04-06,Jakarta,SKU_KOPI_GAYO,Food & Beverage,220000,0,105,0,105
2025-04-06,Jakarta,SKU_BATIK_TULIS,Fashion Premium,1200000,0,23,0,23
2025-04-06,Surabaya,SKU_HIJAB_INSTAN,Fashion,65000,0,166,0,166
2025-04-06,Surabaya,SKU_KOPI_GAYO,Food & Beverage,220000,0,52,0,52
2025-04-06,Surabaya,SKU_BATIK_TULIS,Fashion Premium,1200000,0,16,0,16
2025-04-06,Medan,SKU_HIJAB_INSTAN,Fashion,65000,0,68,0,68
2025-04-06,Medan,SKU_KOPI_GAYO,Food & Beverage,220000,0,34,0,34
2025-04-06,Medan,SKU_BATIK_TULIS,Fashion Premium,1200000,0,10,0,10
2025-04-06,Makassar,SKU_HIJAB_INSTAN,Fashion,65000,0,93,0,93
2025-04-06,Makassar,SKU_KOPI_GAYO,Food & Beverage,220000,0,28,0,28
2025-04-06,Makassar,SKU_BATIK_TULIS,Fashion Premium,1200000,0,2,0,2
2025-04-07,Jakarta,SKU_HIJAB_INSTAN,Fashion,65000,0,189,0,189
2025-04-07,Jakarta,SKU_KOPI_GAYO,Food & Beverage,220000,0,100,0,100
2025-04-07,Jakarta,SKU_BATIK_TULIS,Fashion Premium,1200000,0,17,0,17
2025-04-07,Surabaya,SKU_HIJAB_INSTAN,Fashion,65000,0,120,0,120
2025-04-07,Surabaya,SKU_KOPI_GAYO,Food & Beverage,220000,0,65,0,65
2025-04-07,Surabaya,SKU_BATIK_TULIS,Fashion Premium,1200000,0,9,0,9
2025-04-07,Medan,SKU_HIJAB_INSTAN,Fashion,65000,0,74,0,74
2025-04-07,Medan,SKU_KOPI_GAYO,Food & Beverage,220000,0,33,0,33
2025-04-07,Medan,SKU_BATIK_TULIS,Fashion Premium,1200000,0,5,0,5
2025-04-07,Makassar,SKU_HIJAB_INSTAN,Fashion,65000,0,18,0,18
2025-04-07,Makassar,SKU_KOPI_GAYO,Food & Beverage,220000,0,34,0,34
2025-04-07,Makassar,SKU_BATIK_TULIS,Fashion Premium,1200000,0,3,0,3
2025-04-08,Jakarta,SKU_HIJAB_INSTAN,Fashion,65000,0,200,0,200
2025-04-08,Jakarta,SKU_KOPI_GAYO,Food & Beverage,220000,0,97,0,97
2025-04-08,Jakarta,SKU_BATIK_TULIS,Fashion Premium,1200000,0,18,0,18
2025-04-08,Surabaya,SKU_HIJAB_INSTAN,Fashion,65000,0,95,0,95
2025-04-08,Surabaya,SKU_KOPI_GAYO,Food & Beverage,220000,0,46,0,46
2025-04-08,Surabaya,SKU_BATIK_TULIS,Fashion Premium,1200000,0,7,0,7
2025-04-08,Medan,SKU_HIJAB_INSTAN,Fashion,65000,0,79,0,79
2025-04-08,Medan,SKU_KOPI_GAYO,Food & Beverage,220000,0,24,0,24
2025-04-08,Medan,SKU_BATIK_TULIS,Fashion Premium,1200000,0,5,0,5
2025-04-08,Makassar,SKU_HIJAB_INSTAN,Fashion,65000,0,41,0,41
2025-04-08,Makassar,SKU_KOPI_GAYO,Food & Beverage,220000,0,23,1,0
2025-04-08,Makassar,SKU_BATIK_TULIS,Fashion Premium,1200000,0,7,0,7
2025-04-09,Jakarta,SKU_HIJAB_INSTAN,Fashion,65000,0,165,0,165
2025-04-09,Jakarta,SKU_KOPI_GAYO,Food & Beverage,220000,0,88,0,88
2025-04-09,Jakarta,SKU_BATIK_TULIS,Fashion Premium,1200000,0,18,0,18
2025-04-09,Surabaya,SKU_HIJAB_INSTAN,Fashion,65000,0,152,0,152
2025-04-09,Surabaya,SKU_KOPI_GAYO,Food & Beverage,220000,0,58,0,58
2025-04-09,Surabaya,SKU_BATIK_TULIS,Fashion Premium,1200000,0,8,0,8
2025-04-09,Medan,SKU_HIJAB_INSTAN,Fashion,65000,0,100,0,100
2025-04-09,Medan,SKU_KOPI_GAYO,Food & Beverage,220000,0,35,0,35
2025-04-09,Medan,SKU_BATIK_TULIS,Fashion Premium,1200000,0,6,0,6
2025-04-09,Makassar,SKU_HIJAB_INSTAN,Fashion,65000,0,15,0,15
2025-04-09,Makassar,SKU_KOPI_GAYO,Food & Beverage,220000,0,6,0,6
2025-04-09,Makassar,SKU_BATIK_TULIS,Fashion Premium,1200000,0,3,0,3
2025-04-10,Jakarta,SKU_HIJAB_INSTAN,Fashion,65000,0,205,0,205
2025-04-10,Jakarta,SKU_KOPI_GAYO,Food & Beverage,220000,0,94,0,94
2025-04-10,Jakarta,SKU_BATIK_TULIS,Fashion Premium,1200000,0,18,0,18
2025-04-10,Surabaya,SKU_HIJAB_INSTAN,Fashion,65000,0,97,0,97
2025-04-10,Surabaya,SKU_KOPI_GAYO,Food & Beverage,220000,0,62,0,62
2025-04-10,Surabaya,SKU_BATIK_TULIS,Fashion Premium,1200000,0,15,0,15
2025-04-10,Medan,SKU_HIJAB_INSTAN,Fashion,65000,0,115,0,115
2025-04-10,Medan,SKU_KOPI_GAYO,Food & Beverage,220000,0,37,0,37
2025-04-10,Medan,SKU_BATIK_TULIS,Fashion Premium,1200000,0,7,0,7
2025-04-10,Makassar,SKU_HIJAB_INSTAN,Fashion,65000,0,51,0,51
2025-04-10,Makassar,SKU_KOPI_GAYO,Food & Beverage,220000,0,19,0,19
2025-04-10,Makassar,SKU_BATIK_TULIS,Fashion Premium,1200000,0,2,0,2
2025-04-11,Jakarta,SKU_HIJAB_INSTAN,Fashion,65000,0,202,0,202
2025-04-11,Jakarta,SKU_KOPI_GAYO,Food & Beverage,220000,0,103,0,103
2025-04-11,Jakarta,SKU_BATIK_TULIS,Fashion Premium,1200000,0,24,0,24
2025-04-11,Surabaya,SKU_HIJAB_INSTAN,Fashion,65000,0,118,0,118
2025-04-11,Surabaya,SKU_KOPI_GAYO,Food & Beverage,220000,0,67,1,0
2025-04-11,Surabaya,SKU_BATIK_TULIS,Fashion Premium,1200000,0,14,0,14
2025-04-11,Medan,SKU_HIJAB_INSTAN,Fashion,65000,0,47,0,47
2025-04-11,Medan,SKU_KOPI_GAYO,Food & Beverage,220000,0,37,0,37
2025-04-11,Medan,SKU_BATIK_TULIS,Fashion Premium,1200000,0,9,0,9
2025-04-11,Makassar,SKU_HIJAB_INSTAN,Fashion,65000,0,9,0,9
2025-04-11,Makassar,SKU_KOPI_GAYO,Food & Beverage,220000,0,20,0,20
2025-04-11,Makassar,SKU_BATIK_TULIS,Fashion Premium,1200000,0,6,0,6
2025-04-12,Jakarta,SKU_HIJAB_INSTAN,Fashion,65000,0,197,0,197
2025-04-12,Jakarta,SKU_KOPI_GAYO,Food & Beverage,220000,0,99,0,99
2025-04-12,Jakarta,SKU_BATIK_TULIS,Fashion Premium,1200000,0,27,0,27
2025-04-12,Surabaya,SKU_HIJAB_INSTAN,Fashion,65000,0,147,0,147
2025-04-12,Surabaya,SKU_KOPI_GAYO,Food & Beverage,220000,0,61,0,61
2025-04-12,Surabaya,SKU_BATIK_TULIS,Fashion Premium,1200000,0,13,0,13
2025-04-12,Medan,SKU_HIJAB_INSTAN,Fashion,65000,0,116,0,116
2025-04-12,Medan,SKU_KOPI_GAYO,Food & Beverage,220000,0,55,1,0
2025-04-12,Medan,SKU_BATIK_TULIS,Fashion Premium,1200000,0,9,0,9
2025-04-12,Makassar,SKU_HIJAB_INSTAN,Fashion,65000,0,33,0,33
2025-04-12,Makassar,SKU_KOPI_GAYO,Food & Beverage,220000,0,21,0,21
2025-04-12,Makassar,SKU_BATIK_TULIS,Fashion Premium,1200000,0,4,0,4
2025-04-13,Jakarta,SKU_HIJAB_INSTAN,Fashion,65000,0,217,0,217
2025-04-13,Jakarta,SKU_KOPI_GAYO,Food & Beverage,220000,0,107,0,107
2025-04-13,Jakarta,SKU_BATIK_TULIS,Fashion Premium,1200000,0,25,0,25
2025-04-13,Surabaya,SKU_HIJAB_INSTAN,Fashion,65000,0,127,0,127
2025-04-13,Surabaya,SKU_KOPI_GAYO,Food & Beverage,220000,0,54,0,54
2025-04-13,Surabaya,SKU_BATIK_TULIS,Fashion Premium,1200000,0,18,0,18
2025-04-13,Medan,SKU_HIJAB_INSTAN,Fashion,65000,0,96,0,96
2025-04-13,Medan,SKU_KOPI_GAYO,Food & Beverage,220000,0,47,0,47
2025-04-13,Medan,SKU_BATIK_TULIS,Fashion Premium,1200000,0,13,0,13
2025-04-13,Makassar,SKU_HIJAB_INSTAN,Fashion,65000,0,20,0,20
2025-04-13,Makassar,SKU_KOPI_GAYO,Food & Beverage,220000,0,19,0,19
2025-04-13,Makassar,SKU_BATIK_TULIS,Fashion Premium,1200000,0,7,0,7
2025-04-14,Jakarta,SKU_HIJAB_INSTAN,Fashion,65000,0,203,0,203
2025-04-14,Jakarta,SKU_KOPI_GAYO,Food & Beverage,220000,0,93,0,93
2025-04-14,Jakarta,SKU_BATIK_TULIS,Fashion Premium,1200000,0,19,0,19
2025-04-14,Surabaya,SKU_HIJAB_INSTAN,Fashion,65000,0,113,0,113
2025-04-14,Surabaya,SKU_KOPI_GAYO,Food & Beverage,220000,0,63,0,63
2025-04-14,Surabaya,SKU_BATIK_TULIS,Fashion Premium,1200000,0,10,0,10
2025-04-14,Medan,SKU_HIJAB_INSTAN,Fashion,65000,0,81,0,81
2025-04-14,Medan,SKU_KOPI_GAYO,Food & Beverage,220000,0,30,0,30
2025-04-14,Medan,SKU_BATIK_TULIS,Fashion Premium,1200000,0,8,0,8
2025-04-14,Makassar,SKU_HIJAB_INSTAN,Fashion,65000,0,28,0,28
2025-04-14,Makassar,SKU_KOPI_GAYO,Food & Beverage,220000,0,38,0,38
2025-04-14,Makassar,SKU_BATIK_TULIS,Fashion Premium,1200000,0,2,0,2
2025-04-15,Jakarta,SKU_HIJAB_INSTAN,Fashion,65000,0,186,0,186
2025-04-15,Jakarta,SKU_KOPI_GAYO,Food & Beverage,220000,0,93,0,93
2025-04-15,Jakarta,SKU_BATIK_TULIS,Fashion Premium,1200000,0,16,1,0
2025-04-15,Surabaya,SKU_HIJAB_INSTAN,Fashion,65000,0,134,0,134
2025-04-15,Surabaya,SKU_KOPI_GAYO,Food & Beverage,220000,0,52,0,52
2025-04-15,Surabaya,SKU_BATIK_TULIS,Fashion Premium,1200000,0,11,0,11
2025-04-15,Medan,SKU_HIJAB_INSTAN,Fashion,65000,0,62,0,62
2025-04-15,Medan,SKU_KOPI_GAYO,Food & Beverage,220000,0,46,0,46
2025-04-15,Medan,SKU_BATIK_TULIS,Fashion Premium,1200000,0,7,0,7
2025-04-15,Makassar,SKU_HIJAB_INSTAN,Fashion,65000,0,42,0,42
2025-04-15,Makassar,SKU_KOPI_GAYO,Food & Beverage,220000,0,18,0,18
2025-04-15,Makassar,SKU_BATIK_TULIS,Fashion Premium,1200000,0,4,0,4
2025-04-16,Jakarta,SKU_HIJAB_INSTAN,Fashion,65000,0,214,0,214
2025-04-16,Jakarta,SKU_KOPI_GAYO,Food & Beverage,220000,0,96,0,96
2025-04-16,Jakarta,SKU_BATIK_TULIS,Fashion Premium,1200000,0,20,0,20
2025-04-16,Surabaya,SKU_HIJAB_INSTAN,Fashion,65000,0,113,0,113
2025-04-16,Surabaya,SKU_KOPI_GAYO,Food & Beverage,220000,0,50,0,50
2025-04-16,Surabaya,SKU_BATIK_TULIS,Fashion Premium,1200000,0,12,0,12
2025-04-16,Medan,SKU_HIJAB_INSTAN,Fashion,65000,0,63,0,63
2025-04-16,Medan,SKU_KOPI_GAYO,Food & Beverage,220000,0,37,0,37
2025-04-16,Medan,SKU_BATIK_TULIS,Fashion Premium,1200000,0,5,0,5
2025-04-16,Makassar,SKU_HIJAB_INSTAN,Fashion,65000,0,41,0,41
2025-04-16,Makassar,SKU_KOPI_GAYO,Food & Beverage,220000,0,18,0,18
2025-04-16,Makassar,SKU_BATIK_TULIS,Fashion Premium,1200000,0,4,0,4
2025-04-17,Jakarta,SKU_HIJAB_INSTAN,Fashion,65000,0,200,0,200
2025-04-17,Jakarta,SKU_KOPI_GAYO,Food & Beverage,220000,0,102,0,102
2025-04-17,Jakarta,SKU_BATIK_TULIS,Fashion Premium,1200000,0,22,0,22
2025-04-17,Surabaya,SKU_HIJAB_INSTAN,Fashion,65000,0,156,0,156
2025-04-17,Surabaya,SKU_KOPI_GAYO,Food & Beverage,220000,0,72,0,72
2025-04-17,Surabaya,SKU_BATIK_TULIS,Fashion Premium,1200000,0,13,0,13
2025-04-17,Medan,SKU_HIJAB_INSTAN,Fashion,65000,0,75,0,75
2025-04-17,Medan,SKU_KOPI_GAYO,Food & Beverage,220000,0,37,0,37
2025-04-17,Medan,SKU_BATIK_TULIS,Fashion Premium,1200000,0,5,0,5
2025-04-17,Makassar,SKU_HIJAB_INSTAN,Fashion,65000,0,25,0,25
2025-04-17,Makassar,SKU_KOPI_GAYO,Food & Beverage,220000,0,18,0,18
2025-04-17,Makassar,SKU_BATIK_TULIS,Fashion Premium,1200000,0,4,0,4
2025-04-18,Jakarta,SKU_HIJAB_INSTAN,Fashion,65000,0,255,0,255
2025-04-18,Jakarta,SKU_KOPI_GAYO,Food & Beverage,220000,0,105,0,105
2025-04-18,Jakarta,SKU_BATIK_TULIS,Fashion Premium,1200000,0,25,0,25
2025-04-18,Surabaya,SKU_HIJAB_INSTAN,Fashion,65000,0,107,0,107
2025-04-18,Surabaya,SKU_KOPI_GAYO,Food & Beverage,220000,0,57,0,57
2025-04-18,Surabaya,SKU_BATIK_TULIS,Fashion Premium,1200000,0,14,0,14
2025-04-18,Medan,SKU_HIJAB_INSTAN,Fashion,65000,0,61,0,61
2025-04-18,Medan,SKU_KOPI_GAYO,Food & Beverage,220000,0,44,0,44
2025-04-18,Medan,SKU_BATIK_TULIS,Fashion Premium,1200000,0,8,0,8
2025-04-18,Makassar,SKU_HIJAB_INSTAN,Fashion,65000,0,23,0,23
2025-04-18,Makassar,SKU_KOPI_GAYO,Food & Beverage,220000,0,27,0,27
2025-04-18,Makassar,SKU_BATIK_TULIS,Fashion Premium,1200000,0,4,0,4
2025-04-19,Jakarta,SKU_HIJAB_INSTAN,Fashion,65000,0,233,0,233
2025-04-19,Jakarta,SKU_KOPI_GAYO,Food & Beverage,220000,0,95,0,95
2025-04-19,Jakarta,SKU_BATIK_TULIS,Fashion Premium,1200000,0,28,0,28
2025-04-19,Surabaya,SKU_HIJAB_INSTAN,Fashion,65000,0,146,0,146
2025-04-19,Surabaya,SKU_KOPI_GAYO,Food & Beverage,220000,0,64,0,64
2025-04-19,Surabaya,SKU_BATIK_TULIS,Fashion Premium,1200000,0,18,0,18
2025-04-19,Medan,SKU_HIJAB_INSTAN,Fashion,65000,0,82,0,82
2025-04-19,Medan,SKU_KOPI_GAYO,Food & Beverage,220000,0,39,0,39
2025-04-19,Medan,SKU_BATIK_TULIS,Fashion Premium,1200000,0,10,0,10
2025-04-19,Makassar,SKU_HIJAB_INSTAN,Fashion,65000,0,18,0,18
2025-04-19,Makassar,SKU_KOPI_GAYO,Food & Beverage,220000,0,19,0,19
2025-04-19,Makassar,SKU_BATIK_TULIS,Fashion Premium,1200000,0,5,0,5
2025-04-20,Jakarta,SKU_HIJAB_INSTAN,Fashion,65000,0,207,0,207
2025-04-20,Jakarta,SKU_KOPI_GAYO,Food & Beverage,220000,0,102,0,102
2025-04-20,Jakarta,SKU_BATIK_TULIS,Fashion Premium,1200000,0,25,0,25
2025-04-20,Surabaya,SKU_HIJAB_INSTAN,Fashion,65000,0,142,0,142
2025-04-20,Surabaya,SKU_KOPI_GAYO,Food & Beverage,220000,0,68,0,68
2025-04-20,Surabaya,SKU_BATIK_TULIS,Fashion Premium,1200000,0,18,0,18
2025-04-20,Medan,SKU_HIJAB_INSTAN,Fashion,65000,0,78,0,78
2025-04-20,Medan,SKU_KOPI_GAYO,Food & Beverage,220000,0,50,0,50
2025-04-20,Medan,SKU_BATIK_TULIS,Fashion Premium,1200000,0,12,0,12
2025-04-20,Makassar,SKU_HIJAB_INSTAN,Fashion,65000,0,22,0,22
2025-04-20,Makassar,SKU_KOPI_GAYO,Food & Beverage,220000,0,29,0,29
2025-04-20,Makassar,SKU_BATIK_TULIS,Fashion Premium,1200000,0,2,0,2
2025-04-21,Jakarta,SKU_HIJAB_INSTAN,Fashion,65000,0,184,0,184
2025-04-21,Jakarta,SKU_KOPI_GAYO,Food & Beverage,220000,0,104,0,104
2025-04-21,Jakarta,SKU_BATIK_TULIS,Fashion Premium,1200000,0,14,0,14
2025-04-21,Surabaya,SKU_HIJAB_INSTAN,Fashion,65000,0,118,0,118
2025-04-21,Surabaya,SKU_KOPI_GAYO,Food & Beverage,220000,0,48,0,48
2025-04-21,Surabaya,SKU_BATIK_TULIS,Fashion Premium,1200000,0,12,0,12
2025-04-21,Medan,SKU_HIJAB_INSTAN,Fashion,65000,0,86,0,86
2025-04-21,Medan,SKU_KOPI_GAYO,Food & Beverage,220000,0,27,0,27
2025-04-21,Medan,SKU_BATIK_TULIS,Fashion Premium,1200000,0,6,0,6
2025-04-21,Makassar,SKU_HIJAB_INSTAN,Fashion,65000,0,56,0,56
2025-04-21,Makassar,SKU_KOPI_GAYO,Food & Beverage,220000,0,21,0,21
2025-04-21,Makassar,SKU_BATIK_TULIS,Fashion Premium,1200000,0,4,0,4
2025-04-22,Jakarta,SKU_HIJAB_INSTAN,Fashion,65000,0,182,0,182
2025-04-22,Jakarta,SKU_KOPI_GAYO,Food & Beverage,220000,0,103,0,103
2025-04-22,Jakarta,SKU_BATIK_TULIS,Fashion Premium,1200000,0,20,0,20
2025-04-22,Surabaya,SKU_HIJAB_INSTAN,Fashion,65000,0,97,0,97
2025-04-22,Surabaya,SKU_KOPI_GAYO,Food & Beverage,220000,0,54,0,54
2025-04-22,Surabaya,SKU_BATIK_TULIS,Fashion Premium,1200000,0,11,0,11
2025-04-22,Medan,SKU_HIJAB_INSTAN,Fashion,65000,0,73,0,73
2025-04-22,Medan,SKU_KOPI_GAYO,Food & Beverage,220000,0,41,0,41
2025-04-22,Medan,SKU_BATIK_TULIS,Fashion Premium,1200000,0,8,0,8
2025-04-22,Makassar,SKU_HIJAB_INSTAN,Fashion,65000,0,35,0,35
2025-04-22,Makassar,SKU_KOPI_GAYO,Food & Beverage,220000,0,15,0,15
2025-04-22,Makassar,SKU_BATIK_TULIS,Fashion Premium,1200000,0,3,0,3
2025-04-23,Jakarta,SKU_HIJAB_INSTAN,Fashion,65000,0,173,0,173
2025-04-23,Jakarta,SKU_KOPI_GAYO,Food & Beverage,220000,0,92,0,92
2025-04-23,Jakarta,SKU_BATIK_TULIS,Fashion Premium,1200000,0,18,0,18
2025-04-23,Surabaya,SKU_HIJAB_INSTAN,Fashion,65000,0,116,0,116
2025-04-23,Surabaya,SKU_KOPI_GAYO,Food & Beverage,220000,0,69,0,69
2025-04-23,Surabaya,SKU_BATIK_TULIS,Fashion Premium,1200000,0,9,0,9
2025-04-23,Medan,SKU_HIJAB_INSTAN,Fashion,65000,0,78,0,78
2025-04-23,Medan,SKU_KOPI_GAYO,Food & Beverage,220000,0,44,0,44
2025-04-23,Medan,SKU_BATIK_TULIS,Fashion Premium,1200000,0,7,0,7
2025-04-23,Makassar,SKU_HIJAB_INSTAN,Fashion,65000,0,31,0,31
2025-04-23,Makassar,SKU_KOPI_GAYO,Food & Beverage,220000,0,19,0,19
2025-04-23,Makassar,SKU_BATIK_TULIS,Fashion Premium,1200000,0,3,0,3
2025-04-24,Jakarta,SKU_HIJAB_INSTAN,Fashion,65000,0,182,0,182
2025-04-24,Jakarta,SKU_KOPI_GAYO,Food & Beverage,220000,0,93,0,93
2025-04-24,Jakarta,SKU_BATIK_TULIS,Fashion Premium,1200000,0,20,0,20
2025-04-24,Surabaya,SKU_HIJAB_INSTAN,Fashion,65000,0,156,0,156
2025-04-24,Surabaya,SKU_KOPI_GAYO,Food & Beverage,220000,0,61,0,61
2025-04-24,Surabaya,SKU_BATIK_TULIS,Fashion Premium,1200000,0,12,0,12
2025-04-24,Medan,SKU_HIJAB_INSTAN,Fashion,65000,0,65,0,65
2025-04-24,Medan,SKU_KOPI_GAYO,Food & Beverage,220000,0,52,0,52
2025-04-24,Medan,SKU_BATIK_TULIS,Fashion Premium,1200000,0,9,0,9
2025-04-24,Makassar,SKU_HIJAB_INSTAN,Fashion,65000,0,52,0,52
2025-04-24,Makassar,SKU_KOPI_GAYO,Food & Beverage,220000,0,31,0,31
2025-04-24,Makassar,SKU_BATIK_TULIS,Fashion Premium,1200000,0,3,0,3
2025-04-25,Jakarta,SKU_HIJAB_INSTAN,Fashion,65000,0,235,0,235
2025-04-25,Jakarta,SKU_KOPI_GAYO,Food & Beverage,220000,0,115,0,115
2025-04-25,Jakarta,SKU_BATIK_TULIS,Fashion Premium,960000,1,43,0,43
2025-04-25,Surabaya,SKU_HIJAB_INSTAN,Fashion,65000,0,127,0,127
2025-04-25,Surabaya,SKU_KOPI_GAYO,Food & Beverage,176000,1,92,0,92
2025-04-25,Surabaya,SKU_BATIK_TULIS,Fashion Premium,1200000,0,15,0,15
2025-04-25,Medan,SKU_HIJAB_INSTAN,Fashion,65000,0,37,0,37
2025-04-25,Medan,SKU_KOPI_GAYO,Food & Beverage,220000,0,54,0,54
2025-04-25,Medan,SKU_BATIK_TULIS,Fashion Premium,960000,1,15,0,15
2025-04-25,Makassar,SKU_HIJAB_INSTAN,Fashion,65000,0,62,0,62
2025-04-25,Makassar,SKU_KOPI_GAYO,Food & Beverage,176000,1,39,0,39
2025-04-25,Makassar,SKU_BATIK_TULIS,Fashion Premium,1200000,0,7,0,7
2025-04-26,Jakarta,SKU_HIJAB_INSTAN,Fashion,52000,1,302,0,302
2025-04-26,Jakarta,SKU_KOPI_GAYO,Food & Beverage,176000,1,173,0,173
2025-04-26,Jakarta,SKU_BATIK_TULIS,Fashion Premium,1200000,0,25,0,25
2025-04-26,Surabaya,SKU_HIJAB_INSTAN,Fashion,65000,0,130,0,130
2025-04-26,Surabaya,SKU_KOPI_GAYO,Food & Beverage,176000,1,99,0,99
2025-04-26,Surabaya,SKU_BATIK_TULIS,Fashion Premium,1200000,0,19,0,19
2025-04-26,Medan,SKU_HIJAB_INSTAN,Fashion,52000,1,127,0,127
2025-04-26,Medan,SKU_KOPI_GAYO,Food & Beverage,176000,1,48,0,48
2025-04-26,Medan,SKU_BATIK_TULIS,Fashion Premium,1200000,0,12,0,12
2025-04-26,Makassar,SKU_HIJAB_INSTAN,Fashion,65000,0,31,0,31
2025-04-26,Makassar,SKU_KOPI_GAYO,Food & Beverage,176000,1,55,0,55
2025-04-26,Makassar,SKU_BATIK_TULIS,Fashion Premium,1200000,0,7,0,7
2025-04-27,Jakarta,SKU_HIJAB_INSTAN,Fashion,65000,0,258,0,258
2025-04-27,Jakarta,SKU_KOPI_GAYO,Food & Beverage,220000,0,119,0,119
2025-04-27,Jakarta,SKU_BATIK_TULIS,Fashion Premium,960000,1,41,0,41
2025-04-27,Surabaya,SKU_HIJAB_INSTAN,Fashion,65000,0,136,0,136
2025-04-27,Surabaya,SKU_KOPI_GAYO,Food & Beverage,176000,1,98,0,98
2025-04-27,Surabaya,SKU_BATIK_TULIS,Fashion Premium,960000,1,23,0,23
2025-04-27,Medan,SKU_HIJAB_INSTAN,Fashion,65000,0,71,0,71
2025-04-27,Medan,SKU_KOPI_GAYO,Food & Beverage,220000,0,34,0,34
2025-04-27,Medan,SKU_BATIK_TULIS,Fashion Premium,1200000,0,14,0,14
2025-04-27,Makassar,SKU_HIJAB_INSTAN,Fashion,65000,0,32,0,32
2025-04-27,Makassar,SKU_KOPI_GAYO,Food & Beverage,176000,1,29,0,29
2025-04-27,Makassar,SKU_BATIK_TULIS,Fashion Premium,1200000,0,5,0,5
2025-04-28,Jakarta,SKU_HIJAB_INSTAN,Fashion,65000,0,202,0,202
2025-04-28,Jakarta,SKU_KOPI_GAYO,Food & Beverage,220000,0,96,0,96
2025-04-28,Jakarta,SKU_BATIK_TULIS,Fashion Premium,960000,1,28,0,28
2025-04-28,Surabaya,SKU_HIJAB_INSTAN,Fashion,65000,0,105,0,105
2025-04-28,Surabaya,SKU_KOPI_GAYO,Food & Beverage,220000,0,60,0,60
2025-04-28,Surabaya,SKU_BATIK_TULIS,Fashion Premium,1200000,0,13,0,13
2025-04-28,Medan,SKU_HIJAB_INSTAN,Fashion,52000,1,120,0,120
2025-04-28,Medan,SKU_KOPI_GAYO,Food & Beverage,176000,1,48,0,48
2025-04-28,Medan,SKU_BATIK_TULIS,Fashion Premium,1200000,0,8,0,8
2025-04-28,Makassar,SKU_HIJAB_INSTAN,Fashion,65000,0,51,0,51
2025-04-28,Makassar,SKU_KOPI_GAYO,Food & Beverage,176000,1,25,0,25
2025-04-28,Makassar,SKU_BATIK_TULIS,Fashion Premium,1200000,0,4,0,4
2025-04-29,Jakarta,SKU_HIJAB_INSTAN,Fashion,65000,0,185,0,185
2025-04-29,Jakarta,SKU_KOPI_GAYO,Food & Beverage,220000,0,87,0,87
2025-04-29,Jakarta,SKU_BATIK_TULIS,Fashion Premium,1200000,0,16,0,16
2025-04-29,Surabaya,SKU_HIJAB_INSTAN,Fashion,65000,0,151,0,151
2025-04-29,Surabaya,SKU_KOPI_GAYO,Food & Beverage,220000,0,60,0,60
2025-04-29,Surabaya,SKU_BATIK_TULIS,Fashion Premium,1200000,0,10,0,10
2025-04-29,Medan,SKU_HIJAB_INSTAN,Fashion,65000,0,61,0,61
2025-04-29,Medan,SKU_KOPI_GAYO,Food & Beverage,220000,0,43,0,43
2025-04-29,Medan,SKU_BATIK_TULIS,Fashion Premium,1200000,0,9,0,9
2025-04-29,Makassar,SKU_HIJAB_INSTAN,Fashion,65000,0,2,0,2
2025-04-29,Makassar,SKU_KOPI_GAYO,Food & Beverage,220000,0,16,0,16
2025-04-29,Makassar,SKU_BATIK_TULIS,Fashion Premium,1200000,0,2,0,2
2025-04-30,Jakarta,SKU_HIJAB_INSTAN,Fashion,65000,0,196,0,196
2025-04-30,Jakarta,SKU_KOPI_GAYO,Food & Beverage,220000,0,95,0,95
2025-04-30,Jakarta,SKU_BATIK_TULIS,Fashion Premium,1200000,0,19,0,19
2025-04-30,Surabaya,SKU_HIJAB_INSTAN,Fashion,65000,0,116,0,116
2025-04-30,Surabaya,SKU_KOPI_GAYO,Food & Beverage,220000,0,51,0,51
2025-04-30,Surabaya,SKU_BATIK_TULIS,Fashion Premium,1200000,0,11,0,11
2025-04-30,Medan,SKU_HIJAB_INSTAN,Fashion,65000,0,63,0,63
2025-04-30,Medan,SKU_KOPI_GAYO,Food & Beverage,220000,0,42,0,42
2025-04-30,Medan,SKU_BATIK_TULIS,Fashion Premium,1200000,0,12,0,12
2025-04-30,Makassar,SKU_HIJAB_INSTAN,Fashion,65000,0,28,0,28
2025-04-30,Makassar,SKU_KOPI_GAYO,Food & Beverage,220000,0,30,0,30
2025-04-30,Makassar,SKU_BATIK_TULIS,Fashion Premium,1200000,0,3,0,3
2025-05-01,Jakarta,SKU_HIJAB_INSTAN,Fashion,65000,0,198,0,198
2025-05-01,Jakarta,SKU_KOPI_GAYO,Food & Beverage,220000,0,97,0,97
2025-05-01,Jakarta,SKU_BATIK_TULIS,Fashion Premium,1200000,0,20,0,20
2025-05-01,Surabaya,SKU_HIJAB_INSTAN,Fashion,65000,0,110,0,110
2025-05-01,Surabaya,SKU_KOPI_GAYO,Food & Beverage,220000,0,74,0,74
2025-05-01,Surabaya,SKU_BATIK_TULIS,Fashion Premium,1200000,0,11,0,11
2025-05-01,Medan,SKU_HIJAB_INSTAN,Fashion,65000,0,94,0,94
2025-05-01,Medan,SKU_KOPI_GAYO,Food & Beverage,220000,0,36,0,36
2025-05-01,Medan,SKU_BATIK_TULIS,Fashion Premium,1200000,0,5,0,5
2025-05-01,Makassar,SKU_HIJAB_INSTAN,Fashion,65000,0,39,0,39
2025-05-01,Makassar,SKU_KOPI_GAYO,Food & Beverage,220000,0,38,0,38
2025-05-01,Makassar,SKU_BATIK_TULIS,Fashion Premium,1200000,0,5,0,5
2025-05-02,Jakarta,SKU_HIJAB_INSTAN,Fashion,65000,0,168,0,168
2025-05-02,Jakarta,SKU_KOPI_GAYO,Food & Beverage,220000,0,107,0,107
2025-05-02,Jakarta,SKU_BATIK_TULIS,Fashion Premium,1200000,0,23,0,23
2025-05-02,Surabaya,SKU_HIJAB_INSTAN,Fashion,65000,0,106,0,106
2025-05-02,Surabaya,SKU_KOPI_GAYO,Food & Beverage,220000,0,57,0,57
2025-05-02,Surabaya,SKU_BATIK_TULIS,Fashion Premium,1200000,0,12,0,12
2025-05-02,Medan,SKU_HIJAB_INSTAN,Fashion,65000,0,54,0,54
2025-05-02,Medan,SKU_KOPI_GAYO,Food & Beverage,220000,0,34,0,34
2025-05-02,Medan,SKU_BATIK_TULIS,Fashion Premium,1200000,0,8,0,8
2025-05-02,Makassar,SKU_HIJAB_INSTAN,Fashion,65000,0,31,0,31
2025-05-02,Makassar,SKU_KOPI_GAYO,Food & Beverage,220000,0,16,0,16
2025-05-02,Makassar,SKU_BATIK_TULIS,Fashion Premium,1200000,0,3,0,3
2025-05-03,Jakarta,SKU_HIJAB_INSTAN,Fashion,65000,0,227,0,227
2025-05-03,Jakarta,SKU_KOPI_GAYO,Food & Beverage,220000,0,117,0,117
2025-05-03,Jakarta,SKU_BATIK_TULIS,Fashion Premium,1200000,0,23,0,23
2025-05-03,Surabaya,SKU_HIJAB_INSTAN,Fashion,65000,0,143,0,143
2025-05-03,Surabaya,SKU_KOPI_GAYO,Food & Beverage,220000,0,65,0,65
2025-05-03,Surabaya,SKU_BATIK_TULIS,Fashion Premium,1200000,0,14,0,14
2025-05-03,Medan,SKU_HIJAB_INSTAN,Fashion,65000,0,112,0,112
2025-05-03,Medan,SKU_KOPI_GAYO,Food & Beverage,220000,0,28,0,28
2025-05-03,Medan,SKU_BATIK_TULIS,Fashion Premium,1200000,0,12,0,12
2025-05-03,Makassar,SKU_HIJAB_INSTAN,Fashion,65000,0,47,0,47
2025-05-03,Makassar,SKU_KOPI_GAYO,Food & Beverage,220000,0,11,0,11
2025-05-03,Makassar,SKU_BATIK_TULIS,Fashion Premium,1200000,0,8,0,8
2025-05-04,Jakarta,SKU_HIJAB_INSTAN,Fashion,65000,0,188,0,188
2025-05-04,Jakarta,SKU_KOPI_GAYO,Food & Beverage,220000,0,113,0,113
2025-05-04,Jakarta,SKU_BATIK_TULIS,Fashion Premium,1200000,0,23,0,23
2025-05-04,Surabaya,SKU_HIJAB_INSTAN,Fashion,65000,0,126,0,126
2025-05-04,Surabaya,SKU_KOPI_GAYO,Food & Beverage,220000,0,52,0,52
2025-05-04,Surabaya,SKU_BATIK_TULIS,Fashion Premium,1200000,0,13,0,13
2025-05-04,Medan,SKU_HIJAB_INSTAN,Fashion,65000,0,102,0,102
2025-05-04,Medan,SKU_KOPI_GAYO,Food & Beverage,220000,0,43,0,43
2025-05-04,Medan,SKU_BATIK_TULIS,Fashion Premium,1200000,0,13,0,13
2025-05-04,Makassar,SKU_HIJAB_INSTAN,Fashion,65000,0,26,0,26
2025-05-04,Makassar,SKU_KOPI_GAYO,Food & Beverage,220000,0,17,0,17
2025-05-04,Makassar,SKU_BATIK_TULIS,Fashion Premium,1200000,0,5,0,5
2025-05-05,Jakarta,SKU_HIJAB_INSTAN,Fashion,65000,0,188,0,188
2025-05-05,Jakarta,SKU_KOPI_GAYO,Food & Beverage,220000,0,92,0,92
2025-05-05,Jakarta,SKU_BATIK_TULIS,Fashion Premium,1200000,0,15,0,15
2025-05-05,Surabaya,SKU_HIJAB_INSTAN,Fashion,65000,0,128,0,128
2025-05-05,Surabaya,SKU_KOPI_GAYO,Food & Beverage,220000,0,49,0,49
2025-05-05,Surabaya,SKU_BATIK_TULIS,Fashion Premium,1200000,0,9,0,9
2025-05-05,Medan,SKU_HIJAB_INSTAN,Fashion,65000,0,122,0,122
2025-05-05,Medan,SKU_KOPI_GAYO,Food & Beverage,220000,0,35,0,35
2025-05-05,Medan,SKU_BATIK_TULIS,Fashion Premium,1200000,0,7,0,7
2025-05-05,Makassar,SKU_HIJAB_INSTAN,Fashion,65000,0,20,0,20
2025-05-05,Makassar,SKU_KOPI_GAYO,Food & Beverage,220000,0,16,0,16
2025-05-05,Makassar,SKU_BATIK_TULIS,Fashion Premium,1200000,0,4,0,4
2025-05-06,Jakarta,SKU_HIJAB_INSTAN,Fashion,65000,0,211,0,211
2025-05-06,Jakarta,SKU_KOPI_GAYO,Food & Beverage,220000,0,90,0,90
2025-05-06,Jakarta,SKU_BATIK_TULIS,Fashion Premium,1200000,0,15,0,15
2025-05-06,Surabaya,SKU_HIJAB_INSTAN,Fashion,65000,0,118,0,118
2025-05-06,Surabaya,SKU_KOPI_GAYO,Food & Beverage,220000,0,46,0,46
2025-05-06,Surabaya,SKU_BATIK_TULIS,Fashion Premium,1200000,0,11,0,11
2025-05-06,Medan,SKU_HIJAB_INSTAN,Fashion,65000,0,71,0,71
2025-05-06,Medan,SKU_KOPI_GAYO,Food & Beverage,220000,0,24,0,24
2025-05-06,Medan,SKU_BATIK_TULIS,Fashion Premium,1200000,0,6,0,6
2025-05-06,Makassar,SKU_HIJAB_INSTAN,Fashion,65000,0,21,0,21
2025-05-06,Makassar,SKU_KOPI_GAYO,Food & Beverage,220000,0,32,0,32
2025-05-06,Makassar,SKU_BATIK_TULIS,Fashion Premium,1200000,0,2,0,2
2025-05-07,Jakarta,SKU_HIJAB_INSTAN,Fashion,65000,0,203,0,203
2025-05-07,Jakarta,SKU_KOPI_GAYO,Food & Beverage,220000,0,97,0,97
2025-05-07,Jakarta,SKU_BATIK_TULIS,Fashion Premium,1200000,0,20,0,20
2025-05-07,Surabaya,SKU_HIJAB_INSTAN,Fashion,65000,0,137,0,137
2025-05-07,Surabaya,SKU_KOPI_GAYO,Food & Beverage,220000,0,50,0,50
2025-05-07,Surabaya,SKU_BATIK_TULIS,Fashion Premium,1200000,0,10,0,10
2025-05-07,Medan,SKU_HIJAB_INSTAN,Fashion,65000,0,68,0,68
2025-05-07,Medan,SKU_KOPI_GAYO,Food & Beverage,220000,0,49,0,49
2025-05-07,Medan,SKU_BATIK_TULIS,Fashion Premium,1200000,0,8,0,8
2025-05-07,Makassar,SKU_HIJAB_INSTAN,Fashion,65000,0,35,0,35
2025-05-07,Makassar,SKU_KOPI_GAYO,Food & Beverage,220000,0,16,0,16
2025-05-07,Makassar,SKU_BATIK_TULIS,Fashion Premium,1200000,0,3,0,3
2025-05-08,Jakarta,SKU_HIJAB_INSTAN,Fashion,65000,0,203,0,203
2025-05-08,Jakarta,SKU_KOPI_GAYO,Food & Beverage,220000,0,109,0,109
2025-05-08,Jakarta,SKU_BATIK_TULIS,Fashion Premium,1200000,0,22,0,22
2025-05-08,Surabaya,SKU_HIJAB_INSTAN,Fashion,65000,0,118,0,118
2025-05-08,Surabaya,SKU_KOPI_GAYO,Food & Beverage,220000,0,64,0,64
2025-05-08,Surabaya,SKU_BATIK_TULIS,Fashion Premium,1200000,0,11,0,11
2025-05-08,Medan,SKU_HIJAB_INSTAN,Fashion,65000,0,103,0,103
2025-05-08,Medan,SKU_KOPI_GAYO,Food & Beverage,220000,0,51,0,51
2025-05-08,Medan,SKU_BATIK_TULIS,Fashion Premium,1200000,0,8,0,8
2025-05-08,Makassar,SKU_HIJAB_INSTAN,Fashion,65000,0,27,0,27
2025-05-08,Makassar,SKU_KOPI_GAYO,Food & Beverage,220000,0,13,0,13
2025-05-08,Makassar,SKU_BATIK_TULIS,Fashion Premium,1200000,0,3,0,3
2025-05-09,Jakarta,SKU_HIJAB_INSTAN,Fashion,65000,0,212,0,212
2025-05-09,Jakarta,SKU_KOPI_GAYO,Food & Beverage,220000,0,87,1,0
2025-05-09,Jakarta,SKU_BATIK_TULIS,Fashion Premium,1200000,0,23,0,23
2025-05-09,Surabaya,SKU_HIJAB_INSTAN,Fashion,65000,0,138,0,138
2025-05-09,Surabaya,SKU_KOPI_GAYO,Food & Beverage,220000,0,57,0,57
2025-05-09,Surabaya,SKU_BATIK_TULIS,Fashion Premium,1200000,0,12,0,12
2025-05-09,Medan,SKU_HIJAB_INSTAN,Fashion,65000,0,86,0,86
2025-05-09,Medan,SKU_KOPI_GAYO,Food & Beverage,220000,0,39,0,39
2025-05-09,Medan,SKU_BATIK_TULIS,Fashion Premium,1200000,0,10,0,10
2025-05-09,Makassar,SKU_HIJAB_INSTAN,Fashion,65000,0,21,0,21
2025-05-09,Makassar,SKU_KOPI_GAYO,Food & Beverage,220000,0,22,0,22
2025-05-09,Makassar,SKU_BATIK_TULIS,Fashion Premium,1200000,0,6,0,6
2025-05-10,Jakarta,SKU_HIJAB_INSTAN,Fashion,65000,0,187,0,187
2025-05-10,Jakarta,SKU_KOPI_GAYO,Food & Beverage,220000,0,116,0,116
2025-05-10,Jakarta,SKU_BATIK_TULIS,Fashion Premium,1200000,0,27,0,27
2025-05-10,Surabaya,SKU_HIJAB_INSTAN,Fashion,65000,0,122,0,122
2025-05-10,Surabaya,SKU_KOPI_GAYO,Food & Beverage,220000,0,74,0,74
2025-05-10,Surabaya,SKU_BATIK_TULIS,Fashion Premium,1200000,0,11,0,11
2025-05-10,Medan,SKU_HIJAB_INSTAN,Fashion,65000,0,73,0,73
2025-05-10,Medan,SKU_KOPI_GAYO,Food & Beverage,220000,0,39,0,39
2025-05-10,Medan,SKU_BATIK_TULIS,Fashion Premium,1200000,0,7,0,7
2025-05-10,Makassar,SKU_HIJAB_INSTAN,Fashion,65000,0,43,0,43
2025-05-10,Makassar,SKU_KOPI_GAYO,Food & Beverage,220000,0,18,0,18
2025-05-10,Makassar,SKU_BATIK_TULIS,Fashion Premium,1200000,0,2,0,2
2025-05-11,Jakarta,SKU_HIJAB_INSTAN,Fashion,65000,0,226,0,226
2025-05-11,Jakarta,SKU_KOPI_GAYO,Food & Beverage,220000,0,108,0,108
2025-05-11,Jakarta,SKU_BATIK_TULIS,Fashion Premium,1200000,0,28,0,28
2025-05-11,Surabaya,SKU_HIJAB_INSTAN,Fashion,65000,0,125,0,125
2025-05-11,Surabaya,SKU_KOPI_GAYO,Food & Beverage,220000,0,51,0,51
2025-05-11,Surabaya,SKU_BATIK_TULIS,Fashion Premium,1200000,0,12,0,12
2025-05-11,Medan,SKU_HIJAB_INSTAN,Fashion,65000,0,107,0,107
2025-05-11,Medan,SKU_KOPI_GAYO,Food & Beverage,220000,0,41,0,41
2025-05-11,Medan,SKU_BATIK_TULIS,Fashion Premium,1200000,0,9,0,9
2025-05-11,Makassar,SKU_HIJAB_INSTAN,Fashion,65000,0,60,0,60
2025-05-11,Makassar,SKU_KOPI_GAYO,Food & Beverage,220000,0,14,0,14
2025-05-11,Makassar,SKU_BATIK_TULIS,Fashion Premium,1200000,0,7,0,7
2025-05-12,Jakarta,SKU_HIJAB_INSTAN,Fashion,65000,0,174,0,174
2025-05-12,Jakarta,SKU_KOPI_GAYO,Food & Beverage,220000,0,101,0,101
2025-05-12,Jakarta,SKU_BATIK_TULIS,Fashion Premium,1200000,0,17,0,17
2025-05-12,Surabaya,SKU_HIJAB_INSTAN,Fashion,65000,0,111,0,111
2025-05-12,Surabaya,SKU_KOPI_GAYO,Food & Beverage,220000,0,54,0,54
2025-05-12,Surabaya,SKU_BATIK_TULIS,Fashion Premium,1200000,0,12,0,12
2025-05-12,Medan,SKU_HIJAB_INSTAN,Fashion,65000,0,60,0,60
2025-05-12,Medan,SKU_KOPI_GAYO,Food & Beverage,220000,0,45,0,45
2025-05-12,Medan,SKU_BATIK_TULIS,Fashion Premium,1200000,0,5,0,5
2025-05-12,Makassar,SKU_HIJAB_INSTAN,Fashion,65000,0,9,0,9
2025-05-12,Makassar,SKU_KOPI_GAYO,Food & Beverage,220000,0,22,0,22
2025-05-12,Makassar,SKU_BATIK_TULIS,Fashion Premium,1200000,0,3,0,3
2025-05-13,Jakarta,SKU_HIJAB_INSTAN,Fashion,65000,0,187,0,187
2025-05-13,Jakarta,SKU_KOPI_GAYO,Food & Beverage,220000,0,85,0,85
2025-05-13,Jakarta,SKU_BATIK_TULIS,Fashion Premium,1200000,0,18,0,18
2025-05-13,Surabaya,SKU_HIJAB_INSTAN,Fashion,65000,0,102,0,102
2025-05-13,Surabaya,SKU_KOPI_GAYO,Food & Beverage,220000,0,72,0,72
2025-05-13,Surabaya,SKU_BATIK_TULIS,Fashion Premium,1200000,0,11,0,11
2025-05-13,Medan,SKU_HIJAB_INSTAN,Fashion,65000,0,75,0,75
2025-05-13,Medan,SKU_KOPI_GAYO,Food & Beverage,220000,0,45,0,45
2025-05-13,Medan,SKU_BATIK_TULIS,Fashion Premium,1200000,0,6,0,6
2025-05-13,Makassar,SKU_HIJAB_INSTAN,Fashion,65000,0,38,0,38
2025-05-13,Makassar,SKU_KOPI_GAYO,Food & Beverage,220000,0,16,0,16
2025-05-13,Makassar,SKU_BATIK_TULIS,Fashion Premium,1200000,0,2,0,2
2025-05-14,Jakarta,SKU_HIJAB_INSTAN,Fashion,65000,0,197,0,197
2025-05-14,Jakarta,SKU_KOPI_GAYO,Food & Beverage,220000,0,104,0,104
2025-05-14,Jakarta,SKU_BATIK_TULIS,Fashion Premium,1200000,0,19,0,19
2025-05-14,Surabaya,SKU_HIJAB_INSTAN,Fashion,65000,0,102,0,102
2025-05-14,Surabaya,SKU_KOPI_GAYO,Food & Beverage,220000,0,56,0,56
2025-05-14,Surabaya,SKU_BATIK_TULIS,Fashion Premium,1200000,0,10,0,10
2025-05-14,Medan,SKU_HIJAB_INSTAN,Fashion,65000,0,71,0,71
2025-05-14,Medan,SKU_KOPI_GAYO,Food & Beverage,220000,0,34,0,34
2025-05-14,Medan,SKU_BATIK_TULIS,Fashion Premium,1200000,0,8,0,8
2025-05-14,Makassar,SKU_HIJAB_INSTAN,Fashion,65000,0,72,0,72
2025-05-14,Makassar,SKU_KOPI_GAYO,Food & Beverage,220000,0,16,0,16
2025-05-14,Makassar,SKU_BATIK_TULIS,Fashion Premium,1200000,0,3,0,3
2025-05-15,Jakarta,SKU_HIJAB_INSTAN,Fashion,65000,0,189,0,189
2025-05-15,Jakarta,SKU_KOPI_GAYO,Food & Beverage,220000,0,93,0,93
2025-05-15,Jakarta,SKU_BATIK_TULIS,Fashion Premium,1200000,0,20,0,20
2025-05-15,Surabaya,SKU_HIJAB_INSTAN,Fashion,65000,0,85,0,85
2025-05-15,Surabaya,SKU_KOPI_GAYO,Food & Beverage,220000,0,64,0,64
2025-05-15,Surabaya,SKU_BATIK_TULIS,Fashion Premium,1200000,0,10,0,10
2025-05-15,Medan,SKU_HIJAB_INSTAN,Fashion,65000,0,85,0,85
2025-05-15,Medan,SKU_KOPI_GAYO,Food & Beverage,220000,0,39,0,39
2025-05-15,Medan,SKU_BATIK_TULIS,Fashion Premium,1200000,0,8,0,8
2025-05-15,Makassar,SKU_HIJAB_INSTAN,Fashion,65000,0,49,0,49
2025-05-15,Makassar,SKU_KOPI_GAYO,Food & Beverage,220000,0,22,0,22
2025-05-15,Makassar,SKU_BATIK_TULIS,Fashion Premium,1200000,0,5,0,5
2025-05-16,Jakarta,SKU_HIJAB_INSTAN,Fashion,65000,0,217,0,217
2025-05-16,Jakarta,SKU_KOPI_GAYO,Food & Beverage,220000,0,106,0,106
2025-05-16,Jakarta,SKU_BATIK_TULIS,Fashion Premium,1200000,0,24,0,24
2025-05-16,Surabaya,SKU_HIJAB_INSTAN,Fashion,65000,0,150,0,150
2025-05-16,Surabaya,SKU_KOPI_GAYO,Food & Beverage,220000,0,62,0,62
2025-05-16,Surabaya,SKU_BATIK_TULIS,Fashion Premium,1200000,0,18,0,18
2025-05-16,Medan,SKU_HIJAB_INSTAN,Fashion,65000,0,71,0,71
2025-05-16,Medan,SKU_KOPI_GAYO,Food & Beverage,220000,0,31,0,31
2025-05-16,Medan,SKU_BATIK_TULIS,Fashion Premium,1200000,0,10,0,10
2025-05-16,Makassar,SKU_HIJAB_INSTAN,Fashion,65000,0,6,1,0
2025-05-16,Makassar,SKU_KOPI_GAYO,Food & Beverage,220000,0,26,0,26
2025-05-16,Makassar,SKU_BATIK_TULIS,Fashion Premium,1200000,0,2,0,2
2025-05-17,Jakarta,SKU_HIJAB_INSTAN,Fashion,65000,0,225,0,225
2025-05-17,Jakarta,SKU_KOPI_GAYO,Food & Beverage,220000,0,111,0,111
2025-05-17,Jakarta,SKU_BATIK_TULIS,Fashion Premium,1200000,0,24,0,24
2025-05-17,Surabaya,SKU_HIJAB_INSTAN,Fashion,65000,0,132,0,132
2025-05-17,Surabaya,SKU_KOPI_GAYO,Food & Beverage,220000,0,70,0,70
2025-05-17,Surabaya,SKU_BATIK_TULIS,Fashion Premium,1200000,0,11,0,11
2025-05-17,Medan,SKU_HIJAB_INSTAN,Fashion,65000,0,94,0,94
2025-05-17,Medan,SKU_KOPI_GAYO,Food & Beverage,220000,0,37,0,37
2025-05-17,Medan,SKU_BATIK_TULIS,Fashion Premium,1200000,0,13,0,13
2025-05-17,Makassar,SKU_HIJAB_INSTAN,Fashion,65000,0,37,0,37
2025-05-17,Makassar,SKU_KOPI_GAYO,Food & Beverage,220000,0,39,0,39
2025-05-17,Makassar,SKU_BATIK_TULIS,Fashion Premium,1200000,0,5,0,5
2025-05-18,Jakarta,SKU_HIJAB_INSTAN,Fashion,65000,0,216,0,216
2025-05-18,Jakarta,SKU_KOPI_GAYO,Food & Beverage,220000,0,98,0,98
2025-05-18,Jakarta,SKU_BATIK_TULIS,Fashion Premium,1200000,0,24,0,24
2025-05-18,Surabaya,SKU_HIJAB_INSTAN,Fashion,65000,0,142,0,142
2025-05-18,Surabaya,SKU_KOPI_GAYO,Food & Beverage,220000,0,59,0,59
2025-05-18,Surabaya,SKU_BATIK_TULIS,Fashion Premium,1200000,0,13,0,13
2025-05-18,Medan,SKU_HIJAB_INSTAN,Fashion,65000,0,63,0,63
2025-05-18,Medan,SKU_KOPI_GAYO,Food & Beverage,220000,0,37,0,37
2025-05-18,Medan,SKU_BATIK_TULIS,Fashion Premium,1200000,0,11,0,11
2025-05-18,Makassar,SKU_HIJAB_INSTAN,Fashion,65000,0,31,0,31
2025-05-18,Makassar,SKU_KOPI_GAYO,Food & Beverage,220000,0,43,0,43
2025-05-18,Makassar,SKU_BATIK_TULIS,Fashion Premium,1200000,0,7,0,7
2025-05-19,Jakarta,SKU_HIJAB_INSTAN,Fashion,65000,0,153,0,153
2025-05-19,Jakarta,SKU_KOPI_GAYO,Food & Beverage,220000,0,92,0,92
2025-05-19,Jakarta,SKU_BATIK_TULIS,Fashion Premium,1200000,0,16,0,16
2025-05-19,Surabaya,SKU_HIJAB_INSTAN,Fashion,65000,0,84,0,84
2025-05-19,Surabaya,SKU_KOPI_GAYO,Food & Beverage,220000,0,53,0,53
2025-05-19,Surabaya,SKU_BATIK_TULIS,Fashion Premium,1200000,0,9,0,9
2025-05-19,Medan,SKU_HIJAB_INSTAN,Fashion,65000,0,83,0,83
2025-05-19,Medan,SKU_KOPI_GAYO,Food & Beverage,220000,0,45,0,45
2025-05-19,Medan,SKU_BATIK_TULIS,Fashion Premium,1200000,0,7,0,7
2025-05-19,Makassar,SKU_HIJAB_INSTAN,Fashion,65000,0,56,0,56
2025-05-19,Makassar,SKU_KOPI_GAYO,Food & Beverage,220000,0,19,0,19
2025-05-19,Makassar,SKU_BATIK_TULIS,Fashion Premium,1200000,0,3,0,3
2025-05-20,Jakarta,SKU_HIJAB_INSTAN,Fashion,65000,0,198,0,198
2025-05-20,Jakarta,SKU_KOPI_GAYO,Food & Beverage,220000,0,92,0,92
2025-05-20,Jakarta,SKU_BATIK_TULIS,Fashion Premium,1200000,0,18,0,18
2025-05-20,Surabaya,SKU_HIJAB_INSTAN,Fashion,65000,0,115,0,115
2025-05-20,Surabaya,SKU_KOPI_GAYO,Food & Beverage,220000,0,60,0,60
2025-05-20,Surabaya,SKU_BATIK_TULIS,Fashion Premium,1200000,0,12,0,12
2025-05-20,Medan,SKU_HIJAB_INSTAN,Fashion,65000,0,63,0,63
2025-05-20,Medan,SKU_KOPI_GAYO,Food & Beverage,220000,0,32,0,32
2025-05-20,Medan,SKU_BATIK_TULIS,Fashion Premium,1200000,0,10,0,10
2025-05-20,Makassar,SKU_HIJAB_INSTAN,Fashion,65000,0,25,0,25
2025-05-20,Makassar,SKU_KOPI_GAYO,Food & Beverage,220000,0,15,0,15
2025-05-20,Makassar,SKU_BATIK_TULIS,Fashion Premium,1200000,0,4,0,4
2025-05-21,Jakarta,SKU_HIJAB_INSTAN,Fashion,65000,0,163,1,0
2025-05-21,Jakarta,SKU_KOPI_GAYO,Food & Beverage,220000,0,92,0,92
2025-05-21,Jakarta,SKU_BATIK_TULIS,Fashion Premium,1200000,0,17,0,17
2025-05-21,Surabaya,SKU_HIJAB_INSTAN,Fashion,65000,0,94,0,94
2025-05-21,Surabaya,SKU_KOPI_GAYO,Food & Beverage,220000,0,66,0,66
2025-05-21,Surabaya,SKU_BATIK_TULIS,Fashion Premium,1200000,0,12,0,12
2025-05-21,Medan,SKU_HIJAB_INSTAN,Fashion,65000,0,62,0,62
2025-05-21,Medan,SKU_KOPI_GAYO,Food & Beverage,220000,0,47,0,47
2025-05-21,Medan,SKU_BATIK_TULIS,Fashion Premium,1200000,0,9,0,9
2025-05-21,Makassar,SKU_HIJAB_INSTAN,Fashion,65000,0,59,0,59
2025-05-21,Makassar,SKU_KOPI_GAYO,Food & Beverage,220000,0,28,0,28
2025-05-21,Makassar,SKU_BATIK_TULIS,Fashion Premium,1200000,0,4,0,4
2025-05-22,Jakarta,SKU_HIJAB_INSTAN,Fashion,65000,0,191,0,191
2025-05-22,Jakarta,SKU_KOPI_GAYO,Food & Beverage,220000,0,105,0,105
2025-05-22,Jakarta,SKU_BATIK_TULIS,Fashion Premium,1200000,0,20,0,20
2025-05-22,Surabaya,SKU_HIJAB_INSTAN,Fashion,65000,0,123,0,123
2025-05-22,Surabaya,SKU_KOPI_GAYO,Food & Beverage,220000,0,55,0,55
2025-05-22,Surabaya,SKU_BATIK_TULIS,Fashion Premium,1200000,0,12,0,12
2025-05-22,Medan,SKU_HIJAB_INSTAN,Fashion,65000,0,60,0,60
2025-05-22,Medan,SKU_KOPI_GAYO,Food & Beverage,220000,0,45,0,45
2025-05-22,Medan,SKU_BATIK_TULIS,Fashion Premium,1200000,0,9,0,9
2025-05-22,Makassar,SKU_HIJAB_INSTAN,Fashion,65000,0,16,0,16
2025-05-22,Makassar,SKU_KOPI_GAYO,Food & Beverage,220000,0,16,0,16
2025-05-22,Makassar,SKU_BATIK_TULIS,Fashion Premium,1200000,0,5,0,5
2025-05-23,Jakarta,SKU_HIJAB_INSTAN,Fashion,65000,0,192,0,192
2025-05-23,Jakarta,SKU_KOPI_GAYO,Food & Beverage,220000,0,94,0,94
2025-05-23,Jakarta,SKU_BATIK_TULIS,Fashion Premium,1200000,0,23,0,23
2025-05-23,Surabaya,SKU_HIJAB_INSTAN,Fashion,65000,0,113,0,113
2025-05-23,Surabaya,SKU_KOPI_GAYO,Food & Beverage,220000,0,74,0,74
2025-05-23,Surabaya,SKU_BATIK_TULIS,Fashion Premium,1200000,0,13,0,13
2025-05-23,Medan,SKU_HIJAB_INSTAN,Fashion,65000,0,73,0,73
2025-05-23,Medan,SKU_KOPI_GAYO,Food & Beverage,220000,0,21,0,21
2025-05-23,Medan,SKU_BATIK_TULIS,Fashion Premium,1200000,0,9,0,9
2025-05-23,Makassar,SKU_HIJAB_INSTAN,Fashion,65000,0,53,0,53
2025-05-23,Makassar,SKU_KOPI_GAYO,Food & Beverage,220000,0,25,0,25
2025-05-23,Makassar,SKU_BATIK_TULIS,Fashion Premium,1200000,0,6,0,6
2025-05-24,Jakarta,SKU_HIJAB_INSTAN,Fashion,65000,0,238,0,238
2025-05-24,Jakarta,SKU_KOPI_GAYO,Food & Beverage,220000,0,120,0,120
2025-05-24,Jakarta,SKU_BATIK_TULIS,Fashion Premium,1200000,0,27,0,27
2025-05-24,Surabaya,SKU_HIJAB_INSTAN,Fashion,65000,0,126,0,126
2025-05-24,Surabaya,SKU_KOPI_GAYO,Food & Beverage,220000,0,58,0,58
2025-05-24,Surabaya,SKU_BATIK_TULIS,Fashion Premium,1200000,0,15,0,15
2025-05-24,Medan,SKU_HIJAB_INSTAN,Fashion,65000,0,76,0,76
2025-05-24,Medan,SKU_KOPI_GAYO,Food & Beverage,220000,0,45,0,45
2025-05-24,Medan,SKU_BATIK_TULIS,Fashion Premium,1200000,0,12,0,12
2025-05-24,Makassar,SKU_HIJAB_INSTAN,Fashion,65000,0,37,0,37
2025-05-24,Makassar,SKU_KOPI_GAYO,Food & Beverage,220000,0,30,0,30
2025-05-24,Makassar,SKU_BATIK_TULIS,Fashion Premium,1200000,0,2,0,2
2025-05-25,Jakarta,SKU_HIJAB_INSTAN,Fashion,65000,0,212,0,212
2025-05-25,Jakarta,SKU_KOPI_GAYO,Food & Beverage,220000,0,102,0,102
2025-05-25,Jakarta,SKU_BATIK_TULIS,Fashion Premium,1200000,0,26,0,26
2025-05-25,Surabaya,SKU_HIJAB_INSTAN,Fashion,65000,0,126,0,126
2025-05-25,Surabaya,SKU_KOPI_GAYO,Food & Beverage,176000,1,114,0,114
2025-05-25,Surabaya,SKU_BATIK_TULIS,Fashion Premium,960000,1,24,0,24
2025-05-25,Medan,SKU_HIJAB_INSTAN,Fashion,65000,0,106,0,106
2025-05-25,Medan,SKU_KOPI_GAYO,Food & Beverage,176000,1,62,0,62
2025-05-25,Medan,SKU_BATIK_TULIS,Fashion Premium,960000,1,20,0,20
2025-05-25,Makassar,SKU_HIJAB_INSTAN,Fashion,65000,0,84,0,84
2025-05-25,Makassar,SKU_KOPI_GAYO,Food & Beverage,176000,1,13,0,13
2025-05-25,Makassar,SKU_BATIK_TULIS,Fashion Premium,1200000,0,2,0,2
2025-05-26,Jakarta,SKU_HIJAB_INSTAN,Fashion,52000,1,310,0,310
2025-05-26,Jakarta,SKU_KOPI_GAYO,Food & Beverage,176000,1,143,0,143
2025-05-26,Jakarta,SKU_BATIK_TULIS,Fashion Premium,1200000,0,19,0,19
2025-05-26,Surabaya,SKU_HIJAB_INSTAN,Fashion,52000,1,159,0,159
2025-05-26,Surabaya,SKU_KOPI_GAYO,Food & Beverage,220000,0,67,0,67
2025-05-26,Surabaya,SKU_BATIK_TULIS,Fashion Premium,960000,1,18,0,18
2025-05-26,Medan,SKU_HIJAB_INSTAN,Fashion,65000,0,47,0,47
2025-05-26,Medan,SKU_KOPI_GAYO,Food & Beverage,176000,1,65,0,65
2025-05-26,Medan,SKU_BATIK_TULIS,Fashion Premium,960000,1,15,0,15
2025-05-26,Makassar,SKU_HIJAB_INSTAN,Fashion,52000,1,45,0,45
2025-05-26,Makassar,SKU_KOPI_GAYO,Food & Beverage,220000,0,26,0,26
2025-05-26,Makassar,SKU_BATIK_TULIS,Fashion Premium,1200000,0,7,0,7
2025-05-27,Jakarta,SKU_HIJAB_INSTAN,Fashion,65000,0,220,0,220
2025-05-27,Jakarta,SKU_KOPI_GAYO,Food & Beverage,220000,0,105,0,105
2025-05-27,Jakarta,SKU_BATIK_TULIS,Fashion Premium,1200000,0,20,0,20
2025-05-27,Surabaya,SKU_HIJAB_INSTAN,Fashion,52000,1,178,0,178
2025-05-27,Surabaya,SKU_KOPI_GAYO,Food & Beverage,176000,1,91,0,91
2025-05-27,Surabaya,SKU_BATIK_TULIS,Fashion Premium,1200000,0,12,0,12
2025-05-27,Medan,SKU_HIJAB_INSTAN,Fashion,52000,1,133,0,133
2025-05-27,Medan,SKU_KOPI_GAYO,Food & Beverage,220000,0,30,0,30
2025-05-27,Medan,SKU_BATIK_TULIS,Fashion Premium,1200000,0,8,0,8
2025-05-27,Makassar,SKU_HIJAB_INSTAN,Fashion,52000,1,34,0,34
2025-05-27,Makassar,SKU_KOPI_GAYO,Food & Beverage,176000,1,33,0,33
2025-05-27,Makassar,SKU_BATIK_TULIS,Fashion Premium,1200000,0,5,0,5
2025-05-28,Jakarta,SKU_HIJAB_INSTAN,Fashion,65000,0,229,0,229
2025-05-28,Jakarta,SKU_KOPI_GAYO,Food & Beverage,220000,0,97,0,97
2025-05-28,Jakarta,SKU_BATIK_TULIS,Fashion Premium,960000,1,28,0,28
2025-05-28,Surabaya,SKU_HIJAB_INSTAN,Fashion,52000,1,174,0,174
2025-05-28,Surabaya,SKU_KOPI_GAYO,Food & Beverage,220000,0,61,0,61
2025-05-28,Surabaya,SKU_BATIK_TULIS,Fashion Premium,1200000,0,12,0,12
2025-05-28,Medan,SKU_HIJAB_INSTAN,Fashion,52000,1,120,0,120
2025-05-28,Medan,SKU_KOPI_GAYO,Food & Beverage,176000,1,62,0,62
2025-05-28,Medan,SKU_BATIK_TULIS,Fashion Premium,1200000,0,7,0,7
2025-05-28,Makassar,SKU_HIJAB_INSTAN,Fashion,65000,0,14,0,14
2025-05-28,Makassar,SKU_KOPI_GAYO,Food & Beverage,220000,0,14,0,14
2025-05-28,Makassar,SKU_BATIK_TULIS,Fashion Premium,1200000,0,5,0,5
2025-05-29,Jakarta,SKU_HIJAB_INSTAN,Fashion,65000,0,188,0,188
2025-05-29,Jakarta,SKU_KOPI_GAYO,Food & Beverage,220000,0,102,0,102
2025-05-29,Jakarta,SKU_BATIK_TULIS,Fashion Premium,1200000,0,19,0,19
2025-05-29,Surabaya,SKU_HIJAB_INSTAN,Fashion,65000,0,83,0,83
2025-05-29,Surabaya,SKU_KOPI_GAYO,Food & Beverage,220000,0,54,0,54
2025-05-29,Surabaya,SKU_BATIK_TULIS,Fashion Premium,1200000,0,12,0,12
2025-05-29,Medan,SKU_HIJAB_INSTAN,Fashion,65000,0,64,0,64
2025-05-29,Medan,SKU_KOPI_GAYO,Food & Beverage,220000,0,51,0,51
2025-05-29,Medan,SKU_BATIK_TULIS,Fashion Premium,1200000,0,8,0,8
2025-05-29,Makassar,SKU_HIJAB_INSTAN,Fashion,65000,0,49,0,49
2025-05-29,Makassar,SKU_KOPI_GAYO,Food & Beverage,220000,0,29,0,29
2025-05-29,Makassar,SKU_BATIK_TULIS,Fashion Premium,1200000,0,4,0,4
2025-05-30,Jakarta,SKU_HIJAB_INSTAN,Fashion,65000,0,198,0,198
2025-05-30,Jakarta,SKU_KOPI_GAYO,Food & Beverage,220000,0,93,0,93
2025-05-30,Jakarta,SKU_BATIK_TULIS,Fashion Premium,1200000,0,21,0,21
2025-05-30,Surabaya,SKU_HIJAB_INSTAN,Fashion,65000,0,136,0,136
2025-05-30,Surabaya,SKU_KOPI_GAYO,Food & Beverage,220000,0,68,0,68
2025-05-30,Surabaya,SKU_BATIK_TULIS,Fashion Premium,1200000,0,17,0,17
2025-05-30,Medan,SKU_HIJAB_INSTAN,Fashion,65000,0,101,0,101
2025-05-30,Medan,SKU_KOPI_GAYO,Food & Beverage,220000,0,54,0,54
2025-05-30,Medan,SKU_BATIK_TULIS,Fashion Premium,1200000,0,11,0,11
2025-05-30,Makassar,SKU_HIJAB_INSTAN,Fashion,65000,0,44,0,44
2025-05-30,Makassar,SKU_KOPI_GAYO,Food & Beverage,220000,0,16,0,16
2025-05-30,Makassar,SKU_BATIK_TULIS,Fashion Premium,1200000,0,4,0,4
2025-05-31,Jakarta,SKU_HIJAB_INSTAN,Fashion,65000,0,228,0,228
2025-05-31,Jakarta,SKU_KOPI_GAYO,Food & Beverage,220000,0,118,0,118
2025-05-31,Jakarta,SKU_BATIK_TULIS,Fashion Premium,1200000,0,29,0,29
2025-05-31,Surabaya,SKU_HIJAB_INSTAN,Fashion,65000,0,122,0,122
2025-05-31,Surabaya,SKU_KOPI_GAYO,Food & Beverage,220000,0,66,0,66
2025-05-31,Surabaya,SKU_BATIK_TULIS,Fashion Premium,1200000,0,11,0,11
2025-05-31,Medan,SKU_HIJAB_INSTAN,Fashion,65000,0,102,0,102
2025-05-31,Medan,SKU_KOPI_GAYO,Food & Beverage,220000,0,46,0,46
2025-05-31,Medan,SKU_BATIK_TULIS,Fashion Premium,1200000,0,10,0,10
2025-05-31,Makassar,SKU_HIJAB_INSTAN,Fashion,65000,0,44,0,44
2025-05-31,Makassar,SKU_KOPI_GAYO,Food & Beverage,220000,0,29,0,29
2025-05-31,Makassar,SKU_BATIK_TULIS,Fashion Premium,1200000,0,4,0,4
2025-06-01,Jakarta,SKU_HIJAB_INSTAN,Fashion,65000,0,201,0,201
2025-06-01,Jakarta,SKU_KOPI_GAYO,Food & Beverage,220000,0,108,0,108
2025-06-01,Jakarta,SKU_BATIK_TULIS,Fashion Premium,1200000,0,25,0,25
2025-06-01,Surabaya,SKU_HIJAB_INSTAN,Fashion,65000,0,150,0,150
2025-06-01,Surabaya,SKU_KOPI_GAYO,Food & Beverage,220000,0,62,0,62
2025-06-01,Surabaya,SKU_BATIK_TULIS,Fashion Premium,1200000,0,9,0,9
2025-06-01,Medan,SKU_HIJAB_INSTAN,Fashion,65000,0,92,0,92
2025-06-01,Medan,SKU_KOPI_GAYO,Food & Beverage,220000,0,44,0,44
2025-06-01,Medan,SKU_BATIK_TULIS,Fashion Premium,1200000,0,12,0,12
2025-06-01,Makassar,SKU_HIJAB_INSTAN,Fashion,65000,0,30,0,30
2025-06-01,Makassar,SKU_KOPI_GAYO,Food & Beverage,220000,0,16,0,16
2025-06-01,Makassar,SKU_BATIK_TULIS,Fashion Premium,1200000,0,3,0,3
2025-06-02,Jakarta,SKU_HIJAB_INSTAN,Fashion,65000,0,199,0,199
2025-06-02,Jakarta,SKU_KOPI_GAYO,Food & Beverage,220000,0,87,0,87
2025-06-02,Jakarta,SKU_BATIK_TULIS,Fashion Premium,1200000,0,18,0,18
2025-06-02,Surabaya,SKU_HIJAB_INSTAN,Fashion,65000,0,98,1,0
2025-06-02,Surabaya,SKU_KOPI_GAYO,Food & Beverage,220000,0,57,0,57
2025-06-02,Surabaya,SKU_BATIK_TULIS,Fashion Premium,1200000,0,8,0,8
2025-06-02,Medan,SKU_HIJAB_INSTAN,Fashion,65000,0,81,0,81
2025-06-02,Medan,SKU_KOPI_GAYO,Food & Beverage,220000,0,36,0,36
2025-06-02,Medan,SKU_BATIK_TULIS,Fashion Premium,1200000,0,7,0,7
2025-06-02,Makassar,SKU_HIJAB_INSTAN,Fashion,65000,0,44,0,44
2025-06-02,Makassar,SKU_KOPI_GAYO,Food & Beverage,220000,0,15,0,15
2025-06-02,Makassar,SKU_BATIK_TULIS,Fashion Premium,1200000,0,2,0,2
2025-06-03,Jakarta,SKU_HIJAB_INSTAN,Fashion,65000,0,189,0,189
2025-06-03,Jakarta,SKU_KOPI_GAYO,Food & Beverage,220000,0,92,0,92
2025-06-03,Jakarta,SKU_BATIK_TULIS,Fashion Premium,1200000,0,21,0,21
2025-06-03,Surabaya,SKU_HIJAB_INSTAN,Fashion,65000,0,113,0,113
2025-06-03,Surabaya,SKU_KOPI_GAYO,Food & Beverage,220000,0,67,0,67
2025-06-03,Surabaya,SKU_BATIK_TULIS,Fashion Premium,1200000,0,11,0,11
2025-06-03,Medan,SKU_HIJAB_INSTAN,Fashion,65000,0,72,0,72
2025-06-03,Medan,SKU_KOPI_GAYO,Food & Beverage,220000,0,32,0,32
2025-06-03,Medan,SKU_BATIK_TULIS,Fashion Premium,1200000,0,7,0,7
2025-06-03,Makassar,SKU_HIJAB_INSTAN,Fashion,65000,0,22,0,22
2025-06-03,Makassar,SKU_KOPI_GAYO,Food & Beverage,220000,0,20,1,0
2025-06-03,Makassar,SKU_BATIK_TULIS,Fashion Premium,1200000,0,4,0,4
2025-06-04,Jakarta,SKU_HIJAB_INSTAN,Fashion,65000,0,190,0,190
2025-06-04,Jakarta,SKU_KOPI_GAYO,Food & Beverage,220000,0,127,0,127
2025-06-04,Jakarta,SKU_BATIK_TULIS,Fashion Premium,1200000,0,20,0,20
2025-06-04,Surabaya,SKU_HIJAB_INSTAN,Fashion,65000,0,108,0,108
2025-06-04,Surabaya,SKU_KOPI_GAYO,Food & Beverage,220000,0,65,0,65
2025-06-04,Surabaya,SKU_BATIK_TULIS,Fashion Premium,1200000,0,13,0,13
2025-06-04,Medan,SKU_HIJAB_INSTAN,Fashion,65000,0,82,0,82
2025-06-04,Medan,SKU_KOPI_GAYO,Food & Beverage,220000,0,44,0,44
2025-06-04,Medan,SKU_BATIK_TULIS,Fashion Premium,1200000,0,8,0,8
2025-06-04,Makassar,SKU_HIJAB_INSTAN,Fashion,65000,0,43,0,43
2025-06-04,Makassar,SKU_KOPI_GAYO,Food & Beverage,220000,0,22,0,22
2025-06-04,Makassar,SKU_BATIK_TULIS,Fashion Premium,1200000,0,2,0,2
2025-06-05,Jakarta,SKU_HIJAB_INSTAN,Fashion,65000,0,215,0,215
2025-06-05,Jakarta,SKU_KOPI_GAYO,Food & Beverage,220000,0,99,0,99
2025-06-05,Jakarta,SKU_BATIK_TULIS,Fashion Premium,1200000,0,21,0,21
2025-06-05,Surabaya,SKU_HIJAB_INSTAN,Fashion,65000,0,117,0,117
2025-06-05,Surabaya,SKU_KOPI_GAYO,Food & Beverage,220000,0,53,0,53
2025-06-05,Surabaya,SKU_BATIK_TULIS,Fashion Premium,1200000,0,12,0,12
2025-06-05,Medan,SKU_HIJAB_INSTAN,Fashion,65000,0,99,0,99
2025-06-05,Medan,SKU_KOPI_GAYO,Food & Beverage,220000,0,50,0,50
2025-06-05,Medan,SKU_BATIK_TULIS,Fashion Premium,1200000,0,7,0,7
2025-06-05,Makassar,SKU_HIJAB_INSTAN,Fashion,65000,0,3,0,3
2025-06-05,Makassar,SKU_KOPI_GAYO,Food & Beverage,220000,0,7,0,7
2025-06-05,Makassar,SKU_BATIK_TULIS,Fashion Premium,1200000,0,3,0,3
2025-06-06,Jakarta,SKU_HIJAB_INSTAN,Fashion,65000,0,180,0,180
2025-06-06,Jakarta,SKU_KOPI_GAYO,Food & Beverage,220000,0,96,0,96
2025-06-06,Jakarta,SKU_BATIK_TULIS,Fashion Premium,1200000,0,26,0,26
2025-06-06,Surabaya,SKU_HIJAB_INSTAN,Fashion,65000,0,151,0,151
2025-06-06,Surabaya,SKU_KOPI_GAYO,Food & Beverage,220000,0,49,0,49
2025-06-06,Surabaya,SKU_BATIK_TULIS,Fashion Premium,1200000,0,14,0,14
2025-06-06,Medan,SKU_HIJAB_INSTAN,Fashion,65000,0,38,0,38
2025-06-06,Medan,SKU_KOPI_GAYO,Food & Beverage,220000,0,38,0,38
2025-06-06,Medan,SKU_BATIK_TULIS,Fashion Premium,1200000,0,11,0,11
2025-06-06,Makassar,SKU_HIJAB_INSTAN,Fashion,65000,0,31,0,31
2025-06-06,Makassar,SKU_KOPI_GAYO,Food & Beverage,220000,0,26,0,26
2025-06-06,Makassar,SKU_BATIK_TULIS,Fashion Premium,1200000,0,7,0,7
2025-06-07,Jakarta,SKU_HIJAB_INSTAN,Fashion,65000,0,272,0,272
2025-06-07,Jakarta,SKU_KOPI_GAYO,Food & Beverage,220000,0,90,0,90
2025-06-07,Jakarta,SKU_BATIK_TULIS,Fashion Premium,1200000,0,27,0,27
2025-06-07,Surabaya,SKU_HIJAB_INSTAN,Fashion,65000,0,138,0,138
2025-06-07,Surabaya,SKU_KOPI_GAYO,Food & Beverage,220000,0,72,1,0
2025-06-07,Surabaya,SKU_BATIK_TULIS,Fashion Premium,1200000,0,19,0,19
2025-06-07,Medan,SKU_HIJAB_INSTAN,Fashion,65000,0,91,0,91
2025-06-07,Medan,SKU_KOPI_GAYO,Food & Beverage,220000,0,56,0,56
2025-06-07,Medan,SKU_BATIK_TULIS,Fashion Premium,1200000,0,10,0,10
2025-06-07,Makassar,SKU_HIJAB_INSTAN,Fashion,65000,0,30,0,30
2025-06-07,Makassar,SKU_KOPI_GAYO,Food & Beverage,220000,0,27,0,27
2025-06-07,Makassar,SKU_BATIK_TULIS,Fashion Premium,1200000,0,2,0,2
2025-06-08,Jakarta,SKU_HIJAB_INSTAN,Fashion,65000,0,231,0,231
2025-06-08,Jakarta,SKU_KOPI_GAYO,Food & Beverage,220000,0,110,0,110
2025-06-08,Jakarta,SKU_BATIK_TULIS,Fashion Premium,1200000,0,27,0,27
2025-06-08,Surabaya,SKU_HIJAB_INSTAN,Fashion,65000,0,129,0,129
2025-06-08,Surabaya,SKU_KOPI_GAYO,Food & Beverage,220000,0,70,0,70
2025-06-08,Surabaya,SKU_BATIK_TULIS,Fashion Premium,1200000,0,11,0,11
2025-06-08,Medan,SKU_HIJAB_INSTAN,Fashion,65000,0,96,0,96
2025-06-08,Medan,SKU_KOPI_GAYO,Food & Beverage,220000,0,43,0,43
2025-06-08,Medan,SKU_BATIK_TULIS,Fashion Premium,1200000,0,12,0,12
2025-06-08,Makassar,SKU_HIJAB_INSTAN,Fashion,65000,0,84,0,84
2025-06-08,Makassar,SKU_KOPI_GAYO,Food & Beverage,220000,0,36,0,36
2025-06-08,Makassar,SKU_BATIK_TULIS,Fashion Premium,1200000,0,2,0,2
2025-06-09,Jakarta,SKU_HIJAB_INSTAN,Fashion,65000,0,185,0,185
2025-06-09,Jakarta,SKU_KOPI_GAYO,Food & Beverage,220000,0,91,0,91
2025-06-09,Jakarta,SKU_BATIK_TULIS,Fashion Premium,1200000,0,16,0,16
2025-06-09,Surabaya,SKU_HIJAB_INSTAN,Fashion,65000,0,117,0,117
2025-06-09,Surabaya,SKU_KOPI_GAYO,Food & Beverage,220000,0,52,0,52
2025-06-09,Surabaya,SKU_BATIK_TULIS,Fashion Premium,1200000,0,10,0,10
2025-06-09,Medan,SKU_HIJAB_INSTAN,Fashion,65000,0,69,0,69
2025-06-09,Medan,SKU_KOPI_GAYO,Food & Beverage,220000,0,25,0,25
2025-06-09,Medan,SKU_BATIK_TULIS,Fashion Premium,1200000,0,7,0,7
2025-06-09,Makassar,SKU_HIJAB_INSTAN,Fashion,65000,0,28,0,28
2025-06-09,Makassar,SKU_KOPI_GAYO,Food & Beverage,220000,0,27,0,27
2025-06-09,Makassar,SKU_BATIK_TULIS,Fashion Premium,1200000,0,3,0,3
2025-06-10,Jakarta,SKU_HIJAB_INSTAN,Fashion,65000,0,178,0,178
2025-06-10,Jakarta,SKU_KOPI_GAYO,Food & Beverage,220000,0,96,0,96
2025-06-10,Jakarta,SKU_BATIK_TULIS,Fashion Premium,1200000,0,19,0,19
2025-06-10,Surabaya,SKU_HIJAB_INSTAN,Fashion,65000,0,104,0,104
2025-06-10,Surabaya,SKU_KOPI_GAYO,Food & Beverage,220000,0,58,0,58
2025-06-10,Surabaya,SKU_BATIK_TULIS,Fashion Premium,1200000,0,10,0,10
2025-06-10,Medan,SKU_HIJAB_INSTAN,Fashion,65000,0,61,0,61
2025-06-10,Medan,SKU_KOPI_GAYO,Food & Beverage,220000,0,46,0,46
2025-06-10,Medan,SKU_BATIK_TULIS,Fashion Premium,1200000,0,9,0,9
2025-06-10,Makassar,SKU_HIJAB_INSTAN,Fashion,65000,0,46,0,46
2025-06-10,Makassar,SKU_KOPI_GAYO,Food & Beverage,220000,0,30,0,30
2025-06-10,Makassar,SKU_BATIK_TULIS,Fashion Premium,1200000,0,3,0,3
2025-06-11,Jakarta,SKU_HIJAB_INSTAN,Fashion,65000,0,190,0,190
2025-06-11,Jakarta,SKU_KOPI_GAYO,Food & Beverage,220000,0,102,0,102
2025-06-11,Jakarta,SKU_BATIK_TULIS,Fashion Premium,1200000,0,18,0,18
2025-06-11,Surabaya,SKU_HIJAB_INSTAN,Fashion,65000,0,90,0,90
2025-06-11,Surabaya,SKU_KOPI_GAYO,Food & Beverage,220000,0,68,0,68
2025-06-11,Surabaya,SKU_BATIK_TULIS,Fashion Premium,1200000,0,10,0,10
2025-06-11,Medan,SKU_HIJAB_INSTAN,Fashion,65000,0,96,0,96
2025-06-11,Medan,SKU_KOPI_GAYO,Food & Beverage,220000,0,44,0,44
2025-06-11,Medan,SKU_BATIK_TULIS,Fashion Premium,1200000,0,8,0,8
2025-06-11,Makassar,SKU_HIJAB_INSTAN,Fashion,65000,0,52,0,52
2025-06-11,Makassar,SKU_KOPI_GAYO,Food & Beverage,220000,0,16,0,16
2025-06-11,Makassar,SKU_BATIK_TULIS,Fashion Premium,1200000,0,5,0,5
2025-06-12,Jakarta,SKU_HIJAB_INSTAN,Fashion,65000,0,226,0,226
2025-06-12,Jakarta,SKU_KOPI_GAYO,Food & Beverage,220000,0,109,0,109
2025-06-12,Jakarta,SKU_BATIK_TULIS,Fashion Premium,1200000,0,19,0,19
2025-06-12,Surabaya,SKU_HIJAB_INSTAN,Fashion,65000,0,125,0,125
2025-06-12,Surabaya,SKU_KOPI_GAYO,Food & Beverage,220000,0,50,0,50
2025-06-12,Surabaya,SKU_BATIK_TULIS,Fashion Premium,1200000,0,14,0,14
2025-06-12,Medan,SKU_HIJAB_INSTAN,Fashion,65000,0,75,0,75
2025-06-12,Medan,SKU_KOPI_GAYO,Food & Beverage,220000,0,26,0,26
2025-06-12,Medan,SKU_BATIK_TULIS,Fashion Premium,1200000,0,7,0,7
2025-06-12,Makassar,SKU_HIJAB_INSTAN,Fashion,65000,0,41,0,41
2025-06-12,Makassar,SKU_KOPI_GAYO,Food & Beverage,220000,0,14,0,14
2025-06-12,Makassar,SKU_BATIK_TULIS,Fashion Premium,1200000,0,6,0,6
2025-06-13,Jakarta,SKU_HIJAB_INSTAN,Fashion,65000,0,200,0,200
2025-06-13,Jakarta,SKU_KOPI_GAYO,Food & Beverage,220000,0,97,0,97
2025-06-13,Jakarta,SKU_BATIK_TULIS,Fashion Premium,1200000,0,20,0,20
2025-06-13,Surabaya,SKU_HIJAB_INSTAN,Fashion,65000,0,141,0,141
2025-06-13,Surabaya,SKU_KOPI_GAYO,Food & Beverage,220000,0,63,0,63
2025-06-13,Surabaya,SKU_BATIK_TULIS,Fashion Premium,1200000,0,16,0,16
2025-06-13,Medan,SKU_HIJAB_INSTAN,Fashion,65000,0,88,0,88
2025-06-13,Medan,SKU_KOPI_GAYO,Food & Beverage,220000,0,53,0,53
2025-06-13,Medan,SKU_BATIK_TULIS,Fashion Premium,1200000,0,11,0,11
2025-06-13,Makassar,SKU_HIJAB_INSTAN,Fashion,65000,0,51,0,51
2025-06-13,Makassar,SKU_KOPI_GAYO,Food & Beverage,220000,0,21,0,21
2025-06-13,Makassar,SKU_BATIK_TULIS,Fashion Premium,1200000,0,2,0,2
2025-06-14,Jakarta,SKU_HIJAB_INSTAN,Fashion,65000,0,219,0,219
2025-06-14,Jakarta,SKU_KOPI_GAYO,Food & Beverage,220000,0,99,0,99
2025-06-14,Jakarta,SKU_BATIK_TULIS,Fashion Premium,1200000,0,27,0,27
2025-06-14,Surabaya,SKU_HIJAB_INSTAN,Fashion,65000,0,130,0,130
2025-06-14,Surabaya,SKU_KOPI_GAYO,Food & Beverage,220000,0,72,0,72
2025-06-14,Surabaya,SKU_BATIK_TULIS,Fashion Premium,1200000,0,18,0,18
2025-06-14,Medan,SKU_HIJAB_INSTAN,Fashion,65000,0,88,0,88
2025-06-14,Medan,SKU_KOPI_GAYO,Food & Beverage,220000,0,44,0,44
2025-06-14,Medan,SKU_BATIK_TULIS,Fashion Premium,1200000,0,9,0,9
2025-06-14,Makassar,SKU_HIJAB_INSTAN,Fashion,65000,0,58,0,58
2025-06-14,Makassar,SKU_KOPI_GAYO,Food & Beverage,220000,0,25,0,25
2025-06-14,Makassar,SKU_BATIK_TULIS,Fashion Premium,1200000,0,9,0,9
2025-06-15,Jakarta,SKU_HIJAB_INSTAN,Fashion,65000,0,219,0,219
2025-06-15,Jakarta,SKU_KOPI_GAYO,Food & Beverage,220000,0,115,0,115
2025-06-15,Jakarta,SKU_BATIK_TULIS,Fashion Premium,1200000,0,23,0,23
2025-06-15,Surabaya,SKU_HIJAB_INSTAN,Fashion,65000,0,135,0,135
2025-06-15,Surabaya,SKU_KOPI_GAYO,Food & Beverage,220000,0,60,0,60
2025-06-15,Surabaya,SKU_BATIK_TULIS,Fashion Premium,1200000,0,15,0,15
2025-06-15,Medan,SKU_HIJAB_INSTAN,Fashion,65000,0,95,0,95
2025-06-15,Medan,SKU_KOPI_GAYO,Food & Beverage,220000,0,30,0,30
2025-06-15,Medan,SKU_BATIK_TULIS,Fashion Premium,1200000,0,12,0,12
2025-06-15,Makassar,SKU_HIJAB_INSTAN,Fashion,65000,0,62,0,62
2025-06-15,Makassar,SKU_KOPI_GAYO,Food & Beverage,220000,0,19,0,19
2025-06-15,Makassar,SKU_BATIK_TULIS,Fashion Premium,1200000,0,5,0,5
2025-06-16,Jakarta,SKU_HIJAB_INSTAN,Fashion,65000,0,191,0,191
2025-06-16,Jakarta,SKU_KOPI_GAYO,Food & Beverage,220000,0,103,0,103
2025-06-16,Jakarta,SKU_BATIK_TULIS,Fashion Premium,1200000,0,18,0,18
2025-06-16,Surabaya,SKU_HIJAB_INSTAN,Fashion,65000,0,123,0,123
2025-06-16,Surabaya,SKU_KOPI_GAYO,Food & Beverage,220000,0,51,0,51
2025-06-16,Surabaya,SKU_BATIK_TULIS,Fashion Premium,1200000,0,12,0,12
2025-06-16,Medan,SKU_HIJAB_INSTAN,Fashion,65000,0,68,0,68
2025-06-16,Medan,SKU_KOPI_GAYO,Food & Beverage,220000,0,42,0,42
2025-06-16,Medan,SKU_BATIK_TULIS,Fashion Premium,1200000,0,7,0,7
2025-06-16,Makassar,SKU_HIJAB_INSTAN,Fashion,65000,0,8,0,8
2025-06-16,Makassar,SKU_KOPI_GAYO,Food & Beverage,220000,0,20,0,20
2025-06-16,Makassar,SKU_BATIK_TULIS,Fashion Premium,1200000,0,3,0,3
2025-06-17,Jakarta,SKU_HIJAB_INSTAN,Fashion,65000,0,187,0,187
2025-06-17,Jakarta,SKU_KOPI_GAYO,Food & Beverage,220000,0,81,0,81
2025-06-17,Jakarta,SKU_BATIK_TULIS,Fashion Premium,1200000,0,20,0,20
2025-06-17,Surabaya,SKU_HIJAB_INSTAN,Fashion,65000,0,100,0,100
2025-06-17,Surabaya,SKU_KOPI_GAYO,Food & Beverage,220000,0,56,0,56
2025-06-17,Surabaya,SKU_BATIK_TULIS,Fashion Premium,1200000,0,12,0,12
2025-06-17,Medan,SKU_HIJAB_INSTAN,Fashion,65000,0,92,0,92
2025-06-17,Medan,SKU_KOPI_GAYO,Food & Beverage,220000,0,41,0,41
2025-06-17,Medan,SKU_BATIK_TULIS,Fashion Premium,1200000,0,6,0,6
2025-06-17,Makassar,SKU_HIJAB_INSTAN,Fashion,65000,0,42,0,42
2025-06-17,Makassar,SKU_KOPI_GAYO,Food & Beverage,220000,0,14,0,14
2025-06-17,Makassar,SKU_BATIK_TULIS,Fashion Premium,1200000,0,2,0,2
2025-06-18,Jakarta,SKU_HIJAB_INSTAN,Fashion,65000,0,197,0,197
2025-06-18,Jakarta,SKU_KOPI_GAYO,Food & Beverage,220000,0,86,0,86
2025-06-18,Jakarta,SKU_BATIK_TULIS,Fashion Premium,1200000,0,21,0,21
2025-06-18,Surabaya,SKU_HIJAB_INSTAN,Fashion,65000,0,108,0,108
2025-06-18,Surabaya,SKU_KOPI_GAYO,Food & Beverage,220000,0,57,0,57
2025-06-18,Surabaya,SKU_BATIK_TULIS,Fashion Premium,1200000,0,10,0,10
2025-06-18,Medan,SKU_HIJAB_INSTAN,Fashion,65000,0,61,0,61
2025-06-18,Medan,SKU_KOPI_GAYO,Food & Beverage,220000,0,20,0,20
2025-06-18,Medan,SKU_BATIK_TULIS,Fashion Premium,1200000,0,6,0,6
2025-06-18,Makassar,SKU_HIJAB_INSTAN,Fashion,65000,0,61,0,61
2025-06-18,Makassar,SKU_KOPI_GAYO,Food & Beverage,220000,0,29,0,29
2025-06-18,Makassar,SKU_BATIK_TULIS,Fashion Premium,1200000,0,2,0,2
2025-06-19,Jakarta,SKU_HIJAB_INSTAN,Fashion,65000,0,221,0,221
2025-06-19,Jakarta,SKU_KOPI_GAYO,Food & Beverage,220000,0,102,0,102
2025-06-19,Jakarta,SKU_BATIK_TULIS,Fashion Premium,1200000,0,19,0,19
2025-06-19,Surabaya,SKU_HIJAB_INSTAN,Fashion,65000,0,130,0,130
2025-06-19,Surabaya,SKU_KOPI_GAYO,Food & Beverage,220000,0,59,0,59
2025-06-19,Surabaya,SKU_BATIK_TULIS,Fashion Premium,1200000,0,12,0,12
2025-06-19,Medan,SKU_HIJAB_INSTAN,Fashion,65000,0,74,0,74
2025-06-19,Medan,SKU_KOPI_GAYO,Food & Beverage,220000,0,45,0,45
2025-06-19,Medan,SKU_BATIK_TULIS,Fashion Premium,1200000,0,9,0,9
2025-06-19,Makassar,SKU_HIJAB_INSTAN,Fashion,65000,0,28,0,28
2025-06-19,Makassar,SKU_KOPI_GAYO,Food & Beverage,220000,0,23,0,23
2025-06-19,Makassar,SKU_BATIK_TULIS,Fashion Premium,1200000,0,4,0,4
2025-06-20,Jakarta,SKU_HIJAB_INSTAN,Fashion,65000,0,162,0,162
2025-06-20,Jakarta,SKU_KOPI_GAYO,Food & Beverage,220000,0,109,0,109
2025-06-20,Jakarta,SKU_BATIK_TULIS,Fashion Premium,1200000,0,23,0,23
2025-06-20,Surabaya,SKU_HIJAB_INSTAN,Fashion,65000,0,125,0,125
2025-06-20,Surabaya,SKU_KOPI_GAYO,Food & Beverage,220000,0,64,0,64
2025-06-20,Surabaya,SKU_BATIK_TULIS,Fashion Premium,1200000,0,16,0,16
2025-06-20,Medan,SKU_HIJAB_INSTAN,Fashion,65000,0,105,0,105
2025-06-20,Medan,SKU_KOPI_GAYO,Food & Beverage,220000,0,47,0,47
2025-06-20,Medan,SKU_BATIK_TULIS,Fashion Premium,1200000,0,10,0,10
2025-06-20,Makassar,SKU_HIJAB_INSTAN,Fashion,65000,0,45,0,45
2025-06-20,Makassar,SKU_KOPI_GAYO,Food & Beverage,220000,0,17,0,17
2025-06-20,Makassar,SKU_BATIK_TULIS,Fashion Premium,1200000,0,7,0,7
2025-06-21,Jakarta,SKU_HIJAB_INSTAN,Fashion,65000,0,216,0,216
2025-06-21,Jakarta,SKU_KOPI_GAYO,Food & Beverage,220000,0,112,0,112
2025-06-21,Jakarta,SKU_BATIK_TULIS,Fashion Premium,1200000,0,28,0,28
2025-06-21,Surabaya,SKU_HIJAB_INSTAN,Fashion,65000,0,140,0,140
2025-06-21,Surabaya,SKU_KOPI_GAYO,Food & Beverage,220000,0,73,0,73
2025-06-21,Surabaya,SKU_BATIK_TULIS,Fashion Premium,1200000,0,17,0,17
2025-06-21,Medan,SKU_HIJAB_INSTAN,Fashion,65000,0,95,0,95
2025-06-21,Medan,SKU_KOPI_GAYO,Food & Beverage,220000,0,46,0,46
2025-06-21,Medan,SKU_BATIK_TULIS,Fashion Premium,1200000,0,13,0,13
2025-06-21,Makassar,SKU_HIJAB_INSTAN,Fashion,65000,0,7,0,7
2025-06-21,Makassar,SKU_KOPI_GAYO,Food & Beverage,220000,0,37,0,37
2025-06-21,Makassar,SKU_BATIK_TULIS,Fashion Premium,1200000,0,2,0,2
2025-06-22,Jakarta,SKU_HIJAB_INSTAN,Fashion,65000,0,234,0,234
2025-06-22,Jakarta,SKU_KOPI_GAYO,Food & Beverage,220000,0,106,0,106
2025-06-22,Jakarta,SKU_BATIK_TULIS,Fashion Premium,1200000,0,21,0,21
2025-06-22,Surabaya,SKU_HIJAB_INSTAN,Fashion,65000,0,156,0,156
2025-06-22,Surabaya,SKU_KOPI_GAYO,Food & Beverage,220000,0,59,0,59
2025-06-22,Surabaya,SKU_BATIK_TULIS,Fashion Premium,1200000,0,13,0,13
2025-06-22,Medan,SKU_HIJAB_INSTAN,Fashion,65000,0,102,0,102
2025-06-22,Medan,SKU_KOPI_GAYO,Food & Beverage,220000,0,36,0,36
2025-06-22,Medan,SKU_BATIK_TULIS,Fashion Premium,1200000,0,4,0,4
2025-06-22,Makassar,SKU_HIJAB_INSTAN,Fashion,65000,0,63,0,63
2025-06-22,Makassar,SKU_KOPI_GAYO,Food & Beverage,220000,0,8,0,8
2025-06-22,Makassar,SKU_BATIK_TULIS,Fashion Premium,1200000,0,5,0,5
2025-06-23,Jakarta,SKU_HIJAB_INSTAN,Fashion,65000,0,190,0,190
2025-06-23,Jakarta,SKU_KOPI_GAYO,Food & Beverage,220000,0,97,0,97
2025-06-23,Jakarta,SKU_BATIK_TULIS,Fashion Premium,1200000,0,16,0,16
2025-06-23,Surabaya,SKU_HIJAB_INSTAN,Fashion,65000,0,112,0,112
2025-06-23,Surabaya,SKU_KOPI_GAYO,Food & Beverage,220000,0,44,0,44
2025-06-23,Surabaya,SKU_BATIK_TULIS,Fashion Premium,1200000,0,10,0,10
2025-06-23,Medan,SKU_HIJAB_INSTAN,Fashion,65000,0,69,0,69
2025-06-23,Medan,SKU_KOPI_GAYO,Food & Beverage,220000,0,43,0,43
2025-06-23,Medan,SKU_BATIK_TULIS,Fashion Premium,1200000,0,7,0,7
2025-06-23,Makassar,SKU_HIJAB_INSTAN,Fashion,65000,0,17,0,17
2025-06-23,Makassar,SKU_KOPI_GAYO,Food & Beverage,220000,0,17,0,17
2025-06-23,Makassar,SKU_BATIK_TULIS,Fashion Premium,1200000,0,2,0,2
2025-06-24,Jakarta,SKU_HIJAB_INSTAN,Fashion,65000,0,192,0,192
2025-06-24,Jakarta,SKU_KOPI_GAYO,Food & Beverage,220000,0,94,1,0
2025-06-24,Jakarta,SKU_BATIK_TULIS,Fashion Premium,1200000,0,19,0,19
2025-06-24,Surabaya,SKU_HIJAB_INSTAN,Fashion,65000,0,117,0,117
2025-06-24,Surabaya,SKU_KOPI_GAYO,Food & Beverage,220000,0,55,0,55
2025-06-24,Surabaya,SKU_BATIK_TULIS,Fashion Premium,1200000,0,11,0,11
2025-06-24,Medan,SKU_HIJAB_INSTAN,Fashion,65000,0,68,0,68
2025-06-24,Medan,SKU_KOPI_GAYO,Food & Beverage,220000,0,42,0,42
2025-06-24,Medan,SKU_BATIK_TULIS,Fashion Premium,1200000,0,7,0,7
2025-06-24,Makassar,SKU_HIJAB_INSTAN,Fashion,65000,0,6,0,6
2025-06-24,Makassar,SKU_KOPI_GAYO,Food & Beverage,220000,0,37,0,37
2025-06-24,Makassar,SKU_BATIK_TULIS,Fashion Premium,1200000,0,3,0,3
2025-06-25,Jakarta,SKU_HIJAB_INSTAN,Fashion,52000,1,292,0,292
2025-06-25,Jakarta,SKU_KOPI_GAYO,Food & Beverage,220000,0,104,0,104
2025-06-25,Jakarta,SKU_BATIK_TULIS,Fashion Premium,1200000,0,20,0,20
2025-06-25,Surabaya,SKU_HIJAB_INSTAN,Fashion,52000,1,143,0,143
2025-06-25,Surabaya,SKU_KOPI_GAYO,Food & Beverage,176000,1,95,0,95
2025-06-25,Surabaya,SKU_BATIK_TULIS,Fashion Premium,960000,1,17,0,17
2025-06-25,Medan,SKU_HIJAB_INSTAN,Fashion,65000,0,82,0,82
2025-06-25,Medan,SKU_KOPI_GAYO,Food & Beverage,220000,0,41,0,41
2025-06-25,Medan,SKU_BATIK_TULIS,Fashion Premium,960000,1,8,0,8
2025-06-25,Makassar,SKU_HIJAB_INSTAN,Fashion,52000,1,85,0,85
2025-06-25,Makassar,SKU_KOPI_GAYO,Food & Beverage,220000,0,12,0,12
2025-06-25,Makassar,SKU_BATIK_TULIS,Fashion Premium,1200000,0,3,0,3
2025-06-26,Jakarta,SKU_HIJAB_INSTAN,Fashion,52000,1,329,0,329
2025-06-26,Jakarta,SKU_KOPI_GAYO,Food & Beverage,176000,1,143,0,143
2025-06-26,Jakarta,SKU_BATIK_TULIS,Fashion Premium,960000,1,33,0,33
2025-06-26,Surabaya,SKU_HIJAB_INSTAN,Fashion,52000,1,145,0,145
2025-06-26,Surabaya,SKU_KOPI_GAYO,Food & Beverage,176000,1,94,0,94
2025-06-26,Surabaya,SKU_BATIK_TULIS,Fashion Premium,1200000,0,17,0,17
2025-06-26,Medan,SKU_HIJAB_INSTAN,Fashion,65000,0,108,0,108
2025-06-26,Medan,SKU_KOPI_GAYO,Food & Beverage,220000,0,45,0,45
2025-06-26,Medan,SKU_BATIK_TULIS,Fashion Premium,1200000,0,11,0,11
2025-06-26,Makassar,SKU_HIJAB_INSTAN,Fashion,52000,1,89,0,89
2025-06-26,Makassar,SKU_KOPI_GAYO,Food & Beverage,220000,0,21,0,21
2025-06-26,Makassar,SKU_BATIK_TULIS,Fashion Premium,1200000,0,6,0,6
2025-06-27,Jakarta,SKU_HIJAB_INSTAN,Fashion,65000,0,229,0,229
2025-06-27,Jakarta,SKU_KOPI_GAYO,Food & Beverage,220000,0,116,0,116
2025-06-27,Jakarta,SKU_BATIK_TULIS,Fashion Premium,960000,1,38,0,38
2025-06-27,Surabaya,SKU_HIJAB_INSTAN,Fashion,52000,1,216,0,216
2025-06-27,Surabaya,SKU_KOPI_GAYO,Food & Beverage,220000,0,67,0,67
2025-06-27,Surabaya,SKU_BATIK_TULIS,Fashion Premium,1200000,0,14,0,14
2025-06-27,Medan,SKU_HIJAB_INSTAN,Fashion,52000,1,168,0,168
2025-06-27,Medan,SKU_KOPI_GAYO,Food & Beverage,176000,1,63,0,63
2025-06-27,Medan,SKU_BATIK_TULIS,Fashion Premium,1200000,0,14,0,14
2025-06-27,Makassar,SKU_HIJAB_INSTAN,Fashion,52000,1,85,0,85
2025-06-27,Makassar,SKU_KOPI_GAYO,Food & Beverage,220000,0,25,0,25
2025-06-27,Makassar,SKU_BATIK_TULIS,Fashion Premium,1200000,0,2,0,2
2025-06-28,Jakarta,SKU_HIJAB_INSTAN,Fashion,65000,0,248,0,248
2025-06-28,Jakarta,SKU_KOPI_GAYO,Food & Beverage,176000,1,158,0,158
2025-06-28,Jakarta,SKU_BATIK_TULIS,Fashion Premium,960000,1,46,0,46
2025-06-28,Surabaya,SKU_HIJAB_INSTAN,Fashion,65000,0,148,0,148
2025-06-28,Surabaya,SKU_KOPI_GAYO,Food & Beverage,220000,0,65,0,65
2025-06-28,Surabaya,SKU_BATIK_TULIS,Fashion Premium,960000,1,22,0,22
2025-06-28,Medan,SKU_HIJAB_INSTAN,Fashion,52000,1,131,0,131
2025-06-28,Medan,SKU_KOPI_GAYO,Food & Beverage,220000,0,55,0,55
2025-06-28,Medan,SKU_BATIK_TULIS,Fashion Premium,960000,1,21,0,21
2025-06-28,Makassar,SKU_HIJAB_INSTAN,Fashion,52000,1,114,0,114
2025-06-28,Makassar,SKU_KOPI_GAYO,Food & Beverage,220000,0,14,1,0
2025-06-28,Makassar,SKU_BATIK_TULIS,Fashion Premium,1200000,0,2,0,2
2025-06-29,Jakarta,SKU_HIJAB_INSTAN,Fashion,65000,0,234,0,234
2025-06-29,Jakarta,SKU_KOPI_GAYO,Food & Beverage,220000,0,102,0,102
2025-06-29,Jakarta,SKU_BATIK_TULIS,Fashion Premium,1200000,0,25,0,25
2025-06-29,Surabaya,SKU_HIJAB_INSTAN,Fashion,65000,0,109,0,109
2025-06-29,Surabaya,SKU_KOPI_GAYO,Food & Beverage,220000,0,69,0,69
2025-06-29,Surabaya,SKU_BATIK_TULIS,Fashion Premium,1200000,0,11,0,11
2025-06-29,Medan,SKU_HIJAB_INSTAN,Fashion,65000,0,114,0,114
2025-06-29,Medan,SKU_KOPI_GAYO,Food & Beverage,220000,0,42,0,42
2025-06-29,Medan,SKU_BATIK_TULIS,Fashion Premium,1200000,0,5,0,5
2025-06-29,Makassar,SKU_HIJAB_INSTAN,Fashion,65000,0,50,0,50
2025-06-29,Makassar,SKU_KOPI_GAYO,Food & Beverage,220000,0,4,0,4
2025-06-29,Makassar,SKU_BATIK_TULIS,Fashion Premium,1200000,0,6,0,6
2025-06-30,Jakarta,SKU_HIJAB_INSTAN,Fashion,65000,0,189,0,189
2025-06-30,Jakarta,SKU_KOPI_GAYO,Food & Beverage,220000,0,91,0,91
2025-06-30,Jakarta,SKU_BATIK_TULIS,Fashion Premium,1200000,0,17,0,17
2025-06-30,Surabaya,SKU_HIJAB_INSTAN,Fashion,65000,0,103,0,103
2025-06-30,Surabaya,SKU_KOPI_GAYO,Food & Beverage,220000,0,54,0,54
2025-06-30,Surabaya,SKU_BATIK_TULIS,Fashion Premium,1200000,0,10,0,10
2025-06-30,Medan,SKU_HIJAB_INSTAN,Fashion,65000,0,83,0,83
2025-06-30,Medan,SKU_KOPI_GAYO,Food & Beverage,220000,0,47,0,47
2025-06-30,Medan,SKU_BATIK_TULIS,Fashion Premium,1200000,0,7,0,7
2025-06-30,Makassar,SKU_HIJAB_INSTAN,Fashion,65000,0,37,0,37
2025-06-30,Makassar,SKU_KOPI_GAYO,Food & Beverage,220000,0,25,0,25
2025-06-30,Makassar,SKU_BATIK_TULIS,Fashion Premium,1200000,0,3,1,0
2025-07-01,Jakarta,SKU_HIJAB_INSTAN,Fashion,65000,0,188,0,188
2025-07-01,Jakarta,SKU_KOPI_GAYO,Food & Beverage,220000,0,96,0,96
2025-07-01,Jakarta,SKU_BATIK_TULIS,Fashion Premium,1200000,0,17,0,17
2025-07-01,Surabaya,SKU_HIJAB_INSTAN,Fashion,65000,0,121,0,121
2025-07-01,Surabaya,SKU_KOPI_GAYO,Food & Beverage,220000,0,40,0,40
2025-07-01,Surabaya,SKU_BATIK_TULIS,Fashion Premium,1200000,0,11,0,11
2025-07-01,Medan,SKU_HIJAB_INSTAN,Fashion,65000,0,71,0,71
2025-07-01,Medan,SKU_KOPI_GAYO,Food & Beverage,220000,0,34,0,34
2025-07-01,Medan,SKU_BATIK_TULIS,Fashion Premium,1200000,0,7,0,7
2025-07-01,Makassar,SKU_HIJAB_INSTAN,Fashion,65000,0,36,0,36
2025-07-01,Makassar,SKU_KOPI_GAYO,Food & Beverage,220000,0,27,0,27
2025-07-01,Makassar,SKU_BATIK_TULIS,Fashion Premium,1200000,0,3,0,3
2025-07-02,Jakarta,SKU_HIJAB_INSTAN,Fashion,65000,0,185,0,185
2025-07-02,Jakarta,SKU_KOPI_GAYO,Food & Beverage,220000,0,111,0,111
2025-07-02,Jakarta,SKU_BATIK_TULIS,Fashion Premium,1200000,0,19,0,19
2025-07-02,Surabaya,SKU_HIJAB_INSTAN,Fashion,65000,0,118,0,118
2025-07-02,Surabaya,SKU_KOPI_GAYO,Food & Beverage,220000,0,68,0,68
2025-07-02,Surabaya,SKU_BATIK_TULIS,Fashion Premium,1200000,0,12,0,12
2025-07-02,Medan,SKU_HIJAB_INSTAN,Fashion,65000,0,80,0,80
2025-07-02,Medan,SKU_KOPI_GAYO,Food & Beverage,220000,0,50,0,50
2025-07-02,Medan,SKU_BATIK_TULIS,Fashion Premium,1200000,0,7,0,7
2025-07-02,Makassar,SKU_HIJAB_INSTAN,Fashion,65000,0,46,0,46
2025-07-02,Makassar,SKU_KOPI_GAYO,Food & Beverage,220000,0,16,0,16
2025-07-02,Makassar,SKU_BATIK_TULIS,Fashion Premium,1200000,0,5,0,5
2025-07-03,Jakarta,SKU_HIJAB_INSTAN,Fashion,65000,0,204,0,204
2025-07-03,Jakarta,SKU_KOPI_GAYO,Food & Beverage,220000,0,80,0,80
2025-07-03,Jakarta,SKU_BATIK_TULIS,Fashion Premium,1200000,0,20,0,20
2025-07-03,Surabaya,SKU_HIJAB_INSTAN,Fashion,65000,0,138,0,138
2025-07-03,Surabaya,SKU_KOPI_GAYO,Food & Beverage,220000,0,46,0,46
2025-07-03,Surabaya,SKU_BATIK_TULIS,Fashion Premium,1200000,0,12,0,12
2025-07-03,Medan,SKU_HIJAB_INSTAN,Fashion,65000,0,53,0,53
2025-07-03,Medan,SKU_KOPI_GAYO,Food & Beverage,220000,0,27,0,27
2025-07-03,Medan,SKU_BATIK_TULIS,Fashion Premium,1200000,0,7,0,7
2025-07-03,Makassar,SKU_HIJAB_INSTAN,Fashion,65000,0,45,0,45
2025-07-03,Makassar,SKU_KOPI_GAYO,Food & Beverage,220000,0,11,0,11
2025-07-03,Makassar,SKU_BATIK_TULIS,Fashion Premium,1200000,0,7,0,7
2025-07-04,Jakarta,SKU_HIJAB_INSTAN,Fashion,65000,0,219,0,219
2025-07-04,Jakarta,SKU_KOPI_GAYO,Food & Beverage,220000,0,104,0,104
2025-07-04,Jakarta,SKU_BATIK_TULIS,Fashion Premium,1200000,0,22,0,22
2025-07-04,Surabaya,SKU_HIJAB_INSTAN,Fashion,65000,0,100,0,100
2025-07-04,Surabaya,SKU_KOPI_GAYO,Food & Beverage,220000,0,60,0,60
2025-07-04,Surabaya,SKU_BATIK_TULIS,Fashion Premium,1200000,0,18,0,18
2025-07-04,Medan,SKU_HIJAB_INSTAN,Fashion,65000,0,66,0,66
2025-07-04,Medan,SKU_KOPI_GAYO,Food & Beverage,220000,0,30,0,30
2025-07-04,Medan,SKU_BATIK_TULIS,Fashion Premium,1200000,0,11,0,11
2025-07-04,Makassar,SKU_HIJAB_INSTAN,Fashion,65000,0,58,0,58
2025-07-04,Makassar,SKU_KOPI_GAYO,Food & Beverage,220000,0,23,0,23
2025-07-04,Makassar,SKU_BATIK_TULIS,Fashion Premium,1200000,0,3,0,3
2025-07-05,Jakarta,SKU_HIJAB_INSTAN,Fashion,65000,0,241,0,241
2025-07-05,Jakarta,SKU_KOPI_GAYO,Food & Beverage,220000,0,95,0,95
2025-07-05,Jakarta,SKU_BATIK_TULIS,Fashion Premium,1200000,0,27,0,27
2025-07-05,Surabaya,SKU_HIJAB_INSTAN,Fashion,65000,0,107,0,107
2025-07-05,Surabaya,SKU_KOPI_GAYO,Food & Beverage,220000,0,64,0,64
2025-07-05,Surabaya,SKU_BATIK_TULIS,Fashion Premium,1200000,0,18,0,18
2025-07-05,Medan,SKU_HIJAB_INSTAN,Fashion,65000,0,126,0,126
2025-07-05,Medan,SKU_KOPI_GAYO,Food & Beverage,220000,0,38,0,38
2025-07-05,Medan,SKU_BATIK_TULIS,Fashion Premium,1200000,0,11,1,0
2025-07-05,Makassar,SKU_HIJAB_INSTAN,Fashion,65000,0,9,0,9
2025-07-05,Makassar,SKU_KOPI_GAYO,Food & Beverage,220000,0,16,0,16
2025-07-05,Makassar,SKU_BATIK_TULIS,Fashion Premium,1200000,0,6,0,6
2025-07-06,Jakarta,SKU_HIJAB_INSTAN,Fashion,65000,0,237,0,237
2025-07-06,Jakarta,SKU_KOPI_GAYO,Food & Beverage,220000,0,109,0,109
2025-07-06,Jakarta,SKU_BATIK_TULIS,Fashion Premium,1200000,0,24,0,24
2025-07-06,Surabaya,SKU_HIJAB_INSTAN,Fashion,65000,0,116,0,116
2025-07-06,Surabaya,SKU_KOPI_GAYO,Food & Beverage,220000,0,56,0,56
2025-07-06,Surabaya,SKU_BATIK_TULIS,Fashion Premium,1200000,0,15,0,15
2025-07-06,Medan,SKU_HIJAB_INSTAN,Fashion,65000,0,63,1,0
2025-07-06,Medan,SKU_KOPI_GAYO,Food & Beverage,220000,0,37,0,37
2025-07-06,Medan,SKU_BATIK_TULIS,Fashion Premium,1200000,0,11,0,11
2025-07-06,Makassar,SKU_HIJAB_INSTAN,Fashion,65000,0,48,0,48
2025-07-06,Makassar,SKU_KOPI_GAYO,Food & Beverage,220000,0,11,0,11
2025-07-06,Makassar,SKU_BATIK_TULIS,Fashion Premium,1200000,0,7,0,7
2025-07-07,Jakarta,SKU_HIJAB_INSTAN,Fashion,65000,0,183,0,183
2025-07-07,Jakarta,SKU_KOPI_GAYO,Food & Beverage,220000,0,105,0,105
2025-07-07,Jakarta,SKU_BATIK_TULIS,Fashion Premium,1200000,0,16,0,16
2025-07-07,Surabaya,SKU_HIJAB_INSTAN,Fashion,65000,0,103,0,103
2025-07-07,Surabaya,SKU_KOPI_GAYO,Food & Beverage,220000,0,64,0,64
2025-07-07,Surabaya,SKU_BATIK_TULIS,Fashion Premium,1200000,0,8,0,8
2025-07-07,Medan,SKU_HIJAB_INSTAN,Fashion,65000,0,82,0,82
2025-07-07,Medan,SKU_KOPI_GAYO,Food & Beverage,220000,0,25,0,25
2025-07-07,Medan,SKU_BATIK_TULIS,Fashion Premium,1200000,0,6,0,6
2025-07-07,Makassar,SKU_HIJAB_INSTAN,Fashion,65000,0,30,0,30
2025-07-07,Makassar,SKU_KOPI_GAYO,Food & Beverage,220000,0,23,0,23
2025-07-07,Makassar,SKU_BATIK_TULIS,Fashion Premium,1200000,0,2,0,2
2025-07-08,Jakarta,SKU_HIJAB_INSTAN,Fashion,65000,0,200,0,200
2025-07-08,Jakarta,SKU_KOPI_GAYO,Food & Beverage,220000,0,93,0,93
2025-07-08,Jakarta,SKU_BATIK_TULIS,Fashion Premium,1200000,0,20,0,20
2025-07-08,Surabaya,SKU_HIJAB_INSTAN,Fashion,65000,0,104,0,104
2025-07-08,Surabaya,SKU_KOPI_GAYO,Food & Beverage,220000,0,53,0,53
2025-07-08,Surabaya,SKU_BATIK_TULIS,Fashion Premium,1200000,0,9,0,9
2025-07-08,Medan,SKU_HIJAB_INSTAN,Fashion,65000,0,77,0,77
2025-07-08,Medan,SKU_KOPI_GAYO,Food & Beverage,220000,0,52,0,52
2025-07-08,Medan,SKU_BATIK_TULIS,Fashion Premium,1200000,0,7,0,7
2025-07-08,Makassar,SKU_HIJAB_INSTAN,Fashion,65000,0,40,0,40
2025-07-08,Makassar,SKU_KOPI_GAYO,Food & Beverage,220000,0,6,0,6
2025-07-08,Makassar,SKU_BATIK_TULIS,Fashion Premium,1200000,0,4,0,4
2025-07-09,Jakarta,SKU_HIJAB_INSTAN,Fashion,65000,0,190,0,190
2025-07-09,Jakarta,SKU_KOPI_GAYO,Food & Beverage,220000,0,94,0,94
2025-07-09,Jakarta,SKU_BATIK_TULIS,Fashion Premium,1200000,0,18,0,18
2025-07-09,Surabaya,SKU_HIJAB_INSTAN,Fashion,65000,0,107,0,107
2025-07-09,Surabaya,SKU_KOPI_GAYO,Food & Beverage,220000,0,63,0,63
2025-07-09,Surabaya,SKU_BATIK_TULIS,Fashion Premium,1200000,0,13,0,13
2025-07-09,Medan,SKU_HIJAB_INSTAN,Fashion,65000,0,50,0,50
2025-07-09,Medan,SKU_KOPI_GAYO,Food & Beverage,220000,0,29,0,29
2025-07-09,Medan,SKU_BATIK_TULIS,Fashion Premium,1200000,0,7,0,7
2025-07-09,Makassar,SKU_HIJAB_INSTAN,Fashion,65000,0,20,0,20
2025-07-09,Makassar,SKU_KOPI_GAYO,Food & Beverage,220000,0,11,0,11
2025-07-09,Makassar,SKU_BATIK_TULIS,Fashion Premium,1200000,0,2,0,2
2025-07-10,Jakarta,SKU_HIJAB_INSTAN,Fashion,65000,0,206,0,206
2025-07-10,Jakarta,SKU_KOPI_GAYO,Food & Beverage,220000,0,110,0,110
2025-07-10,Jakarta,SKU_BATIK_TULIS,Fashion Premium,1200000,0,21,0,21
2025-07-10,Surabaya,SKU_HIJAB_INSTAN,Fashion,65000,0,121,0,121
2025-07-10,Surabaya,SKU_KOPI_GAYO,Food & Beverage,220000,0,64,0,64
2025-07-10,Surabaya,SKU_BATIK_TULIS,Fashion Premium,1200000,0,11,0,11
2025-07-10,Medan,SKU_HIJAB_INSTAN,Fashion,65000,0,87,0,87
2025-07-10,Medan,SKU_KOPI_GAYO,Food & Beverage,220000,0,54,0,54
2025-07-10,Medan,SKU_BATIK_TULIS,Fashion Premium,1200000,0,6,0,6
2025-07-10,Makassar,SKU_HIJAB_INSTAN,Fashion,65000,0,46,0,46
2025-07-10,Makassar,SKU_KOPI_GAYO,Food & Beverage,220000,0,20,0,20
2025-07-10,Makassar,SKU_BATIK_TULIS,Fashion Premium,1200000,0,2,0,2
2025-07-11,Jakarta,SKU_HIJAB_INSTAN,Fashion,65000,0,226,0,226
2025-07-11,Jakarta,SKU_KOPI_GAYO,Food & Beverage,220000,0,98,0,98
2025-07-11,Jakarta,SKU_BATIK_TULIS,Fashion Premium,1200000,0,22,0,22
2025-07-11,Surabaya,SKU_HIJAB_INSTAN,Fashion,65000,0,117,0,117
2025-07-11,Surabaya,SKU_KOPI_GAYO,Food & Beverage,220000,0,65,0,65
2025-07-11,Surabaya,SKU_BATIK_TULIS,Fashion Premium,1200000,0,13,0,13
2025-07-11,Medan,SKU_HIJAB_INSTAN,Fashion,65000,0,48,0,48
2025-07-11,Medan,SKU_KOPI_GAYO,Food & Beverage,220000,0,56,0,56
2025-07-11,Medan,SKU_BATIK_TULIS,Fashion Premium,1200000,0,11,0,11
2025-07-11,Makassar,SKU_HIJAB_INSTAN,Fashion,65000,0,45,0,45
2025-07-11,Makassar,SKU_KOPI_GAYO,Food & Beverage,220000,0,16,0,16
2025-07-11,Makassar,SKU_BATIK_TULIS,Fashion Premium,1200000,0,4,0,4
2025-07-12,Jakarta,SKU_HIJAB_INSTAN,Fashion,65000,0,213,0,213
2025-07-12,Jakarta,SKU_KOPI_GAYO,Food & Beverage,220000,0,107,0,107
2025-07-12,Jakarta,SKU_BATIK_TULIS,Fashion Premium,1200000,0,32,0,32
2025-07-12,Surabaya,SKU_HIJAB_INSTAN,Fashion,65000,0,136,0,136
2025-07-12,Surabaya,SKU_KOPI_GAYO,Food & Beverage,220000,0,69,0,69
2025-07-12,Surabaya,SKU_BATIK_TULIS,Fashion Premium,1200000,0,14,0,14
2025-07-12,Medan,SKU_HIJAB_INSTAN,Fashion,65000,0,95,0,95
2025-07-12,Medan,SKU_KOPI_GAYO,Food & Beverage,220000,0,37,0,37
2025-07-12,Medan,SKU_BATIK_TULIS,Fashion Premium,1200000,0,11,0,11
2025-07-12,Makassar,SKU_HIJAB_INSTAN,Fashion,65000,0,70,0,70
2025-07-12,Makassar,SKU_KOPI_GAYO,Food & Beverage,220000,0,23,0,23
2025-07-12,Makassar,SKU_BATIK_TULIS,Fashion Premium,1200000,0,8,0,8
2025-07-13,Jakarta,SKU_HIJAB_INSTAN,Fashion,65000,0,244,0,244
2025-07-13,Jakarta,SKU_KOPI_GAYO,Food & Beverage,220000,0,101,0,101
2025-07-13,Jakarta,SKU_BATIK_TULIS,Fashion Premium,1200000,0,28,0,28
2025-07-13,Surabaya,SKU_HIJAB_INSTAN,Fashion,65000,0,139,0,139
2025-07-13,Surabaya,SKU_KOPI_GAYO,Food & Beverage,220000,0,65,0,65
2025-07-13,Surabaya,SKU_BATIK_TULIS,Fashion Premium,1200000,0,14,0,14
2025-07-13,Medan,SKU_HIJAB_INSTAN,Fashion,65000,0,106,0,106
2025-07-13,Medan,SKU_KOPI_GAYO,Food & Beverage,220000,0,45,0,45
2025-07-13,Medan,SKU_BATIK_TULIS,Fashion Premium,1200000,0,8,0,8
2025-07-13,Makassar,SKU_HIJAB_INSTAN,Fashion,65000,0,53,0,53
2025-07-13,Makassar,SKU_KOPI_GAYO,Food & Beverage,220000,0,11,0,11
2025-07-13,Makassar,SKU_BATIK_TULIS,Fashion Premium,1200000,0,2,0,2
2025-07-14,Jakarta,SKU_HIJAB_INSTAN,Fashion,65000,0,185,0,185
2025-07-14,Jakarta,SKU_KOPI_GAYO,Food & Beverage,220000,0,93,0,93
2025-07-14,Jakarta,SKU_BATIK_TULIS,Fashion Premium,1200000,0,17,0,17
2025-07-14,Surabaya,SKU_HIJAB_INSTAN,Fashion,65000,0,130,0,130
2025-07-14,Surabaya,SKU_KOPI_GAYO,Food & Beverage,220000,0,59,0,59
2025-07-14,Surabaya,SKU_BATIK_TULIS,Fashion Premium,1200000,0,10,0,10
2025-07-14,Medan,SKU_HIJAB_INSTAN,Fashion,65000,0,58,0,58
2025-07-14,Medan,SKU_KOPI_GAYO,Food & Beverage,220000,0,41,0,41
2025-07-14,Medan,SKU_BATIK_TULIS,Fashion Premium,1200000,0,7,0,7
2025-07-14,Makassar,SKU_HIJAB_INSTAN,Fashion,65000,0,47,0,47
2025-07-14,Makassar,SKU_KOPI_GAYO,Food & Beverage,220000,0,17,0,17
2025-07-14,Makassar,SKU_BATIK_TULIS,Fashion Premium,1200000,0,2,0,2
2025-07-15,Jakarta,SKU_HIJAB_INSTAN,Fashion,65000,0,210,0,210
2025-07-15,Jakarta,SKU_KOPI_GAYO,Food & Beverage,220000,0,88,0,88
2025-07-15,Jakarta,SKU_BATIK_TULIS,Fashion Premium,1200000,0,18,0,18
2025-07-15,Surabaya,SKU_HIJAB_INSTAN,Fashion,65000,0,125,0,125
2025-07-15,Surabaya,SKU_KOPI_GAYO,Food & Beverage,220000,0,62,0,62
2025-07-15,Surabaya,SKU_BATIK_TULIS,Fashion Premium,1200000,0,10,0,10
2025-07-15,Medan,SKU_HIJAB_INSTAN,Fashion,65000,0,107,0,107
2025-07-15,Medan,SKU_KOPI_GAYO,Food & Beverage,220000,0,36,0,36
2025-07-15,Medan,SKU_BATIK_TULIS,Fashion Premium,1200000,0,7,0,7
2025-07-15,Makassar,SKU_HIJAB_INSTAN,Fashion,65000,0,42,0,42
2025-07-15,Makassar,SKU_KOPI_GAYO,Food & Beverage,220000,0,23,0,23
2025-07-15,Makassar,SKU_BATIK_TULIS,Fashion Premium,1200000,0,4,0,4
2025-07-16,Jakarta,SKU_HIJAB_INSTAN,Fashion,65000,0,188,0,188
2025-07-16,Jakarta,SKU_KOPI_GAYO,Food & Beverage,220000,0,77,0,77
2025-07-16,Jakarta,SKU_BATIK_TULIS,Fashion Premium,1200000,0,16,0,16
2025-07-16,Surabaya,SKU_HIJAB_INSTAN,Fashion,65000,0,122,0,122
2025-07-16,Surabaya,SKU_KOPI_GAYO,Food & Beverage,220000,0,49,0,49
2025-07-16,Surabaya,SKU_BATIK_TULIS,Fashion Premium,1200000,0,11,0,11
2025-07-16,Medan,SKU_HIJAB_INSTAN,Fashion,65000,0,87,0,87
2025-07-16,Medan,SKU_KOPI_GAYO,Food & Beverage,220000,0,40,0,40
2025-07-16,Medan,SKU_BATIK_TULIS,Fashion Premium,1200000,0,7,0,7
2025-07-16,Makassar,SKU_HIJAB_INSTAN,Fashion,65000,0,36,0,36
2025-07-16,Makassar,SKU_KOPI_GAYO,Food & Beverage,220000,0,34,0,34
2025-07-16,Makassar,SKU_BATIK_TULIS,Fashion Premium,1200000,0,3,0,3
2025-07-17,Jakarta,SKU_HIJAB_INSTAN,Fashion,65000,0,180,0,180
2025-07-17,Jakarta,SKU_KOPI_GAYO,Food & Beverage,220000,0,92,0,92
2025-07-17,Jakarta,SKU_BATIK_TULIS,Fashion Premium,1200000,0,23,0,23
2025-07-17,Surabaya,SKU_HIJAB_INSTAN,Fashion,65000,0,98,0,98
2025-07-17,Surabaya,SKU_KOPI_GAYO,Food & Beverage,220000,0,55,0,55
2025-07-17,Surabaya,SKU_BATIK_TULIS,Fashion Premium,1200000,0,13,0,13
2025-07-17,Medan,SKU_HIJAB_INSTAN,Fashion,65000,0,79,0,79
2025-07-17,Medan,SKU_KOPI_GAYO,Food & Beverage,220000,0,39,0,39
2025-07-17,Medan,SKU_BATIK_TULIS,Fashion Premium,1200000,0,10,0,10
2025-07-17,Makassar,SKU_HIJAB_INSTAN,Fashion,65000,0,9,0,9
2025-07-17,Makassar,SKU_KOPI_GAYO,Food & Beverage,220000,0,23,0,23
2025-07-17,Makassar,SKU_BATIK_TULIS,Fashion Premium,1200000,0,7,0,7
2025-07-18,Jakarta,SKU_HIJAB_INSTAN,Fashion,65000,0,206,0,206
2025-07-18,Jakarta,SKU_KOPI_GAYO,Food & Beverage,220000,0,100,0,100
2025-07-18,Jakarta,SKU_BATIK_TULIS,Fashion Premium,1200000,0,25,0,25
2025-07-18,Surabaya,SKU_HIJAB_INSTAN,Fashion,65000,0,125,0,125
2025-07-18,Surabaya,SKU_KOPI_GAYO,Food & Beverage,220000,0,67,0,67
2025-07-18,Surabaya,SKU_BATIK_TULIS,Fashion Premium,1200000,0,14,0,14
2025-07-18,Medan,SKU_HIJAB_INSTAN,Fashion,65000,0,86,0,86
2025-07-18,Medan,SKU_KOPI_GAYO,Food & Beverage,220000,0,30,0,30
2025-07-18,Medan,SKU_BATIK_TULIS,Fashion Premium,1200000,0,9,0,9
2025-07-18,Makassar,SKU_HIJAB_INSTAN,Fashion,65000,0,40,0,40
2025-07-18,Makassar,SKU_KOPI_GAYO,Food & Beverage,220000,0,33,0,33
2025-07-18,Makassar,SKU_BATIK_TULIS,Fashion Premium,1200000,0,6,0,6
2025-07-19,Jakarta,SKU_HIJAB_INSTAN,Fashion,65000,0,236,0,236
2025-07-19,Jakarta,SKU_KOPI_GAYO,Food & Beverage,220000,0,110,0,110
2025-07-19,Jakarta,SKU_BATIK_TULIS,Fashion Premium,1200000,0,27,0,27
2025-07-19,Surabaya,SKU_HIJAB_INSTAN,Fashion,65000,0,137,0,137
2025-07-19,Surabaya,SKU_KOPI_GAYO,Food & Beverage,220000,0,69,0,69
2025-07-19,Surabaya,SKU_BATIK_TULIS,Fashion Premium,1200000,0,15,0,15
2025-07-19,Medan,SKU_HIJAB_INSTAN,Fashion,65000,0,82,0,82
2025-07-19,Medan,SKU_KOPI_GAYO,Food & Beverage,220000,0,28,0,28
2025-07-19,Medan,SKU_BATIK_TULIS,Fashion Premium,1200000,0,10,0,10
2025-07-19,Makassar,SKU_HIJAB_INSTAN,Fashion,65000,0,45,0,45
2025-07-19,Makassar,SKU_KOPI_GAYO,Food & Beverage,220000,0,24,0,24
2025-07-19,Makassar,SKU_BATIK_TULIS,Fashion Premium,1200000,0,2,0,2
2025-07-20,Jakarta,SKU_HIJAB_INSTAN,Fashion,65000,0,222,0,222
2025-07-20,Jakarta,SKU_KOPI_GAYO,Food & Beverage,220000,0,109,0,109
2025-07-20,Jakarta,SKU_BATIK_TULIS,Fashion Premium,1200000,0,22,0,22
2025-07-20,Surabaya,SKU_HIJAB_INSTAN,Fashion,65000,0,116,0,116
2025-07-20,Surabaya,SKU_KOPI_GAYO,Food & Beverage,220000,0,73,0,73
2025-07-20,Surabaya,SKU_BATIK_TULIS,Fashion Premium,1200000,0,14,0,14
2025-07-20,Medan,SKU_HIJAB_INSTAN,Fashion,65000,0,128,0,128
2025-07-20,Medan,SKU_KOPI_GAYO,Food & Beverage,220000,0,54,0,54
2025-07-20,Medan,SKU_BATIK_TULIS,Fashion Premium,1200000,0,9,0,9
2025-07-20,Makassar,SKU_HIJAB_INSTAN,Fashion,65000,0,61,0,61
2025-07-20,Makassar,SKU_KOPI_GAYO,Food & Beverage,220000,0,29,0,29
2025-07-20,Makassar,SKU_BATIK_TULIS,Fashion Premium,1200000,0,4,0,4
2025-07-21,Jakarta,SKU_HIJAB_INSTAN,Fashion,65000,0,191,0,191
2025-07-21,Jakarta,SKU_KOPI_GAYO,Food & Beverage,220000,0,92,0,92
2025-07-21,Jakarta,SKU_BATIK_TULIS,Fashion Premium,1200000,0,16,0,16
2025-07-21,Surabaya,SKU_HIJAB_INSTAN,Fashion,65000,0,131,0,131
2025-07-21,Surabaya,SKU_KOPI_GAYO,Food & Beverage,220000,0,56,0,56
2025-07-21,Surabaya,SKU_BATIK_TULIS,Fashion Premium,1200000,0,11,0,11
2025-07-21,Medan,SKU_HIJAB_INSTAN,Fashion,65000,0,92,0,92
2025-07-21,Medan,SKU_KOPI_GAYO,Food & Beverage,220000,0,46,0,46
2025-07-21,Medan,SKU_BATIK_TULIS,Fashion Premium,1200000,0,6,0,6
2025-07-21,Makassar,SKU_HIJAB_INSTAN,Fashion,65000,0,10,0,10
2025-07-21,Makassar,SKU_KOPI_GAYO,Food & Beverage,220000,0,14,0,14
2025-07-21,Makassar,SKU_BATIK_TULIS,Fashion Premium,1200000,0,2,0,2
2025-07-22,Jakarta,SKU_HIJAB_INSTAN,Fashion,65000,0,205,0,205
2025-07-22,Jakarta,SKU_KOPI_GAYO,Food & Beverage,220000,0,97,0,97
2025-07-22,Jakarta,SKU_BATIK_TULIS,Fashion Premium,1200000,0,16,0,16
2025-07-22,Surabaya,SKU_HIJAB_INSTAN,Fashion,65000,0,94,0,94
2025-07-22,Surabaya,SKU_KOPI_GAYO,Food & Beverage,220000,0,57,1,0
2025-07-22,Surabaya,SKU_BATIK_TULIS,Fashion Premium,1200000,0,13,0,13
2025-07-22,Medan,SKU_HIJAB_INSTAN,Fashion,65000,0,100,0,100
2025-07-22,Medan,SKU_KOPI_GAYO,Food & Beverage,220000,0,28,0,28
2025-07-22,Medan,SKU_BATIK_TULIS,Fashion Premium,1200000,0,6,0,6
2025-07-22,Makassar,SKU_HIJAB_INSTAN,Fashion,65000,0,63,0,63
2025-07-22,Makassar,SKU_KOPI_GAYO,Food & Beverage,220000,0,16,0,16
2025-07-22,Makassar,SKU_BATIK_TULIS,Fashion Premium,1200000,0,3,0,3
2025-07-23,Jakarta,SKU_HIJAB_INSTAN,Fashion,65000,0,170,0,170
2025-07-23,Jakarta,SKU_KOPI_GAYO,Food & Beverage,220000,0,97,0,97
2025-07-23,Jakarta,SKU_BATIK_TULIS,Fashion Premium,1200000,0,21,0,21
2025-07-23,Surabaya,SKU_HIJAB_INSTAN,Fashion,65000,0,92,0,92
2025-07-23,Surabaya,SKU_KOPI_GAYO,Food & Beverage,220000,0,51,0,51
2025-07-23,Surabaya,SKU_BATIK_TULIS,Fashion Premium,1200000,0,13,0,13
2025-07-23,Medan,SKU_HIJAB_INSTAN,Fashion,65000,0,88,0,88
2025-07-23,Medan,SKU_KOPI_GAYO,Food & Beverage,220000,0,35,0,35
2025-07-23,Medan,SKU_BATIK_TULIS,Fashion Premium,1200000,0,11,0,11
2025-07-23,Makassar,SKU_HIJAB_INSTAN,Fashion,65000,0,48,0,48
2025-07-23,Makassar,SKU_KOPI_GAYO,Food & Beverage,220000,0,32,0,32
2025-07-23,Makassar,SKU_BATIK_TULIS,Fashion Premium,1200000,0,3,0,3
2025-07-24,Jakarta,SKU_HIJAB_INSTAN,Fashion,65000,0,191,0,191
2025-07-24,Jakarta,SKU_KOPI_GAYO,Food & Beverage,220000,0,98,0,98
2025-07-24,Jakarta,SKU_BATIK_TULIS,Fashion Premium,1200000,0,19,0,19
2025-07-24,Surabaya,SKU_HIJAB_INSTAN,Fashion,65000,0,135,0,135
2025-07-24,Surabaya,SKU_KOPI_GAYO,Food & Beverage,220000,0,57,0,57
2025-07-24,Surabaya,SKU_BATIK_TULIS,Fashion Premium,1200000,0,13,0,13
2025-07-24,Medan,SKU_HIJAB_INSTAN,Fashion,65000,0,73,0,73
2025-07-24,Medan,SKU_KOPI_GAYO,Food & Beverage,220000,0,41,0,41
2025-07-24,Medan,SKU_BATIK_TULIS,Fashion Premium,1200000,0,5,0,5
2025-07-24,Makassar,SKU_HIJAB_INSTAN,Fashion,65000,0,45,0,45
2025-07-24,Makassar,SKU_KOPI_GAYO,Food & Beverage,220000,0,12,0,12
2025-07-24,Makassar,SKU_BATIK_TULIS,Fashion Premium,1200000,0,3,0,3
2025-07-25,Jakarta,SKU_HIJAB_INSTAN,Fashion,65000,0,231,0,231
2025-07-25,Jakarta,SKU_KOPI_GAYO,Food & Beverage,220000,0,104,0,104
2025-07-25,Jakarta,SKU_BATIK_TULIS,Fashion Premium,960000,1,38,0,38
2025-07-25,Surabaya,SKU_HIJAB_INSTAN,Fashion,65000,0,152,0,152
2025-07-25,Surabaya,SKU_KOPI_GAYO,Food & Beverage,176000,1,100,0,100
2025-07-25,Surabaya,SKU_BATIK_TULIS,Fashion Premium,1200000,0,16,0,16
2025-07-25,Medan,SKU_HIJAB_INSTAN,Fashion,65000,0,72,0,72
2025-07-25,Medan,SKU_KOPI_GAYO,Food & Beverage,220000,0,53,1,0
2025-07-25,Medan,SKU_BATIK_TULIS,Fashion Premium,1200000,0,11,0,11
2025-07-25,Makassar,SKU_HIJAB_INSTAN,Fashion,52000,1,37,0,37
2025-07-25,Makassar,SKU_KOPI_GAYO,Food & Beverage,220000,0,11,0,11
2025-07-25,Makassar,SKU_BATIK_TULIS,Fashion Premium,960000,1,6,0,6
2025-07-26,Jakarta,SKU_HIJAB_INSTAN,Fashion,52000,1,356,0,356
2025-07-26,Jakarta,SKU_KOPI_GAYO,Food & Beverage,176000,1,161,0,161
2025-07-26,Jakarta,SKU_BATIK_TULIS,Fashion Premium,960000,1,45,0,45
2025-07-26,Surabaya,SKU_HIJAB_INSTAN,Fashion,65000,0,163,0,163
2025-07-26,Surabaya,SKU_KOPI_GAYO,Food & Beverage,220000,0,77,0,77
2025-07-26,Surabaya,SKU_BATIK_TULIS,Fashion Premium,960000,1,23,0,23
2025-07-26,Medan,SKU_HIJAB_INSTAN,Fashion,65000,0,88,0,88
2025-07-26,Medan,SKU_KOPI_GAYO,Food & Beverage,220000,0,42,0,42
2025-07-26,Medan,SKU_BATIK_TULIS,Fashion Premium,960000,1,16,0,16
2025-07-26,Makassar,SKU_HIJAB_INSTAN,Fashion,65000,0,54,0,54
2025-07-26,Makassar,SKU_KOPI_GAYO,Food & Beverage,176000,1,22,0,22
2025-07-26,Makassar,SKU_BATIK_TULIS,Fashion Premium,1200000,0,5,0,5
2025-07-27,Jakarta,SKU_HIJAB_INSTAN,Fashion,65000,0,228,0,228
2025-07-27,Jakarta,SKU_KOPI_GAYO,Food & Beverage,176000,1,171,0,171
2025-07-27,Jakarta,SKU_BATIK_TULIS,Fashion Premium,1200000,0,27,0,27
2025-07-27,Surabaya,SKU_HIJAB_INSTAN,Fashion,65000,0,117,0,117
2025-07-27,Surabaya,SKU_KOPI_GAYO,Food & Beverage,220000,0,67,0,67
2025-07-27,Surabaya,SKU_BATIK_TULIS,Fashion Premium,960000,1,21,0,21
2025-07-27,Medan,SKU_HIJAB_INSTAN,Fashion,52000,1,201,0,201
2025-07-27,Medan,SKU_KOPI_GAYO,Food & Beverage,220000,0,56,0,56
2025-07-27,Medan,SKU_BATIK_TULIS,Fashion Premium,1200000,0,13,0,13
2025-07-27,Makassar,SKU_HIJAB_INSTAN,Fashion,52000,1,52,0,52
2025-07-27,Makassar,SKU_KOPI_GAYO,Food & Beverage,220000,0,16,0,16
2025-07-27,Makassar,SKU_BATIK_TULIS,Fashion Premium,960000,1,7,0,7
2025-07-28,Jakarta,SKU_HIJAB_INSTAN,Fashion,65000,0,203,0,203
2025-07-28,Jakarta,SKU_KOPI_GAYO,Food & Beverage,220000,0,92,0,92
2025-07-28,Jakarta,SKU_BATIK_TULIS,Fashion Premium,960000,1,26,0,26
2025-07-28,Surabaya,SKU_HIJAB_INSTAN,Fashion,65000,0,107,0,107
2025-07-28,Surabaya,SKU_KOPI_GAYO,Food & Beverage,220000,0,58,0,58
2025-07-28,Surabaya,SKU_BATIK_TULIS,Fashion Premium,1200000,0,11,0,11
2025-07-28,Medan,SKU_HIJAB_INSTAN,Fashion,52000,1,113,0,113
2025-07-28,Medan,SKU_KOPI_GAYO,Food & Beverage,176000,1,61,0,61
2025-07-28,Medan,SKU_BATIK_TULIS,Fashion Premium,960000,1,8,0,8
2025-07-28,Makassar,SKU_HIJAB_INSTAN,Fashion,65000,0,22,0,22
2025-07-28,Makassar,SKU_KOPI_GAYO,Food & Beverage,220000,0,10,0,10
2025-07-28,Makassar,SKU_BATIK_TULIS,Fashion Premium,1200000,0,4,0,4
2025-07-29,Jakarta,SKU_HIJAB_INSTAN,Fashion,65000,0,187,0,187
2025-07-29,Jakarta,SKU_KOPI_GAYO,Food & Beverage,220000,0,94,0,94
2025-07-29,Jakarta,SKU_BATIK_TULIS,Fashion Premium,1200000,0,17,0,17
2025-07-29,Surabaya,SKU_HIJAB_INSTAN,Fashion,65000,0,84,0,84
2025-07-29,Surabaya,SKU_KOPI_GAYO,Food & Beverage,220000,0,63,0,63
2025-07-29,Surabaya,SKU_BATIK_TULIS,Fashion Premium,1200000,0,10,0,10
2025-07-29,Medan,SKU_HIJAB_INSTAN,Fashion,65000,0,92,0,92
2025-07-29,Medan,SKU_KOPI_GAYO,Food & Beverage,220000,0,30,0,30
2025-07-29,Medan,SKU_BATIK_TULIS,Fashion Premium,1200000,0,8,0,8
2025-07-29,Makassar,SKU_HIJAB_INSTAN,Fashion,65000,0,21,0,21
2025-07-29,Makassar,SKU_KOPI_GAYO,Food & Beverage,220000,0,21,0,21
2025-07-29,Makassar,SKU_BATIK_TULIS,Fashion Premium,1200000,0,2,0,2
2025-07-30,Jakarta,SKU_HIJAB_INSTAN,Fashion,65000,0,185,0,185
2025-07-30,Jakarta,SKU_KOPI_GAYO,Food & Beverage,220000,0,114,0,114
2025-07-30,Jakarta,SKU_BATIK_TULIS,Fashion Premium,1200000,0,18,0,18
2025-07-30,Surabaya,SKU_HIJAB_INSTAN,Fashion,65000,0,117,0,117
2025-07-30,Surabaya,SKU_KOPI_GAYO,Food & Beverage,220000,0,66,0,66
2025-07-30,Surabaya,SKU_BATIK_TULIS,Fashion Premium,1200000,0,9,0,9
2025-07-30,Medan,SKU_HIJAB_INSTAN,Fashion,65000,0,85,0,85
2025-07-30,Medan,SKU_KOPI_GAYO,Food & Beverage,220000,0,53,0,53
2025-07-30,Medan,SKU_BATIK_TULIS,Fashion Premium,1200000,0,6,0,6
2025-07-30,Makassar,SKU_HIJAB_INSTAN,Fashion,65000,0,34,0,34
2025-07-30,Makassar,SKU_KOPI_GAYO,Food & Beverage,220000,0,15,0,15
2025-07-30,Makassar,SKU_BATIK_TULIS,Fashion Premium,1200000,0,5,0,5
2025-07-31,Jakarta,SKU_HIJAB_INSTAN,Fashion,65000,0,198,0,198
2025-07-31,Jakarta,SKU_KOPI_GAYO,Food & Beverage,220000,0,108,0,108
2025-07-31,Jakarta,SKU_BATIK_TULIS,Fashion Premium,1200000,0,24,0,24
2025-07-31,Surabaya,SKU_HIJAB_INSTAN,Fashion,65000,0,148,0,148
2025-07-31,Surabaya,SKU_KOPI_GAYO,Food & Beverage,220000,0,75,0,75
2025-07-31,Surabaya,SKU_BATIK_TULIS,Fashion Premium,1200000,0,11,0,11
2025-07-31,Medan,SKU_HIJAB_INSTAN,Fashion,65000,0,104,0,104
2025-07-31,Medan,SKU_KOPI_GAYO,Food & Beverage,220000,0,45,0,45
2025-07-31,Medan,SKU_BATIK_TULIS,Fashion Premium,1200000,0,9,0,9
2025-07-31,Makassar,SKU_HIJAB_INSTAN,Fashion,65000,0,42,0,42
2025-07-31,Makassar,SKU_KOPI_GAYO,Food & Beverage,220000,0,21,0,21
2025-07-31,Makassar,SKU_BATIK_TULIS,Fashion Premium,1200000,0,4,0,4
2025-08-01,Jakarta,SKU_HIJAB_INSTAN,Fashion,65000,0,207,0,207
2025-08-01,Jakarta,SKU_KOPI_GAYO,Food & Beverage,220000,0,102,0,102
2025-08-01,Jakarta,SKU_BATIK_TULIS,Fashion Premium,1200000,0,22,0,22
2025-08-01,Surabaya,SKU_HIJAB_INSTAN,Fashion,65000,0,145,0,145
2025-08-01,Surabaya,SKU_KOPI_GAYO,Food & Beverage,220000,0,51,0,51
2025-08-01,Surabaya,SKU_BATIK_TULIS,Fashion Premium,1200000,0,18,0,18
2025-08-01,Medan,SKU_HIJAB_INSTAN,Fashion,65000,0,59,0,59
2025-08-01,Medan,SKU_KOPI_GAYO,Food & Beverage,220000,0,36,1,0
2025-08-01,Medan,SKU_BATIK_TULIS,Fashion Premium,1200000,0,10,0,10
2025-08-01,Makassar,SKU_HIJAB_INSTAN,Fashion,65000,0,39,0,39
2025-08-01,Makassar,SKU_KOPI_GAYO,Food & Beverage,220000,0,24,0,24
2025-08-01,Makassar,SKU_BATIK_TULIS,Fashion Premium,1200000,0,4,0,4
2025-08-02,Jakarta,SKU_HIJAB_INSTAN,Fashion,65000,0,224,0,224
2025-08-02,Jakarta,SKU_KOPI_GAYO,Food & Beverage,220000,0,103,0,103
2025-08-02,Jakarta,SKU_BATIK_TULIS,Fashion Premium,1200000,0,28,0,28
2025-08-02,Surabaya,SKU_HIJAB_INSTAN,Fashion,65000,0,141,1,0
2025-08-02,Surabaya,SKU_KOPI_GAYO,Food & Beverage,220000,0,65,0,65
2025-08-02,Surabaya,SKU_BATIK_TULIS,Fashion Premium,1200000,0,22,0,22
2025-08-02,Medan,SKU_HIJAB_INSTAN,Fashion,65000,0,59,0,59
2025-08-02,Medan,SKU_KOPI_GAYO,Food & Beverage,220000,0,39,0,39
2025-08-02,Medan,SKU_BATIK_TULIS,Fashion Premium,1200000,0,8,0,8
2025-08-02,Makassar,SKU_HIJAB_INSTAN,Fashion,65000,0,21,0,21
2025-08-02,Makassar,SKU_KOPI_GAYO,Food & Beverage,220000,0,22,0,22
2025-08-02,Makassar,SKU_BATIK_TULIS,Fashion Premium,1200000,0,7,0,7
2025-08-03,Jakarta,SKU_HIJAB_INSTAN,Fashion,65000,0,208,0,208
2025-08-03,Jakarta,SKU_KOPI_GAYO,Food & Beverage,220000,0,87,0,87
2025-08-03,Jakarta,SKU_BATIK_TULIS,Fashion Premium,1200000,0,27,0,27
2025-08-03,Surabaya,SKU_HIJAB_INSTAN,Fashion,65000,0,115,0,115
2025-08-03,Surabaya,SKU_KOPI_GAYO,Food & Beverage,220000,0,56,1,0
2025-08-03,Surabaya,SKU_BATIK_TULIS,Fashion Premium,1200000,0,13,0,13
2025-08-03,Medan,SKU_HIJAB_INSTAN,Fashion,65000,0,79,0,79
2025-08-03,Medan,SKU_KOPI_GAYO,Food & Beverage,220000,0,39,0,39
2025-08-03,Medan,SKU_BATIK_TULIS,Fashion Premium,1200000,0,10,0,10
2025-08-03,Makassar,SKU_HIJAB_INSTAN,Fashion,65000,0,28,0,28
2025-08-03,Makassar,SKU_KOPI_GAYO,Food & Beverage,220000,0,15,0,15
2025-08-03,Makassar,SKU_BATIK_TULIS,Fashion Premium,1200000,0,2,0,2
2025-08-04,Jakarta,SKU_HIJAB_INSTAN,Fashion,65000,0,194,0,194
2025-08-04,Jakarta,SKU_KOPI_GAYO,Food & Beverage,220000,0,100,0,100
2025-08-04,Jakarta,SKU_BATIK_TULIS,Fashion Premium,1200000,0,16,0,16
2025-08-04,Surabaya,SKU_HIJAB_INSTAN,Fashion,65000,0,126,0,126
2025-08-04,Surabaya,SKU_KOPI_GAYO,Food & Beverage,220000,0,54,0,54
2025-08-04,Surabaya,SKU_BATIK_TULIS,Fashion Premium,1200000,0,9,0,9
2025-08-04,Medan,SKU_HIJAB_INSTAN,Fashion,65000,0,53,0,53
2025-08-04,Medan,SKU_KOPI_GAYO,Food & Beverage,220000,0,28,0,28
2025-08-04,Medan,SKU_BATIK_TULIS,Fashion Premium,1200000,0,5,0,5
2025-08-04,Makassar,SKU_HIJAB_INSTAN,Fashion,65000,0,54,0,54
2025-08-04,Makassar,SKU_KOPI_GAYO,Food & Beverage,220000,0,13,0,13
2025-08-04,Makassar,SKU_BATIK_TULIS,Fashion Premium,1200000,0,4,0,4
2025-08-05,Jakarta,SKU_HIJAB_INSTAN,Fashion,65000,0,195,0,195
2025-08-05,Jakarta,SKU_KOPI_GAYO,Food & Beverage,220000,0,105,0,105
2025-08-05,Jakarta,SKU_BATIK_TULIS,Fashion Premium,1200000,0,15,0,15
2025-08-05,Surabaya,SKU_HIJAB_INSTAN,Fashion,65000,0,97,0,97
2025-08-05,Surabaya,SKU_KOPI_GAYO,Food & Beverage,220000,0,62,0,62
2025-08-05,Surabaya,SKU_BATIK_TULIS,Fashion Premium,1200000,0,12,0,12
2025-08-05,Medan,SKU_HIJAB_INSTAN,Fashion,65000,0,94,0,94
2025-08-05,Medan,SKU_KOPI_GAYO,Food & Beverage,220000,0,36,0,36
2025-08-05,Medan,SKU_BATIK_TULIS,Fashion Premium,1200000,0,6,0,6
2025-08-05,Makassar,SKU_HIJAB_INSTAN,Fashion,65000,0,60,0,60
2025-08-05,Makassar,SKU_KOPI_GAYO,Food & Beverage,220000,0,18,0,18
2025-08-05,Makassar,SKU_BATIK_TULIS,Fashion Premium,1200000,0,2,0,2
2025-08-06,Jakarta,SKU_HIJAB_INSTAN,Fashion,65000,0,198,0,198
2025-08-06,Jakarta,SKU_KOPI_GAYO,Food & Beverage,220000,0,95,0,95
2025-08-06,Jakarta,SKU_BATIK_TULIS,Fashion Premium,1200000,0,18,1,0
2025-08-06,Surabaya,SKU_HIJAB_INSTAN,Fashion,65000,0,115,0,115
2025-08-06,Surabaya,SKU_KOPI_GAYO,Food & Beverage,220000,0,56,0,56
2025-08-06,Surabaya,SKU_BATIK_TULIS,Fashion Premium,1200000,0,9,0,9
2025-08-06,Medan,SKU_HIJAB_INSTAN,Fashion,65000,0,79,0,79
2025-08-06,Medan,SKU_KOPI_GAYO,Food & Beverage,220000,0,31,0,31
2025-08-06,Medan,SKU_BATIK_TULIS,Fashion Premium,1200000,0,7,0,7
2025-08-06,Makassar,SKU_HIJAB_INSTAN,Fashion,65000,0,64,0,64
2025-08-06,Makassar,SKU_KOPI_GAYO,Food & Beverage,220000,0,29,0,29
2025-08-06,Makassar,SKU_BATIK_TULIS,Fashion Premium,1200000,0,6,0,6
2025-08-07,Jakarta,SKU_HIJAB_INSTAN,Fashion,65000,0,218,0,218
2025-08-07,Jakarta,SKU_KOPI_GAYO,Food & Beverage,220000,0,94,0,94
2025-08-07,Jakarta,SKU_BATIK_TULIS,Fashion Premium,1200000,0,26,0,26
2025-08-07,Surabaya,SKU_HIJAB_INSTAN,Fashion,65000,0,102,0,102
2025-08-07,Surabaya,SKU_KOPI_GAYO,Food & Beverage,220000,0,68,0,68
2025-08-07,Surabaya,SKU_BATIK_TULIS,Fashion Premium,1200000,0,10,0,10
2025-08-07,Medan,SKU_HIJAB_INSTAN,Fashion,65000,0,67,0,67
2025-08-07,Medan,SKU_KOPI_GAYO,Food & Beverage,220000,0,46,0,46
2025-08-07,Medan,SKU_BATIK_TULIS,Fashion Premium,1200000,0,8,0,8
2025-08-07,Makassar,SKU_HIJAB_INSTAN,Fashion,65000,0,25,0,25
2025-08-07,Makassar,SKU_KOPI_GAYO,Food & Beverage,220000,0,19,0,19
2025-08-07,Makassar,SKU_BATIK_TULIS,Fashion Premium,1200000,0,4,0,4
2025-08-08,Jakarta,SKU_HIJAB_INSTAN,Fashion,65000,0,212,0,212
2025-08-08,Jakarta,SKU_KOPI_GAYO,Food & Beverage,220000,0,115,0,115
2025-08-08,Jakarta,SKU_BATIK_TULIS,Fashion Premium,1200000,0,22,0,22
2025-08-08,Surabaya,SKU_HIJAB_INSTAN,Fashion,65000,0,120,0,120
2025-08-08,Surabaya,SKU_KOPI_GAYO,Food & Beverage,220000,0,46,0,46
2025-08-08,Surabaya,SKU_BATIK_TULIS,Fashion Premium,1200000,0,14,0,14
2025-08-08,Medan,SKU_HIJAB_INSTAN,Fashion,65000,0,97,0,97
2025-08-08,Medan,SKU_KOPI_GAYO,Food & Beverage,220000,0,49,0,49
2025-08-08,Medan,SKU_BATIK_TULIS,Fashion Premium,1200000,0,7,0,7
2025-08-08,Makassar,SKU_HIJAB_INSTAN,Fashion,65000,0,45,0,45
2025-08-08,Makassar,SKU_KOPI_GAYO,Food & Beverage,220000,0,30,0,30
2025-08-08,Makassar,SKU_BATIK_TULIS,Fashion Premium,1200000,0,3,0,3
2025-08-09,Jakarta,SKU_HIJAB_INSTAN,Fashion,65000,0,285,0,285
2025-08-09,Jakarta,SKU_KOPI_GAYO,Food & Beverage,220000,0,110,0,110
2025-08-09,Jakarta,SKU_BATIK_TULIS,Fashion Premium,1200000,0,22,0,22
2025-08-09,Surabaya,SKU_HIJAB_INSTAN,Fashion,65000,0,134,0,134
2025-08-09,Surabaya,SKU_KOPI_GAYO,Food & Beverage,220000,0,60,0,60
2025-08-09,Surabaya,SKU_BATIK_TULIS,Fashion Premium,1200000,0,16,0,16
2025-08-09,Medan,SKU_HIJAB_INSTAN,Fashion,65000,0,119,0,119
2025-08-09,Medan,SKU_KOPI_GAYO,Food & Beverage,220000,0,46,0,46
2025-08-09,Medan,SKU_BATIK_TULIS,Fashion Premium,1200000,0,8,0,8
2025-08-09,Makassar,SKU_HIJAB_INSTAN,Fashion,65000,0,50,0,50
2025-08-09,Makassar,SKU_KOPI_GAYO,Food & Beverage,220000,0,28,0,28
2025-08-09,Makassar,SKU_BATIK_TULIS,Fashion Premium,1200000,0,2,0,2
2025-08-10,Jakarta,SKU_HIJAB_INSTAN,Fashion,65000,0,207,0,207
2025-08-10,Jakarta,SKU_KOPI_GAYO,Food & Beverage,220000,0,110,0,110
2025-08-10,Jakarta,SKU_BATIK_TULIS,Fashion Premium,1200000,0,29,0,29
2025-08-10,Surabaya,SKU_HIJAB_INSTAN,Fashion,65000,0,109,0,109
2025-08-10,Surabaya,SKU_KOPI_GAYO,Food & Beverage,220000,0,69,0,69
2025-08-10,Surabaya,SKU_BATIK_TULIS,Fashion Premium,1200000,0,18,0,18
2025-08-10,Medan,SKU_HIJAB_INSTAN,Fashion,65000,0,77,0,77
2025-08-10,Medan,SKU_KOPI_GAYO,Food & Beverage,220000,0,49,0,49
2025-08-10,Medan,SKU_BATIK_TULIS,Fashion Premium,1200000,0,9,0,9
2025-08-10,Makassar,SKU_HIJAB_INSTAN,Fashion,65000,0,42,0,42
2025-08-10,Makassar,SKU_KOPI_GAYO,Food & Beverage,220000,0,23,0,23
2025-08-10,Makassar,SKU_BATIK_TULIS,Fashion Premium,1200000,0,7,0,7
2025-08-11,Jakarta,SKU_HIJAB_INSTAN,Fashion,65000,0,219,0,219
2025-08-11,Jakarta,SKU_KOPI_GAYO,Food & Beverage,220000,0,93,0,93
2025-08-11,Jakarta,SKU_BATIK_TULIS,Fashion Premium,1200000,0,16,0,16
2025-08-11,Surabaya,SKU_HIJAB_INSTAN,Fashion,65000,0,130,0,130
2025-08-11,Surabaya,SKU_KOPI_GAYO,Food & Beverage,220000,0,64,0,64
2025-08-11,Surabaya,SKU_BATIK_TULIS,Fashion Premium,1200000,0,11,0,11
2025-08-11,Medan,SKU_HIJAB_INSTAN,Fashion,65000,0,88,0,88
2025-08-11,Medan,SKU_KOPI_GAYO,Food & Beverage,220000,0,35,0,35
2025-08-11,Medan,SKU_BATIK_TULIS,Fashion Premium,1200000,0,7,0,7
2025-08-11,Makassar,SKU_HIJAB_INSTAN,Fashion,65000,0,60,0,60
2025-08-11,Makassar,SKU_KOPI_GAYO,Food & Beverage,220000,0,14,0,14
2025-08-11,Makassar,SKU_BATIK_TULIS,Fashion Premium,1200000,0,4,0,4
2025-08-12,Jakarta,SKU_HIJAB_INSTAN,Fashion,65000,0,188,0,188
2025-08-12,Jakarta,SKU_KOPI_GAYO,Food & Beverage,220000,0,107,0,107
2025-08-12,Jakarta,SKU_BATIK_TULIS,Fashion Premium,1200000,0,20,0,20
2025-08-12,Surabaya,SKU_HIJAB_INSTAN,Fashion,65000,0,114,0,114
2025-08-12,Surabaya,SKU_KOPI_GAYO,Food & Beverage,220000,0,60,0,60
2025-08-12,Surabaya,SKU_BATIK_TULIS,Fashion Premium,1200000,0,10,0,10
2025-08-12,Medan,SKU_HIJAB_INSTAN,Fashion,65000,0,85,0,85
2025-08-12,Medan,SKU_KOPI_GAYO,Food & Beverage,220000,0,28,0,28
2025-08-12,Medan,SKU_BATIK_TULIS,Fashion Premium,1200000,0,8,0,8
2025-08-12,Makassar,SKU_HIJAB_INSTAN,Fashion,65000,0,48,0,48
2025-08-12,Makassar,SKU_KOPI_GAYO,Food & Beverage,220000,0,21,0,21
2025-08-12,Makassar,SKU_BATIK_TULIS,Fashion Premium,1200000,0,2,0,2
2025-08-13,Jakarta,SKU_HIJAB_INSTAN,Fashion,65000,0,219,0,219
2025-08-13,Jakarta,SKU_KOPI_GAYO,Food & Beverage,220000,0,93,0,93
2025-08-13,Jakarta,SKU_BATIK_TULIS,Fashion Premium,1200000,0,22,0,22
2025-08-13,Surabaya,SKU_HIJAB_INSTAN,Fashion,65000,0,121,0,121
2025-08-13,Surabaya,SKU_KOPI_GAYO,Food & Beverage,220000,0,76,0,76
2025-08-13,Surabaya,SKU_BATIK_TULIS,Fashion Premium,1200000,0,13,0,13
2025-08-13,Medan,SKU_HIJAB_INSTAN,Fashion,65000,0,68,0,68
2025-08-13,Medan,SKU_KOPI_GAYO,Food & Beverage,220000,0,44,0,44
2025-08-13,Medan,SKU_BATIK_TULIS,Fashion Premium,1200000,0,9,0,9
2025-08-13,Makassar,SKU_HIJAB_INSTAN,Fashion,65000,0,44,0,44
2025-08-13,Makassar,SKU_KOPI_GAYO,Food & Beverage,220000,0,19,0,19
2025-08-13,Makassar,SKU_BATIK_TULIS,Fashion Premium,1200000,0,6,0,6
2025-08-14,Jakarta,SKU_HIJAB_INSTAN,Fashion,65000,0,189,0,189
2025-08-14,Jakarta,SKU_KOPI_GAYO,Food & Beverage,220000,0,102,0,102
2025-08-14,Jakarta,SKU_BATIK_TULIS,Fashion Premium,1200000,0,28,0,28
2025-08-14,Surabaya,SKU_HIJAB_INSTAN,Fashion,65000,0,124,0,124
2025-08-14,Surabaya,SKU_KOPI_GAYO,Food & Beverage,220000,0,61,0,61
2025-08-14,Surabaya,SKU_BATIK_TULIS,Fashion Premium,1200000,0,10,0,10
2025-08-14,Medan,SKU_HIJAB_INSTAN,Fashion,65000,0,103,0,103
2025-08-14,Medan,SKU_KOPI_GAYO,Food & Beverage,220000,0,50,0,50
2025-08-14,Medan,SKU_BATIK_TULIS,Fashion Premium,1200000,0,8,0,8
2025-08-14,Makassar,SKU_HIJAB_INSTAN,Fashion,65000,0,63,0,63
2025-08-14,Makassar,SKU_KOPI_GAYO,Food & Beverage,220000,0,17,0,17
2025-08-14,Makassar,SKU_BATIK_TULIS,Fashion Premium,1200000,0,3,0,3
2025-08-15,Jakarta,SKU_HIJAB_INSTAN,Fashion,65000,0,215,0,215
2025-08-15,Jakarta,SKU_KOPI_GAYO,Food & Beverage,220000,0,98,0,98
2025-08-15,Jakarta,SKU_BATIK_TULIS,Fashion Premium,1200000,0,23,0,23
2025-08-15,Surabaya,SKU_HIJAB_INSTAN,Fashion,65000,0,140,0,140
2025-08-15,Surabaya,SKU_KOPI_GAYO,Food & Beverage,220000,0,51,0,51
2025-08-15,Surabaya,SKU_BATIK_TULIS,Fashion Premium,1200000,0,15,0,15
2025-08-15,Medan,SKU_HIJAB_INSTAN,Fashion,65000,0,97,0,97
2025-08-15,Medan,SKU_KOPI_GAYO,Food & Beverage,220000,0,46,0,46
2025-08-15,Medan,SKU_BATIK_TULIS,Fashion Premium,1200000,0,12,0,12
2025-08-15,Makassar,SKU_HIJAB_INSTAN,Fashion,65000,0,22,0,22
2025-08-15,Makassar,SKU_KOPI_GAYO,Food & Beverage,220000,0,6,0,6
2025-08-15,Makassar,SKU_BATIK_TULIS,Fashion Premium,1200000,0,3,0,3
2025-08-16,Jakarta,SKU_HIJAB_INSTAN,Fashion,65000,0,266,0,266
2025-08-16,Jakarta,SKU_KOPI_GAYO,Food & Beverage,220000,0,106,0,106
2025-08-16,Jakarta,SKU_BATIK_TULIS,Fashion Premium,1200000,0,29,1,0
2025-08-16,Surabaya,SKU_HIJAB_INSTAN,Fashion,65000,0,152,0,152
2025-08-16,Surabaya,SKU_KOPI_GAYO,Food & Beverage,220000,0,59,0,59
2025-08-16,Surabaya,SKU_BATIK_TULIS,Fashion Premium,1200000,0,14,0,14
2025-08-16,Medan,SKU_HIJAB_INSTAN,Fashion,65000,0,84,0,84
2025-08-16,Medan,SKU_KOPI_GAYO,Food & Beverage,220000,0,46,0,46
2025-08-16,Medan,SKU_BATIK_TULIS,Fashion Premium,1200000,0,16,0,16
2025-08-16,Makassar,SKU_HIJAB_INSTAN,Fashion,65000,0,48,0,48
2025-08-16,Makassar,SKU_KOPI_GAYO,Food & Beverage,220000,0,23,0,23
2025-08-16,Makassar,SKU_BATIK_TULIS,Fashion Premium,1200000,0,3,0,3
2025-08-17,Jakarta,SKU_HIJAB_INSTAN,Fashion,65000,0,225,0,225
2025-08-17,Jakarta,SKU_KOPI_GAYO,Food & Beverage,220000,0,96,0,96
2025-08-17,Jakarta,SKU_BATIK_TULIS,Fashion Premium,1200000,0,23,0,23
2025-08-17,Surabaya,SKU_HIJAB_INSTAN,Fashion,65000,0,125,0,125
2025-08-17,Surabaya,SKU_KOPI_GAYO,Food & Beverage,220000,0,34,0,34
2025-08-17,Surabaya,SKU_BATIK_TULIS,Fashion Premium,1200000,0,13,0,13
2025-08-17,Medan,SKU_HIJAB_INSTAN,Fashion,65000,0,92,0,92
2025-08-17,Medan,SKU_KOPI_GAYO,Food & Beverage,220000,0,40,0,40
2025-08-17,Medan,SKU_BATIK_TULIS,Fashion Premium,1200000,0,9,0,9
2025-08-17,Makassar,SKU_HIJAB_INSTAN,Fashion,65000,0,29,0,29
2025-08-17,Makassar,SKU_KOPI_GAYO,Food & Beverage,220000,0,18,0,18
2025-08-17,Makassar,SKU_BATIK_TULIS,Fashion Premium,1200000,0,4,0,4
2025-08-18,Jakarta,SKU_HIJAB_INSTAN,Fashion,65000,0,193,0,193
2025-08-18,Jakarta,SKU_KOPI_GAYO,Food & Beverage,220000,0,105,0,105
2025-08-18,Jakarta,SKU_BATIK_TULIS,Fashion Premium,1200000,0,18,0,18
2025-08-18,Surabaya,SKU_HIJAB_INSTAN,Fashion,65000,0,124,0,124
2025-08-18,Surabaya,SKU_KOPI_GAYO,Food & Beverage,220000,0,40,0,40
2025-08-18,Surabaya,SKU_BATIK_TULIS,Fashion Premium,1200000,0,10,0,10
2025-08-18,Medan,SKU_HIJAB_INSTAN,Fashion,65000,0,78,0,78
2025-08-18,Medan,SKU_KOPI_GAYO,Food & Beverage,220000,0,45,0,45
2025-08-18,Medan,SKU_BATIK_TULIS,Fashion Premium,1200000,0,8,0,8
2025-08-18,Makassar,SKU_HIJAB_INSTAN,Fashion,65000,0,57,0,57
2025-08-18,Makassar,SKU_KOPI_GAYO,Food & Beverage,220000,0,15,0,15
2025-08-18,Makassar,SKU_BATIK_TULIS,Fashion Premium,1200000,0,3,0,3
2025-08-19,Jakarta,SKU_HIJAB_INSTAN,Fashion,65000,0,154,0,154
2025-08-19,Jakarta,SKU_KOPI_GAYO,Food & Beverage,220000,0,89,0,89
2025-08-19,Jakarta,SKU_BATIK_TULIS,Fashion Premium,1200000,0,19,0,19
2025-08-19,Surabaya,SKU_HIJAB_INSTAN,Fashion,65000,0,119,0,119
2025-08-19,Surabaya,SKU_KOPI_GAYO,Food & Beverage,220000,0,61,0,61
2025-08-19,Surabaya,SKU_BATIK_TULIS,Fashion Premium,1200000,0,11,0,11
2025-08-19,Medan,SKU_HIJAB_INSTAN,Fashion,65000,0,55,0,55
2025-08-19,Medan,SKU_KOPI_GAYO,Food & Beverage,220000,0,47,0,47
2025-08-19,Medan,SKU_BATIK_TULIS,Fashion Premium,1200000,0,7,0,7
2025-08-19,Makassar,SKU_HIJAB_INSTAN,Fashion,65000,0,41,0,41
2025-08-19,Makassar,SKU_KOPI_GAYO,Food & Beverage,220000,0,25,0,25
2025-08-19,Makassar,SKU_BATIK_TULIS,Fashion Premium,1200000,0,6,0,6
2025-08-20,Jakarta,SKU_HIJAB_INSTAN,Fashion,65000,0,209,0,209
2025-08-20,Jakarta,SKU_KOPI_GAYO,Food & Beverage,220000,0,93,0,93
2025-08-20,Jakarta,SKU_BATIK_TULIS,Fashion Premium,1200000,0,23,0,23
2025-08-20,Surabaya,SKU_HIJAB_INSTAN,Fashion,65000,0,119,0,119
2025-08-20,Surabaya,SKU_KOPI_GAYO,Food & Beverage,220000,0,60,0,60
2025-08-20,Surabaya,SKU_BATIK_TULIS,Fashion Premium,1200000,0,14,0,14
2025-08-20,Medan,SKU_HIJAB_INSTAN,Fashion,65000,0,60,0,60
2025-08-20,Medan,SKU_KOPI_GAYO,Food & Beverage,220000,0,43,0,43
2025-08-20,Medan,SKU_BATIK_TULIS,Fashion Premium,1200000,0,9,0,9
2025-08-20,Makassar,SKU_HIJAB_INSTAN,Fashion,65000,0,38,0,38
2025-08-20,Makassar,SKU_KOPI_GAYO,Food & Beverage,220000,0,26,0,26
2025-08-20,Makassar,SKU_BATIK_TULIS,Fashion Premium,1200000,0,6,0,6
2025-08-21,Jakarta,SKU_HIJAB_INSTAN,Fashion,65000,0,177,0,177
2025-08-21,Jakarta,SKU_KOPI_GAYO,Food & Beverage,220000,0,95,0,95
2025-08-21,Jakarta,SKU_BATIK_TULIS,Fashion Premium,1200000,0,18,0,18
2025-08-21,Surabaya,SKU_HIJAB_INSTAN,Fashion,65000,0,102,0,102
2025-08-21,Surabaya,SKU_KOPI_GAYO,Food & Beverage,220000,0,58,0,58
2025-08-21,Surabaya,SKU_BATIK_TULIS,Fashion Premium,1200000,0,12,0,12
2025-08-21,Medan,SKU_HIJAB_INSTAN,Fashion,65000,0,72,0,72
2025-08-21,Medan,SKU_KOPI_GAYO,Food & Beverage,220000,0,51,0,51
2025-08-21,Medan,SKU_BATIK_TULIS,Fashion Premium,1200000,0,11,0,11
2025-08-21,Makassar,SKU_HIJAB_INSTAN,Fashion,65000,0,67,0,67
2025-08-21,Makassar,SKU_KOPI_GAYO,Food & Beverage,220000,0,21,0,21
2025-08-21,Makassar,SKU_BATIK_TULIS,Fashion Premium,1200000,0,8,0,8
2025-08-22,Jakarta,SKU_HIJAB_INSTAN,Fashion,65000,0,171,0,171
2025-08-22,Jakarta,SKU_KOPI_GAYO,Food & Beverage,220000,0,109,0,109
2025-08-22,Jakarta,SKU_BATIK_TULIS,Fashion Premium,1200000,0,25,1,0
2025-08-22,Surabaya,SKU_HIJAB_INSTAN,Fashion,65000,0,136,0,136
2025-08-22,Surabaya,SKU_KOPI_GAYO,Food & Beverage,220000,0,67,0,67
2025-08-22,Surabaya,SKU_BATIK_TULIS,Fashion Premium,1200000,0,14,0,14
2025-08-22,Medan,SKU_HIJAB_INSTAN,Fashion,65000,0,97,0,97
2025-08-22,Medan,SKU_KOPI_GAYO,Food & Beverage,220000,0,52,0,52
2025-08-22,Medan,SKU_BATIK_TULIS,Fashion Premium,1200000,0,6,0,6
2025-08-22,Makassar,SKU_HIJAB_INSTAN,Fashion,65000,0,49,0,49
2025-08-22,Makassar,SKU_KOPI_GAYO,Food & Beverage,220000,0,2,0,2
2025-08-22,Makassar,SKU_BATIK_TULIS,Fashion Premium,1200000,0,7,0,7
2025-08-23,Jakarta,SKU_HIJAB_INSTAN,Fashion,65000,0,238,0,238
2025-08-23,Jakarta,SKU_KOPI_GAYO,Food & Beverage,220000,0,108,0,108
2025-08-23,Jakarta,SKU_BATIK_TULIS,Fashion Premium,1200000,0,22,0,22
2025-08-23,Surabaya,SKU_HIJAB_INSTAN,Fashion,65000,0,131,0,131
2025-08-23,Surabaya,SKU_KOPI_GAYO,Food & Beverage,220000,0,61,0,61
2025-08-23,Surabaya,SKU_BATIK_TULIS,Fashion Premium,1200000,0,19,0,19
2025-08-23,Medan,SKU_HIJAB_INSTAN,Fashion,65000,0,89,0,89
2025-08-23,Medan,SKU_KOPI_GAYO,Food & Beverage,220000,0,41,0,41
2025-08-23,Medan,SKU_BATIK_TULIS,Fashion Premium,1200000,0,13,0,13
2025-08-23,Makassar,SKU_HIJAB_INSTAN,Fashion,65000,0,87,0,87
2025-08-23,Makassar,SKU_KOPI_GAYO,Food & Beverage,220000,0,21,0,21
2025-08-23,Makassar,SKU_BATIK_TULIS,Fashion Premium,1200000,0,9,0,9
2025-08-24,Jakarta,SKU_HIJAB_INSTAN,Fashion,65000,0,256,1,0
2025-08-24,Jakarta,SKU_KOPI_GAYO,Food & Beverage,220000,0,94,0,94
2025-08-24,Jakarta,SKU_BATIK_TULIS,Fashion Premium,1200000,0,24,0,24
2025-08-24,Surabaya,SKU_HIJAB_INSTAN,Fashion,65000,0,184,0,184
2025-08-24,Surabaya,SKU_KOPI_GAYO,Food & Beverage,220000,0,71,0,71
2025-08-24,Surabaya,SKU_BATIK_TULIS,Fashion Premium,1200000,0,13,0,13
2025-08-24,Medan,SKU_HIJAB_INSTAN,Fashion,65000,0,118,0,118
2025-08-24,Medan,SKU_KOPI_GAYO,Food & Beverage,220000,0,58,0,58
2025-08-24,Medan,SKU_BATIK_TULIS,Fashion Premium,1200000,0,10,0,10
2025-08-24,Makassar,SKU_HIJAB_INSTAN,Fashion,65000,0,60,0,60
2025-08-24,Makassar,SKU_KOPI_GAYO,Food & Beverage,220000,0,25,0,25
2025-08-24,Makassar,SKU_BATIK_TULIS,Fashion Premium,1200000,0,8,0,8
2025-08-25,Jakarta,SKU_HIJAB_INSTAN,Fashion,52000,1,317,0,317
2025-08-25,Jakarta,SKU_KOPI_GAYO,Food & Beverage,220000,0,114,0,114
2025-08-25,Jakarta,SKU_BATIK_TULIS,Fashion Premium,1200000,0,21,0,21
2025-08-25,Surabaya,SKU_HIJAB_INSTAN,Fashion,65000,0,122,0,122
2025-08-25,Surabaya,SKU_KOPI_GAYO,Food & Beverage,220000,0,72,0,72
2025-08-25,Surabaya,SKU_BATIK_TULIS,Fashion Premium,960000,1,19,0,19
2025-08-25,Medan,SKU_HIJAB_INSTAN,Fashion,65000,0,94,0,94
2025-08-25,Medan,SKU_KOPI_GAYO,Food & Beverage,176000,1,63,0,63
2025-08-25,Medan,SKU_BATIK_TULIS,Fashion Premium,960000,1,13,0,13
2025-08-25,Makassar,SKU_HIJAB_INSTAN,Fashion,65000,0,49,1,0
2025-08-25,Makassar,SKU_KOPI_GAYO,Food & Beverage,176000,1,36,0,36
2025-08-25,Makassar,SKU_BATIK_TULIS,Fashion Premium,960000,1,6,0,6
2025-08-26,Jakarta,SKU_HIJAB_INSTAN,Fashion,65000,0,220,0,220
2025-08-26,Jakarta,SKU_KOPI_GAYO,Food & Beverage,220000,0,101,0,101
2025-08-26,Jakarta,SKU_BATIK_TULIS,Fashion Premium,960000,1,28,0,28
2025-08-26,Surabaya,SKU_HIJAB_INSTAN,Fashion,65000,0,115,0,115
2025-08-26,Surabaya,SKU_KOPI_GAYO,Food & Beverage,220000,0,61,0,61
2025-08-26,Surabaya,SKU_BATIK_TULIS,Fashion Premium,1200000,0,12,0,12
2025-08-26,Medan,SKU_HIJAB_INSTAN,Fashion,65000,0,64,0,64
2025-08-26,Medan,SKU_KOPI_GAYO,Food & Beverage,220000,0,46,0,46
2025-08-26,Medan,SKU_BATIK_TULIS,Fashion Premium,960000,1,10,0,10
2025-08-26,Makassar,SKU_HIJAB_INSTAN,Fashion,65000,0,60,0,60
2025-08-26,Makassar,SKU_KOPI_GAYO,Food & Beverage,176000,1,35,0,35
2025-08-26,Makassar,SKU_BATIK_TULIS,Fashion Premium,1200000,0,5,0,5
2025-08-27,Jakarta,SKU_HIJAB_INSTAN,Fashion,52000,1,361,0,361
2025-08-27,Jakarta,SKU_KOPI_GAYO,Food & Beverage,220000,0,103,0,103
2025-08-27,Jakarta,SKU_BATIK_TULIS,Fashion Premium,960000,1,35,0,35
2025-08-27,Surabaya,SKU_HIJAB_INSTAN,Fashion,65000,0,86,0,86
2025-08-27,Surabaya,SKU_KOPI_GAYO,Food & Beverage,220000,0,62,0,62
2025-08-27,Surabaya,SKU_BATIK_TULIS,Fashion Premium,960000,1,19,0,19
2025-08-27,Medan,SKU_HIJAB_INSTAN,Fashion,52000,1,110,0,110
2025-08-27,Medan,SKU_KOPI_GAYO,Food & Beverage,220000,0,35,0,35
2025-08-27,Medan,SKU_BATIK_TULIS,Fashion Premium,960000,1,12,0,12
2025-08-27,Makassar,SKU_HIJAB_INSTAN,Fashion,65000,0,43,0,43
2025-08-27,Makassar,SKU_KOPI_GAYO,Food & Beverage,176000,1,14,0,14
2025-08-27,Makassar,SKU_BATIK_TULIS,Fashion Premium,1200000,0,4,0,4
2025-08-28,Jakarta,SKU_HIJAB_INSTAN,Fashion,65000,0,239,0,239
2025-08-28,Jakarta,SKU_KOPI_GAYO,Food & Beverage,220000,0,111,0,111
2025-08-28,Jakarta,SKU_BATIK_TULIS,Fashion Premium,960000,1,31,0,31
2025-08-28,Surabaya,SKU_HIJAB_INSTAN,Fashion,65000,0,152,0,152
2025-08-28,Surabaya,SKU_KOPI_GAYO,Food & Beverage,220000,0,72,0,72
2025-08-28,Surabaya,SKU_BATIK_TULIS,Fashion Premium,960000,1,15,0,15
2025-08-28,Medan,SKU_HIJAB_INSTAN,Fashion,52000,1,116,0,116
2025-08-28,Medan,SKU_KOPI_GAYO,Food & Beverage,220000,0,26,0,26
2025-08-28,Medan,SKU_BATIK_TULIS,Fashion Premium,1200000,0,9,0,9
2025-08-28,Makassar,SKU_HIJAB_INSTAN,Fashion,65000,0,39,0,39
2025-08-28,Makassar,SKU_KOPI_GAYO,Food & Beverage,220000,0,26,0,26
2025-08-28,Makassar,SKU_BATIK_TULIS,Fashion Premium,1200000,0,5,0,5
2025-08-29,Jakarta,SKU_HIJAB_INSTAN,Fashion,65000,0,255,0,255
2025-08-29,Jakarta,SKU_KOPI_GAYO,Food & Beverage,220000,0,106,0,106
2025-08-29,Jakarta,SKU_BATIK_TULIS,Fashion Premium,1200000,0,24,0,24
2025-08-29,Surabaya,SKU_HIJAB_INSTAN,Fashion,65000,0,117,0,117
2025-08-29,Surabaya,SKU_KOPI_GAYO,Food & Beverage,220000,0,58,0,58
2025-08-29,Surabaya,SKU_BATIK_TULIS,Fashion Premium,1200000,0,13,0,13
2025-08-29,Medan,SKU_HIJAB_INSTAN,Fashion,65000,0,75,0,75
2025-08-29,Medan,SKU_KOPI_GAYO,Food & Beverage,220000,0,38,0,38
2025-08-29,Medan,SKU_BATIK_TULIS,Fashion Premium,1200000,0,9,0,9
2025-08-29,Makassar,SKU_HIJAB_INSTAN,Fashion,65000,0,52,0,52
2025-08-29,Makassar,SKU_KOPI_GAYO,Food & Beverage,220000,0,15,0,15
2025-08-29,Makassar,SKU_BATIK_TULIS,Fashion Premium,1200000,0,3,0,3
2025-08-30,Jakarta,SKU_HIJAB_INSTAN,Fashion,65000,0,236,0,236
2025-08-30,Jakarta,SKU_KOPI_GAYO,Food & Beverage,220000,0,108,0,108
2025-08-30,Jakarta,SKU_BATIK_TULIS,Fashion Premium,1200000,0,26,0,26
2025-08-30,Surabaya,SKU_HIJAB_INSTAN,Fashion,65000,0,116,0,116
2025-08-30,Surabaya,SKU_KOPI_GAYO,Food & Beverage,220000,0,72,0,72
2025-08-30,Surabaya,SKU_BATIK_TULIS,Fashion Premium,1200000,0,17,0,17
2025-08-30,Medan,SKU_HIJAB_INSTAN,Fashion,65000,0,94,0,94
2025-08-30,Medan,SKU_KOPI_GAYO,Food & Beverage,220000,0,49,0,49
2025-08-30,Medan,SKU_BATIK_TULIS,Fashion Premium,1200000,0,7,0,7
2025-08-30,Makassar,SKU_HIJAB_INSTAN,Fashion,65000,0,13,1,0
2025-08-30,Makassar,SKU_KOPI_GAYO,Food & Beverage,220000,0,5,0,5
2025-08-30,Makassar,SKU_BATIK_TULIS,Fashion Premium,1200000,0,5,0,5
2025-08-31,Jakarta,SKU_HIJAB_INSTAN,Fashion,65000,0,235,0,235
2025-08-31,Jakarta,SKU_KOPI_GAYO,Food & Beverage,220000,0,104,0,104
2025-08-31,Jakarta,SKU_BATIK_TULIS,Fashion Premium,1200000,0,22,0,22
2025-08-31,Surabaya,SKU_HIJAB_INSTAN,Fashion,65000,0,145,0,145
2025-08-31,Surabaya,SKU_KOPI_GAYO,Food & Beverage,220000,0,57,0,57
2025-08-31,Surabaya,SKU_BATIK_TULIS,Fashion Premium,1200000,0,17,0,17
2025-08-31,Medan,SKU_HIJAB_INSTAN,Fashion,65000,0,132,0,132
2025-08-31,Medan,SKU_KOPI_GAYO,Food & Beverage,220000,0,29,0,29
2025-08-31,Medan,SKU_BATIK_TULIS,Fashion Premium,1200000,0,8,0,8
2025-08-31,Makassar,SKU_HIJAB_INSTAN,Fashion,65000,0,39,0,39
2025-08-31,Makassar,SKU_KOPI_GAYO,Food & Beverage,220000,0,21,0,21
2025-08-31,Makassar,SKU_BATIK_TULIS,Fashion Premium,1200000,0,7,0,7
2025-09-01,Jakarta,SKU_HIJAB_INSTAN,Fashion,65000,0,187,0,187
2025-09-01,Jakarta,SKU_KOPI_GAYO,Food & Beverage,220000,0,89,0,89
2025-09-01,Jakarta,SKU_BATIK_TULIS,Fashion Premium,1200000,0,18,0,18
2025-09-01,Surabaya,SKU_HIJAB_INSTAN,Fashion,65000,0,98,0,98
2025-09-01,Surabaya,SKU_KOPI_GAYO,Food & Beverage,220000,0,53,0,53
2025-09-01,Surabaya,SKU_BATIK_TULIS,Fashion Premium,1200000,0,12,0,12
2025-09-01,Medan,SKU_HIJAB_INSTAN,Fashion,65000,0,65,0,65
2025-09-01,Medan,SKU_KOPI_GAYO,Food & Beverage,220000,0,31,0,31
2025-09-01,Medan,SKU_BATIK_TULIS,Fashion Premium,1200000,0,6,0,6
2025-09-01,Makassar,SKU_HIJAB_INSTAN,Fashion,65000,0,45,0,45
2025-09-01,Makassar,SKU_KOPI_GAYO,Food & Beverage,220000,0,5,0,5
2025-09-01,Makassar,SKU_BATIK_TULIS,Fashion Premium,1200000,0,4,1,0
2025-09-02,Jakarta,SKU_HIJAB_INSTAN,Fashion,65000,0,192,0,192
2025-09-02,Jakarta,SKU_KOPI_GAYO,Food & Beverage,220000,0,93,0,93
2025-09-02,Jakarta,SKU_BATIK_TULIS,Fashion Premium,1200000,0,18,0,18
2025-09-02,Surabaya,SKU_HIJAB_INSTAN,Fashion,65000,0,112,0,112
2025-09-02,Surabaya,SKU_KOPI_GAYO,Food & Beverage,220000,0,56,0,56
2025-09-02,Surabaya,SKU_BATIK_TULIS,Fashion Premium,1200000,0,11,0,11
2025-09-02,Medan,SKU_HIJAB_INSTAN,Fashion,65000,0,74,0,74
2025-09-02,Medan,SKU_KOPI_GAYO,Food & Beverage,220000,0,32,0,32
2025-09-02,Medan,SKU_BATIK_TULIS,Fashion Premium,1200000,0,6,0,6
2025-09-02,Makassar,SKU_HIJAB_INSTAN,Fashion,65000,0,43,0,43
2025-09-02,Makassar,SKU_KOPI_GAYO,Food & Beverage,220000,0,36,0,36
2025-09-02,Makassar,SKU_BATIK_TULIS,Fashion Premium,1200000,0,2,0,2
2025-09-03,Jakarta,SKU_HIJAB_INSTAN,Fashion,65000,0,199,0,199
2025-09-03,Jakarta,SKU_KOPI_GAYO,Food & Beverage,220000,0,89,0,89
2025-09-03,Jakarta,SKU_BATIK_TULIS,Fashion Premium,1200000,0,19,0,19
2025-09-03,Surabaya,SKU_HIJAB_INSTAN,Fashion,65000,0,96,0,96
2025-09-03,Surabaya,SKU_KOPI_GAYO,Food & Beverage,220000,0,53,0,53
2025-09-03,Surabaya,SKU_BATIK_TULIS,Fashion Premium,1200000,0,12,0,12
2025-09-03,Medan,SKU_HIJAB_INSTAN,Fashion,65000,0,75,0,75
2025-09-03,Medan,SKU_KOPI_GAYO,Food & Beverage,220000,0,38,0,38
2025-09-03,Medan,SKU_BATIK_TULIS,Fashion Premium,1200000,0,6,0,6
2025-09-03,Makassar,SKU_HIJAB_INSTAN,Fashion,65000,0,51,0,51
2025-09-03,Makassar,SKU_KOPI_GAYO,Food & Beverage,220000,0,18,0,18
2025-09-03,Makassar,SKU_BATIK_TULIS,Fashion Premium,1200000,0,3,0,3
2025-09-04,Jakarta,SKU_HIJAB_INSTAN,Fashion,65000,0,202,0,202
2025-09-04,Jakarta,SKU_KOPI_GAYO,Food & Beverage,220000,0,86,0,86
2025-09-04,Jakarta,SKU_BATIK_TULIS,Fashion Premium,1200000,0,21,0,21
2025-09-04,Surabaya,SKU_HIJAB_INSTAN,Fashion,65000,0,121,0,121
2025-09-04,Surabaya,SKU_KOPI_GAYO,Food & Beverage,220000,0,54,0,54
2025-09-04,Surabaya,SKU_BATIK_TULIS,Fashion Premium,1200000,0,14,0,14
2025-09-04,Medan,SKU_HIJAB_INSTAN,Fashion,65000,0,57,0,57
2025-09-04,Medan,SKU_KOPI_GAYO,Food & Beverage,220000,0,46,0,46
2025-09-04,Medan,SKU_BATIK_TULIS,Fashion Premium,1200000,0,10,0,10
2025-09-04,Makassar,SKU_HIJAB_INSTAN,Fashion,65000,0,47,0,47
2025-09-04,Makassar,SKU_KOPI_GAYO,Food & Beverage,220000,0,14,0,14
2025-09-04,Makassar,SKU_BATIK_TULIS,Fashion Premium,1200000,0,4,0,4
2025-09-05,Jakarta,SKU_HIJAB_INSTAN,Fashion,65000,0,197,1,0
2025-09-05,Jakarta,SKU_KOPI_GAYO,Food & Beverage,220000,0,119,0,119
2025-09-05,Jakarta,SKU_BATIK_TULIS,Fashion Premium,1200000,0,24,0,24
2025-09-05,Surabaya,SKU_HIJAB_INSTAN,Fashion,65000,0,112,0,112
2025-09-05,Surabaya,SKU_KOPI_GAYO,Food & Beverage,220000,0,43,0,43
2025-09-05,Surabaya,SKU_BATIK_TULIS,Fashion Premium,1200000,0,14,0,14
2025-09-05,Medan,SKU_HIJAB_INSTAN,Fashion,65000,0,102,0,102
2025-09-05,Medan,SKU_KOPI_GAYO,Food & Beverage,220000,0,44,0,44
2025-09-05,Medan,SKU_BATIK_TULIS,Fashion Premium,1200000,0,11,0,11
2025-09-05,Makassar,SKU_HIJAB_INSTAN,Fashion,65000,0,76,0,76
2025-09-05,Makassar,SKU_KOPI_GAYO,Food & Beverage,220000,0,20,0,20
2025-09-05,Makassar,SKU_BATIK_TULIS,Fashion Premium,1200000,0,4,0,4
2025-09-06,Jakarta,SKU_HIJAB_INSTAN,Fashion,65000,0,274,0,274
2025-09-06,Jakarta,SKU_KOPI_GAYO,Food & Beverage,220000,0,108,0,108
2025-09-06,Jakarta,SKU_BATIK_TULIS,Fashion Premium,1200000,0,24,0,24
2025-09-06,Surabaya,SKU_HIJAB_INSTAN,Fashion,65000,0,126,0,126
2025-09-06,Surabaya,SKU_KOPI_GAYO,Food & Beverage,220000,0,82,0,82
2025-09-06,Surabaya,SKU_BATIK_TULIS,Fashion Premium,1200000,0,17,0,17
2025-09-06,Medan,SKU_HIJAB_INSTAN,Fashion,65000,0,112,0,112
2025-09-06,Medan,SKU_KOPI_GAYO,Food & Beverage,220000,0,34,0,34
2025-09-06,Medan,SKU_BATIK_TULIS,Fashion Premium,1200000,0,13,0,13
2025-09-06,Makassar,SKU_HIJAB_INSTAN,Fashion,65000,0,39,0,39
2025-09-06,Makassar,SKU_KOPI_GAYO,Food & Beverage,220000,0,30,0,30
2025-09-06,Makassar,SKU_BATIK_TULIS,Fashion Premium,1200000,0,9,0,9
2025-09-07,Jakarta,SKU_HIJAB_INSTAN,Fashion,65000,0,210,0,210
2025-09-07,Jakarta,SKU_KOPI_GAYO,Food & Beverage,220000,0,111,0,111
2025-09-07,Jakarta,SKU_BATIK_TULIS,Fashion Premium,1200000,0,26,0,26
2025-09-07,Surabaya,SKU_HIJAB_INSTAN,Fashion,65000,0,125,0,125
2025-09-07,Surabaya,SKU_KOPI_GAYO,Food & Beverage,220000,0,57,0,57
2025-09-07,Surabaya,SKU_BATIK_TULIS,Fashion Premium,1200000,0,15,0,15
2025-09-07,Medan,SKU_HIJAB_INSTAN,Fashion,65000,0,73,0,73
2025-09-07,Medan,SKU_KOPI_GAYO,Food & Beverage,220000,0,40,0,40
2025-09-07,Medan,SKU_BATIK_TULIS,Fashion Premium,1200000,0,11,0,11
2025-09-07,Makassar,SKU_HIJAB_INSTAN,Fashion,65000,0,20,0,20
2025-09-07,Makassar,SKU_KOPI_GAYO,Food & Beverage,220000,0,12,0,12
2025-09-07,Makassar,SKU_BATIK_TULIS,Fashion Premium,1200000,0,3,0,3
2025-09-08,Jakarta,SKU_HIJAB_INSTAN,Fashion,65000,0,195,0,195
2025-09-08,Jakarta,SKU_KOPI_GAYO,Food & Beverage,220000,0,104,0,104
2025-09-08,Jakarta,SKU_BATIK_TULIS,Fashion Premium,1200000,0,18,0,18
2025-09-08,Surabaya,SKU_HIJAB_INSTAN,Fashion,65000,0,123,0,123
2025-09-08,Surabaya,SKU_KOPI_GAYO,Food & Beverage,220000,0,61,0,61
2025-09-08,Surabaya,SKU_BATIK_TULIS,Fashion Premium,1200000,0,13,0,13
2025-09-08,Medan,SKU_HIJAB_INSTAN,Fashion,65000,0,58,0,58
2025-09-08,Medan,SKU_KOPI_GAYO,Food & Beverage,220000,0,30,0,30
2025-09-08,Medan,SKU_BATIK_TULIS,Fashion Premium,1200000,0,3,0,3
2025-09-08,Makassar,SKU_HIJAB_INSTAN,Fashion,65000,0,16,0,16
2025-09-08,Makassar,SKU_KOPI_GAYO,Food & Beverage,220000,0,13,0,13
2025-09-08,Makassar,SKU_BATIK_TULIS,Fashion Premium,1200000,0,3,0,3
2025-09-09,Jakarta,SKU_HIJAB_INSTAN,Fashion,65000,0,194,0,194
2025-09-09,Jakarta,SKU_KOPI_GAYO,Food & Beverage,220000,0,101,0,101
2025-09-09,Jakarta,SKU_BATIK_TULIS,Fashion Premium,1200000,0,18,0,18
2025-09-09,Surabaya,SKU_HIJAB_INSTAN,Fashion,65000,0,116,0,116
2025-09-09,Surabaya,SKU_KOPI_GAYO,Food & Beverage,220000,0,62,0,62
2025-09-09,Surabaya,SKU_BATIK_TULIS,Fashion Premium,1200000,0,13,0,13
2025-09-09,Medan,SKU_HIJAB_INSTAN,Fashion,65000,0,96,0,96
2025-09-09,Medan,SKU_KOPI_GAYO,Food & Beverage,220000,0,29,0,29
2025-09-09,Medan,SKU_BATIK_TULIS,Fashion Premium,1200000,0,10,0,10
2025-09-09,Makassar,SKU_HIJAB_INSTAN,Fashion,65000,0,72,0,72
2025-09-09,Makassar,SKU_KOPI_GAYO,Food & Beverage,220000,0,9,0,9
2025-09-09,Makassar,SKU_BATIK_TULIS,Fashion Premium,1200000,0,3,0,3
2025-09-10,Jakarta,SKU_HIJAB_INSTAN,Fashion,65000,0,202,0,202
2025-09-10,Jakarta,SKU_KOPI_GAYO,Food & Beverage,220000,0,104,0,104
2025-09-10,Jakarta,SKU_BATIK_TULIS,Fashion Premium,1200000,0,18,0,18
2025-09-10,Surabaya,SKU_HIJAB_INSTAN,Fashion,65000,0,94,0,94
2025-09-10,Surabaya,SKU_KOPI_GAYO,Food & Beverage,220000,0,69,0,69
2025-09-10,Surabaya,SKU_BATIK_TULIS,Fashion Premium,1200000,0,13,0,13
2025-09-10,Medan,SKU_HIJAB_INSTAN,Fashion,65000,0,78,0,78
2025-09-10,Medan,SKU_KOPI_GAYO,Food & Beverage,220000,0,37,0,37
2025-09-10,Medan,SKU_BATIK_TULIS,Fashion Premium,1200000,0,9,0,9
2025-09-10,Makassar,SKU_HIJAB_INSTAN,Fashion,65000,0,21,0,21
2025-09-10,Makassar,SKU_KOPI_GAYO,Food & Beverage,220000,0,22,0,22
2025-09-10,Makassar,SKU_BATIK_TULIS,Fashion Premium,1200000,0,5,0,5
2025-09-11,Jakarta,SKU_HIJAB_INSTAN,Fashion,65000,0,202,0,202
2025-09-11,Jakarta,SKU_KOPI_GAYO,Food & Beverage,220000,0,93,0,93
2025-09-11,Jakarta,SKU_BATIK_TULIS,Fashion Premium,1200000,0,20,0,20
2025-09-11,Surabaya,SKU_HIJAB_INSTAN,Fashion,65000,0,115,0,115
2025-09-11,Surabaya,SKU_KOPI_GAYO,Food & Beverage,220000,0,60,0,60
2025-09-11,Surabaya,SKU_BATIK_TULIS,Fashion Premium,1200000,0,9,0,9
2025-09-11,Medan,SKU_HIJAB_INSTAN,Fashion,65000,0,66,0,66
2025-09-11,Medan,SKU_KOPI_GAYO,Food & Beverage,220000,0,47,0,47
2025-09-11,Medan,SKU_BATIK_TULIS,Fashion Premium,1200000,0,9,0,9
2025-09-11,Makassar,SKU_HIJAB_INSTAN,Fashion,65000,0,16,0,16
2025-09-11,Makassar,SKU_KOPI_GAYO,Food & Beverage,220000,0,22,0,22
2025-09-11,Makassar,SKU_BATIK_TULIS,Fashion Premium,1200000,0,6,0,6
2025-09-12,Jakarta,SKU_HIJAB_INSTAN,Fashion,65000,0,223,0,223
2025-09-12,Jakarta,SKU_KOPI_GAYO,Food & Beverage,220000,0,118,0,118
2025-09-12,Jakarta,SKU_BATIK_TULIS,Fashion Premium,1200000,0,21,0,21
2025-09-12,Surabaya,SKU_HIJAB_INSTAN,Fashion,65000,0,117,0,117
2025-09-12,Surabaya,SKU_KOPI_GAYO,Food & Beverage,220000,0,66,0,66
2025-09-12,Surabaya,SKU_BATIK_TULIS,Fashion Premium,1200000,0,14,0,14
2025-09-12,Medan,SKU_HIJAB_INSTAN,Fashion,65000,0,83,0,83
2025-09-12,Medan,SKU_KOPI_GAYO,Food & Beverage,220000,0,55,0,55
2025-09-12,Medan,SKU_BATIK_TULIS,Fashion Premium,1200000,0,12,1,0
2025-09-12,Makassar,SKU_HIJAB_INSTAN,Fashion,65000,0,52,0,52
2025-09-12,Makassar,SKU_KOPI_GAYO,Food & Beverage,220000,0,21,0,21
2025-09-12,Makassar,SKU_BATIK_TULIS,Fashion Premium,1200000,0,6,0,6
2025-09-13,Jakarta,SKU_HIJAB_INSTAN,Fashion,65000,0,248,0,248
2025-09-13,Jakarta,SKU_KOPI_GAYO,Food & Beverage,220000,0,103,0,103
2025-09-13,Jakarta,SKU_BATIK_TULIS,Fashion Premium,1200000,0,29,0,29
2025-09-13,Surabaya,SKU_HIJAB_INSTAN,Fashion,65000,0,148,0,148
2025-09-13,Surabaya,SKU_KOPI_GAYO,Food & Beverage,220000,0,67,0,67
2025-09-13,Surabaya,SKU_BATIK_TULIS,Fashion Premium,1200000,0,16,0,16
2025-09-13,Medan,SKU_HIJAB_INSTAN,Fashion,65000,0,104,0,104
2025-09-13,Medan,SKU_KOPI_GAYO,Food & Beverage,220000,0,52,0,52
2025-09-13,Medan,SKU_BATIK_TULIS,Fashion Premium,1200000,0,9,0,9
2025-09-13,Makassar,SKU_HIJAB_INSTAN,Fashion,65000,0,83,0,83
2025-09-13,Makassar,SKU_KOPI_GAYO,Food & Beverage,220000,0,31,0,31
2025-09-13,Makassar,SKU_BATIK_TULIS,Fashion Premium,1200000,0,3,0,3
2025-09-14,Jakarta,SKU_HIJAB_INSTAN,Fashion,65000,0,240,0,240
2025-09-14,Jakarta,SKU_KOPI_GAYO,Food & Beverage,220000,0,104,0,104
2025-09-14,Jakarta,SKU_BATIK_TULIS,Fashion Premium,1200000,0,23,0,23
2025-09-14,Surabaya,SKU_HIJAB_INSTAN,Fashion,65000,0,123,0,123
2025-09-14,Surabaya,SKU_KOPI_GAYO,Food & Beverage,220000,0,58,0,58
2025-09-14,Surabaya,SKU_BATIK_TULIS,Fashion Premium,1200000,0,16,0,16
2025-09-14,Medan,SKU_HIJAB_INSTAN,Fashion,65000,0,89,0,89
2025-09-14,Medan,SKU_KOPI_GAYO,Food & Beverage,220000,0,45,0,45
2025-09-14,Medan,SKU_BATIK_TULIS,Fashion Premium,1200000,0,12,0,12
2025-09-14,Makassar,SKU_HIJAB_INSTAN,Fashion,65000,0,54,0,54
2025-09-14,Makassar,SKU_KOPI_GAYO,Food & Beverage,220000,0,28,0,28
2025-09-14,Makassar,SKU_BATIK_TULIS,Fashion Premium,1200000,0,3,0,3
2025-09-15,Jakarta,SKU_HIJAB_INSTAN,Fashion,65000,0,184,0,184
2025-09-15,Jakarta,SKU_KOPI_GAYO,Food & Beverage,220000,0,91,0,91
2025-09-15,Jakarta,SKU_BATIK_TULIS,Fashion Premium,1200000,0,17,0,17
2025-09-15,Surabaya,SKU_HIJAB_INSTAN,Fashion,65000,0,101,0,101
2025-09-15,Surabaya,SKU_KOPI_GAYO,Food & Beverage,220000,0,54,0,54
2025-09-15,Surabaya,SKU_BATIK_TULIS,Fashion Premium,1200000,0,14,0,14
2025-09-15,Medan,SKU_HIJAB_INSTAN,Fashion,65000,0,65,0,65
2025-09-15,Medan,SKU_KOPI_GAYO,Food & Beverage,220000,0,40,0,40
2025-09-15,Medan,SKU_BATIK_TULIS,Fashion Premium,1200000,0,9,0,9
2025-09-15,Makassar,SKU_HIJAB_INSTAN,Fashion,65000,0,12,0,12
2025-09-15,Makassar,SKU_KOPI_GAYO,Food & Beverage,220000,0,16,0,16
2025-09-15,Makassar,SKU_BATIK_TULIS,Fashion Premium,1200000,0,4,0,4
2025-09-16,Jakarta,SKU_HIJAB_INSTAN,Fashion,65000,0,186,0,186
2025-09-16,Jakarta,SKU_KOPI_GAYO,Food & Beverage,220000,0,107,0,107
2025-09-16,Jakarta,SKU_BATIK_TULIS,Fashion Premium,1200000,0,17,0,17
2025-09-16,Surabaya,SKU_HIJAB_INSTAN,Fashion,65000,0,111,0,111
2025-09-16,Surabaya,SKU_KOPI_GAYO,Food & Beverage,220000,0,55,0,55
2025-09-16,Surabaya,SKU_BATIK_TULIS,Fashion Premium,1200000,0,10,0,10
2025-09-16,Medan,SKU_HIJAB_INSTAN,Fashion,65000,0,73,0,73
2025-09-16,Medan,SKU_KOPI_GAYO,Food & Beverage,220000,0,47,0,47
2025-09-16,Medan,SKU_BATIK_TULIS,Fashion Premium,1200000,0,7,0,7
2025-09-16,Makassar,SKU_HIJAB_INSTAN,Fashion,65000,0,64,0,64
2025-09-16,Makassar,SKU_KOPI_GAYO,Food & Beverage,220000,0,11,0,11
2025-09-16,Makassar,SKU_BATIK_TULIS,Fashion Premium,1200000,0,5,0,5
2025-09-17,Jakarta,SKU_HIJAB_INSTAN,Fashion,65000,0,166,0,166
2025-09-17,Jakarta,SKU_KOPI_GAYO,Food & Beverage,220000,0,105,0,105
2025-09-17,Jakarta,SKU_BATIK_TULIS,Fashion Premium,1200000,0,22,0,22
2025-09-17,Surabaya,SKU_HIJAB_INSTAN,Fashion,65000,0,147,0,147
2025-09-17,Surabaya,SKU_KOPI_GAYO,Food & Beverage,220000,0,54,0,54
2025-09-17,Surabaya,SKU_BATIK_TULIS,Fashion Premium,1200000,0,13,0,13
2025-09-17,Medan,SKU_HIJAB_INSTAN,Fashion,65000,0,99,0,99
2025-09-17,Medan,SKU_KOPI_GAYO,Food & Beverage,220000,0,45,0,45
2025-09-17,Medan,SKU_BATIK_TULIS,Fashion Premium,1200000,0,7,0,7
2025-09-17,Makassar,SKU_HIJAB_INSTAN,Fashion,65000,0,27,0,27
2025-09-17,Makassar,SKU_KOPI_GAYO,Food & Beverage,220000,0,18,0,18
2025-09-17,Makassar,SKU_BATIK_TULIS,Fashion Premium,1200000,0,5,0,5
2025-09-18,Jakarta,SKU_HIJAB_INSTAN,Fashion,65000,0,198,0,198
2025-09-18,Jakarta,SKU_KOPI_GAYO,Food & Beverage,220000,0,100,0,100
2025-09-18,Jakarta,SKU_BATIK_TULIS,Fashion Premium,1200000,0,21,0,21
2025-09-18,Surabaya,SKU_HIJAB_INSTAN,Fashion,65000,0,131,0,131
2025-09-18,Surabaya,SKU_KOPI_GAYO,Food & Beverage,220000,0,61,0,61
2025-09-18,Surabaya,SKU_BATIK_TULIS,Fashion Premium,1200000,0,12,0,12
2025-09-18,Medan,SKU_HIJAB_INSTAN,Fashion,65000,0,71,0,71
2025-09-18,Medan,SKU_KOPI_GAYO,Food & Beverage,220000,0,51,0,51
2025-09-18,Medan,SKU_BATIK_TULIS,Fashion Premium,1200000,0,10,0,10
2025-09-18,Makassar,SKU_HIJAB_INSTAN,Fashion,65000,0,49,0,49
2025-09-18,Makassar,SKU_KOPI_GAYO,Food & Beverage,220000,0,21,0,21
2025-09-18,Makassar,SKU_BATIK_TULIS,Fashion Premium,1200000,0,2,0,2
2025-09-19,Jakarta,SKU_HIJAB_INSTAN,Fashion,65000,0,235,0,235
2025-09-19,Jakarta,SKU_KOPI_GAYO,Food & Beverage,220000,0,99,0,99
2025-09-19,Jakarta,SKU_BATIK_TULIS,Fashion Premium,1200000,0,23,0,23
2025-09-19,Surabaya,SKU_HIJAB_INSTAN,Fashion,65000,0,141,0,141
2025-09-19,Surabaya,SKU_KOPI_GAYO,Food & Beverage,220000,0,73,0,73
2025-09-19,Surabaya,SKU_BATIK_TULIS,Fashion Premium,1200000,0,15,0,15
2025-09-19,Medan,SKU_HIJAB_INSTAN,Fashion,65000,0,92,0,92
2025-09-19,Medan,SKU_KOPI_GAYO,Food & Beverage,220000,0,28,0,28
2025-09-19,Medan,SKU_BATIK_TULIS,Fashion Premium,1200000,0,10,0,10
2025-09-19,Makassar,SKU_HIJAB_INSTAN,Fashion,65000,0,39,0,39
2025-09-19,Makassar,SKU_KOPI_GAYO,Food & Beverage,220000,0,24,0,24
2025-09-19,Makassar,SKU_BATIK_TULIS,Fashion Premium,1200000,0,5,0,5
2025-09-20,Jakarta,SKU_HIJAB_INSTAN,Fashion,65000,0,216,0,216
2025-09-20,Jakarta,SKU_KOPI_GAYO,Food & Beverage,220000,0,115,0,115
2025-09-20,Jakarta,SKU_BATIK_TULIS,Fashion Premium,1200000,0,29,0,29
2025-09-20,Surabaya,SKU_HIJAB_INSTAN,Fashion,65000,0,135,0,135
2025-09-20,Surabaya,SKU_KOPI_GAYO,Food & Beverage,220000,0,53,0,53
2025-09-20,Surabaya,SKU_BATIK_TULIS,Fashion Premium,1200000,0,20,0,20
2025-09-20,Medan,SKU_HIJAB_INSTAN,Fashion,65000,0,94,0,94
2025-09-20,Medan,SKU_KOPI_GAYO,Food & Beverage,220000,0,51,0,51
2025-09-20,Medan,SKU_BATIK_TULIS,Fashion Premium,1200000,0,12,0,12
2025-09-20,Makassar,SKU_HIJAB_INSTAN,Fashion,65000,0,34,0,34
2025-09-20,Makassar,SKU_KOPI_GAYO,Food & Beverage,220000,0,27,0,27
2025-09-20,Makassar,SKU_BATIK_TULIS,Fashion Premium,1200000,0,5,0,5
2025-09-21,Jakarta,SKU_HIJAB_INSTAN,Fashion,65000,0,229,0,229
2025-09-21,Jakarta,SKU_KOPI_GAYO,Food & Beverage,220000,0,97,0,97
2025-09-21,Jakarta,SKU_BATIK_TULIS,Fashion Premium,1200000,0,26,0,26
2025-09-21,Surabaya,SKU_HIJAB_INSTAN,Fashion,65000,0,115,0,115
2025-09-21,Surabaya,SKU_KOPI_GAYO,Food & Beverage,220000,0,68,1,0
2025-09-21,Surabaya,SKU_BATIK_TULIS,Fashion Premium,1200000,0,16,0,16
2025-09-21,Medan,SKU_HIJAB_INSTAN,Fashion,65000,0,92,0,92
2025-09-21,Medan,SKU_KOPI_GAYO,Food & Beverage,220000,0,42,0,42
2025-09-21,Medan,SKU_BATIK_TULIS,Fashion Premium,1200000,0,11,0,11
2025-09-21,Makassar,SKU_HIJAB_INSTAN,Fashion,65000,0,30,0,30
2025-09-21,Makassar,SKU_KOPI_GAYO,Food & Beverage,220000,0,38,0,38
2025-09-21,Makassar,SKU_BATIK_TULIS,Fashion Premium,1200000,0,4,0,4
2025-09-22,Jakarta,SKU_HIJAB_INSTAN,Fashion,65000,0,198,0,198
2025-09-22,Jakarta,SKU_KOPI_GAYO,Food & Beverage,220000,0,105,0,105
2025-09-22,Jakarta,SKU_BATIK_TULIS,Fashion Premium,1200000,0,17,0,17
2025-09-22,Surabaya,SKU_HIJAB_INSTAN,Fashion,65000,0,126,0,126
2025-09-22,Surabaya,SKU_KOPI_GAYO,Food & Beverage,220000,0,69,0,69
2025-09-22,Surabaya,SKU_BATIK_TULIS,Fashion Premium,1200000,0,11,0,11
2025-09-22,Medan,SKU_HIJAB_INSTAN,Fashion,65000,0,64,0,64
2025-09-22,Medan,SKU_KOPI_GAYO,Food & Beverage,220000,0,32,0,32
2025-09-22,Medan,SKU_BATIK_TULIS,Fashion Premium,1200000,0,10,0,10
2025-09-22,Makassar,SKU_HIJAB_INSTAN,Fashion,65000,0,30,0,30
2025-09-22,Makassar,SKU_KOPI_GAYO,Food & Beverage,220000,0,25,0,25
2025-09-22,Makassar,SKU_BATIK_TULIS,Fashion Premium,1200000,0,6,0,6
2025-09-23,Jakarta,SKU_HIJAB_INSTAN,Fashion,65000,0,191,0,191
2025-09-23,Jakarta,SKU_KOPI_GAYO,Food & Beverage,220000,0,93,0,93
2025-09-23,Jakarta,SKU_BATIK_TULIS,Fashion Premium,1200000,0,18,0,18
2025-09-23,Surabaya,SKU_HIJAB_INSTAN,Fashion,65000,0,121,0,121
2025-09-23,Surabaya,SKU_KOPI_GAYO,Food & Beverage,220000,0,63,0,63
2025-09-23,Surabaya,SKU_BATIK_TULIS,Fashion Premium,1200000,0,9,0,9
2025-09-23,Medan,SKU_HIJAB_INSTAN,Fashion,65000,0,67,0,67
2025-09-23,Medan,SKU_KOPI_GAYO,Food & Beverage,220000,0,39,0,39
2025-09-23,Medan,SKU_BATIK_TULIS,Fashion Premium,1200000,0,8,0,8
2025-09-23,Makassar,SKU_HIJAB_INSTAN,Fashion,65000,0,50,0,50
2025-09-23,Makassar,SKU_KOPI_GAYO,Food & Beverage,220000,0,28,0,28
2025-09-23,Makassar,SKU_BATIK_TULIS,Fashion Premium,1200000,0,2,0,2
2025-09-24,Jakarta,SKU_HIJAB_INSTAN,Fashion,65000,0,200,0,200
2025-09-24,Jakarta,SKU_KOPI_GAYO,Food & Beverage,220000,0,100,0,100
2025-09-24,Jakarta,SKU_BATIK_TULIS,Fashion Premium,1200000,0,21,0,21
2025-09-24,Surabaya,SKU_HIJAB_INSTAN,Fashion,65000,0,133,1,0
2025-09-24,Surabaya,SKU_KOPI_GAYO,Food & Beverage,220000,0,53,0,53
2025-09-24,Surabaya,SKU_BATIK_TULIS,Fashion Premium,1200000,0,10,0,10
2025-09-24,Medan,SKU_HIJAB_INSTAN,Fashion,65000,0,74,0,74
2025-09-24,Medan,SKU_KOPI_GAYO,Food & Beverage,220000,0,29,0,29
2025-09-24,Medan,SKU_BATIK_TULIS,Fashion Premium,1200000,0,6,0,6
2025-09-24,Makassar,SKU_HIJAB_INSTAN,Fashion,65000,0,60,0,60
2025-09-24,Makassar,SKU_KOPI_GAYO,Food & Beverage,220000,0,7,0,7
2025-09-24,Makassar,SKU_BATIK_TULIS,Fashion Premium,1200000,0,2,0,2
2025-09-25,Jakarta,SKU_HIJAB_INSTAN,Fashion,65000,0,203,1,0
2025-09-25,Jakarta,SKU_KOPI_GAYO,Food & Beverage,176000,1,149,0,149
2025-09-25,Jakarta,SKU_BATIK_TULIS,Fashion Premium,960000,1,34,0,34
2025-09-25,Surabaya,SKU_HIJAB_INSTAN,Fashion,65000,0,161,0,161
2025-09-25,Surabaya,SKU_KOPI_GAYO,Food & Beverage,176000,1,78,0,78
2025-09-25,Surabaya,SKU_BATIK_TULIS,Fashion Premium,960000,1,19,0,19
2025-09-25,Medan,SKU_HIJAB_INSTAN,Fashion,65000,0,79,0,79
2025-09-25,Medan,SKU_KOPI_GAYO,Food & Beverage,176000,1,88,0,88
2025-09-25,Medan,SKU_BATIK_TULIS,Fashion Premium,960000,1,12,0,12
2025-09-25,Makassar,SKU_HIJAB_INSTAN,Fashion,52000,1,63,0,63
2025-09-25,Makassar,SKU_KOPI_GAYO,Food & Beverage,176000,1,28,0,28
2025-09-25,Makassar,SKU_BATIK_TULIS,Fashion Premium,960000,1,6,0,6
2025-09-26,Jakarta,SKU_HIJAB_INSTAN,Fashion,52000,1,310,0,310
2025-09-26,Jakarta,SKU_KOPI_GAYO,Food & Beverage,176000,1,183,0,183
2025-09-26,Jakarta,SKU_BATIK_TULIS,Fashion Premium,960000,1,40,0,40
2025-09-26,Surabaya,SKU_HIJAB_INSTAN,Fashion,52000,1,197,0,197
2025-09-26,Surabaya,SKU_KOPI_GAYO,Food & Beverage,176000,1,125,0,125
2025-09-26,Surabaya,SKU_BATIK_TULIS,Fashion Premium,1200000,0,14,0,14
2025-09-26,Medan,SKU_HIJAB_INSTAN,Fashion,65000,0,95,0,95
2025-09-26,Medan,SKU_KOPI_GAYO,Food & Beverage,176000,1,65,0,65
2025-09-26,Medan,SKU_BATIK_TULIS,Fashion Premium,1200000,0,9,0,9
2025-09-26,Makassar,SKU_HIJAB_INSTAN,Fashion,65000,0,66,0,66
2025-09-26,Makassar,SKU_KOPI_GAYO,Food & Beverage,220000,0,24,0,24
2025-09-26,Makassar,SKU_BATIK_TULIS,Fashion Premium,960000,1,7,0,7
2025-09-27,Jakarta,SKU_HIJAB_INSTAN,Fashion,65000,0,286,0,286
2025-09-27,Jakarta,SKU_KOPI_GAYO,Food & Beverage,176000,1,181,0,181
2025-09-27,Jakarta,SKU_BATIK_TULIS,Fashion Premium,1200000,0,29,0,29
2025-09-27,Surabaya,SKU_HIJAB_INSTAN,Fashion,52000,1,186,0,186
2025-09-27,Surabaya,SKU_KOPI_GAYO,Food & Beverage,176000,1,112,0,112
2025-09-27,Surabaya,SKU_BATIK_TULIS,Fashion Premium,960000,1,33,0,33
2025-09-27,Medan,SKU_HIJAB_INSTAN,Fashion,52000,1,97,0,97
2025-09-27,Medan,SKU_KOPI_GAYO,Food & Beverage,176000,1,74,0,74
2025-09-27,Medan,SKU_BATIK_TULIS,Fashion Premium,1200000,0,10,0,10
2025-09-27,Makassar,SKU_HIJAB_INSTAN,Fashion,65000,0,60,0,60
2025-09-27,Makassar,SKU_KOPI_GAYO,Food & Beverage,220000,0,28,0,28
2025-09-27,Makassar,SKU_BATIK_TULIS,Fashion Premium,1200000,0,5,1,0
2025-09-28,Jakarta,SKU_HIJAB_INSTAN,Fashion,65000,0,232,0,232
2025-09-28,Jakarta,SKU_KOPI_GAYO,Food & Beverage,220000,0,102,0,102
2025-09-28,Jakarta,SKU_BATIK_TULIS,Fashion Premium,1200000,0,28,0,28
2025-09-28,Surabaya,SKU_HIJAB_INSTAN,Fashion,52000,1,229,0,229
2025-09-28,Surabaya,SKU_KOPI_GAYO,Food & Beverage,220000,0,76,0,76
2025-09-28,Surabaya,SKU_BATIK_TULIS,Fashion Premium,1200000,0,19,0,19
2025-09-28,Medan,SKU_HIJAB_INSTAN,Fashion,65000,0,96,0,96
2025-09-28,Medan,SKU_KOPI_GAYO,Food & Beverage,176000,1,63,0,63
2025-09-28,Medan,SKU_BATIK_TULIS,Fashion Premium,1200000,0,11,0,11
2025-09-28,Makassar,SKU_HIJAB_INSTAN,Fashion,65000,0,43,0,43
2025-09-28,Makassar,SKU_KOPI_GAYO,Food & Beverage,220000,0,11,0,11
2025-09-28,Makassar,SKU_BATIK_TULIS,Fashion Premium,1200000,0,2,0,2
2025-09-29,Jakarta,SKU_HIJAB_INSTAN,Fashion,65000,0,170,0,170
2025-09-29,Jakarta,SKU_KOPI_GAYO,Food & Beverage,220000,0,102,0,102
2025-09-29,Jakarta,SKU_BATIK_TULIS,Fashion Premium,1200000,0,17,0,17
2025-09-29,Surabaya,SKU_HIJAB_INSTAN,Fashion,65000,0,121,0,121
2025-09-29,Surabaya,SKU_KOPI_GAYO,Food & Beverage,220000,0,58,0,58
2025-09-29,Surabaya,SKU_BATIK_TULIS,Fashion Premium,1200000,0,9,0,9
2025-09-29,Medan,SKU_HIJAB_INSTAN,Fashion,65000,0,67,0,67
2025-09-29,Medan,SKU_KOPI_GAYO,Food & Beverage,220000,0,42,0,42
2025-09-29,Medan,SKU_BATIK_TULIS,Fashion Premium,1200000,0,7,0,7
2025-09-29,Makassar,SKU_HIJAB_INSTAN,Fashion,65000,0,33,0,33
2025-09-29,Makassar,SKU_KOPI_GAYO,Food & Beverage,220000,0,23,0,23
2025-09-29,Makassar,SKU_BATIK_TULIS,Fashion Premium,1200000,0,3,0,3
2025-09-30,Jakarta,SKU_HIJAB_INSTAN,Fashion,65000,0,208,0,208
2025-09-30,Jakarta,SKU_KOPI_GAYO,Food & Beverage,220000,0,103,0,103
2025-09-30,Jakarta,SKU_BATIK_TULIS,Fashion Premium,1200000,0,18,0,18
2025-09-30,Surabaya,SKU_HIJAB_INSTAN,Fashion,65000,0,89,0,89
2025-09-30,Surabaya,SKU_KOPI_GAYO,Food & Beverage,220000,0,52,0,52
2025-09-30,Surabaya,SKU_BATIK_TULIS,Fashion Premium,1200000,0,13,0,13
2025-09-30,Medan,SKU_HIJAB_INSTAN,Fashion,65000,0,82,0,82
2025-09-30,Medan,SKU_KOPI_GAYO,Food & Beverage,220000,0,33,0,33
2025-09-30,Medan,SKU_BATIK_TULIS,Fashion Premium,1200000,0,4,0,4
2025-09-30,Makassar,SKU_HIJAB_INSTAN,Fashion,65000,0,12,0,12
2025-09-30,Makassar,SKU_KOPI_GAYO,Food & Beverage,220000,0,8,0,8
2025-09-30,Makassar,SKU_BATIK_TULIS,Fashion Premium,1200000,0,3,0,3
2025-10-01,Jakarta,SKU_HIJAB_INSTAN,Fashion,65000,0,207,0,207
2025-10-01,Jakarta,SKU_KOPI_GAYO,Food & Beverage,220000,0,91,0,91
2025-10-01,Jakarta,SKU_BATIK_TULIS,Fashion Premium,1200000,0,20,0,20
2025-10-01,Surabaya,SKU_HIJAB_INSTAN,Fashion,65000,0,119,0,119
2025-10-01,Surabaya,SKU_KOPI_GAYO,Food & Beverage,220000,0,59,0,59
2025-10-01,Surabaya,SKU_BATIK_TULIS,Fashion Premium,1200000,0,11,0,11
2025-10-01,Medan,SKU_HIJAB_INSTAN,Fashion,65000,0,61,0,61
2025-10-01,Medan,SKU_KOPI_GAYO,Food & Beverage,220000,0,30,0,30
2025-10-01,Medan,SKU_BATIK_TULIS,Fashion Premium,1200000,0,8,0,8
2025-10-01,Makassar,SKU_HIJAB_INSTAN,Fashion,65000,0,63,0,63
2025-10-01,Makassar,SKU_KOPI_GAYO,Food & Beverage,220000,0,20,0,20
2025-10-01,Makassar,SKU_BATIK_TULIS,Fashion Premium,1200000,0,4,0,4
2025-10-02,Jakarta,SKU_HIJAB_INSTAN,Fashion,65000,0,218,0,218
2025-10-02,Jakarta,SKU_KOPI_GAYO,Food & Beverage,220000,0,106,0,106
2025-10-02,Jakarta,SKU_BATIK_TULIS,Fashion Premium,1200000,0,22,0,22
2025-10-02,Surabaya,SKU_HIJAB_INSTAN,Fashion,65000,0,145,0,145
2025-10-02,Surabaya,SKU_KOPI_GAYO,Food & Beverage,220000,0,67,0,67
2025-10-02,Surabaya,SKU_BATIK_TULIS,Fashion Premium,1200000,0,10,0,10
2025-10-02,Medan,SKU_HIJAB_INSTAN,Fashion,65000,0,76,0,76
2025-10-02,Medan,SKU_KOPI_GAYO,Food & Beverage,220000,0,32,0,32
2025-10-02,Medan,SKU_BATIK_TULIS,Fashion Premium,1200000,0,9,0,9
2025-10-02,Makassar,SKU_HIJAB_INSTAN,Fashion,65000,0,10,0,10
2025-10-02,Makassar,SKU_KOPI_GAYO,Food & Beverage,220000,0,29,0,29
2025-10-02,Makassar,SKU_BATIK_TULIS,Fashion Premium,1200000,0,3,0,3
2025-10-03,Jakarta,SKU_HIJAB_INSTAN,Fashion,65000,0,218,0,218
2025-10-03,Jakarta,SKU_KOPI_GAYO,Food & Beverage,220000,0,80,0,80
2025-10-03,Jakarta,SKU_BATIK_TULIS,Fashion Premium,1200000,0,26,0,26
2025-10-03,Surabaya,SKU_HIJAB_INSTAN,Fashion,65000,0,132,0,132
2025-10-03,Surabaya,SKU_KOPI_GAYO,Food & Beverage,220000,0,53,0,53
2025-10-03,Surabaya,SKU_BATIK_TULIS,Fashion Premium,1200000,0,16,0,16
2025-10-03,Medan,SKU_HIJAB_INSTAN,Fashion,65000,0,89,0,89
2025-10-03,Medan,SKU_KOPI_GAYO,Food & Beverage,220000,0,45,0,45
2025-10-03,Medan,SKU_BATIK_TULIS,Fashion Premium,1200000,0,7,0,7
2025-10-03,Makassar,SKU_HIJAB_INSTAN,Fashion,65000,0,61,0,61
2025-10-03,Makassar,SKU_KOPI_GAYO,Food & Beverage,220000,0,17,0,17
2025-10-03,Makassar,SKU_BATIK_TULIS,Fashion Premium,1200000,0,2,0,2
2025-10-04,Jakarta,SKU_HIJAB_INSTAN,Fashion,65000,0,246,0,246
2025-10-04,Jakarta,SKU_KOPI_GAYO,Food & Beverage,220000,0,99,0,99
2025-10-04,Jakarta,SKU_BATIK_TULIS,Fashion Premium,1200000,0,27,0,27
2025-10-04,Surabaya,SKU_HIJAB_INSTAN,Fashion,65000,0,133,0,133
2025-10-04,Surabaya,SKU_KOPI_GAYO,Food & Beverage,220000,0,60,0,60
2025-10-04,Surabaya,SKU_BATIK_TULIS,Fashion Premium,1200000,0,14,0,14
2025-10-04,Medan,SKU_HIJAB_INSTAN,Fashion,65000,0,104,0,104
2025-10-04,Medan,SKU_KOPI_GAYO,Food & Beverage,220000,0,49,0,49
2025-10-04,Medan,SKU_BATIK_TULIS,Fashion Premium,1200000,0,10,0,10
2025-10-04,Makassar,SKU_HIJAB_INSTAN,Fashion,65000,0,43,0,43
2025-10-04,Makassar,SKU_KOPI_GAYO,Food & Beverage,220000,0,26,0,26
2025-10-04,Makassar,SKU_BATIK_TULIS,Fashion Premium,1200000,0,5,0,5
2025-10-05,Jakarta,SKU_HIJAB_INSTAN,Fashion,65000,0,245,0,245
2025-10-05,Jakarta,SKU_KOPI_GAYO,Food & Beverage,220000,0,106,0,106
2025-10-05,Jakarta,SKU_BATIK_TULIS,Fashion Premium,1200000,0,29,0,29
2025-10-05,Surabaya,SKU_HIJAB_INSTAN,Fashion,65000,0,124,0,124
2025-10-05,Surabaya,SKU_KOPI_GAYO,Food & Beverage,220000,0,64,0,64
2025-10-05,Surabaya,SKU_BATIK_TULIS,Fashion Premium,1200000,0,13,0,13
2025-10-05,Medan,SKU_HIJAB_INSTAN,Fashion,65000,0,102,0,102
2025-10-05,Medan,SKU_KOPI_GAYO,Food & Beverage,220000,0,38,0,38
2025-10-05,Medan,SKU_BATIK_TULIS,Fashion Premium,1200000,0,10,0,10
2025-10-05,Makassar,SKU_HIJAB_INSTAN,Fashion,65000,0,71,0,71
2025-10-05,Makassar,SKU_KOPI_GAYO,Food & Beverage,220000,0,19,0,19
2025-10-05,Makassar,SKU_BATIK_TULIS,Fashion Premium,1200000,0,5,0,5
2025-10-06,Jakarta,SKU_HIJAB_INSTAN,Fashion,65000,0,194,0,194
2025-10-06,Jakarta,SKU_KOPI_GAYO,Food & Beverage,220000,0,89,0,89
2025-10-06,Jakarta,SKU_BATIK_TULIS,Fashion Premium,1200000,0,18,0,18
2025-10-06,Surabaya,SKU_HIJAB_INSTAN,Fashion,65000,0,119,0,119
2025-10-06,Surabaya,SKU_KOPI_GAYO,Food & Beverage,220000,0,58,0,58
2025-10-06,Surabaya,SKU_BATIK_TULIS,Fashion Premium,1200000,0,11,0,11
2025-10-06,Medan,SKU_HIJAB_INSTAN,Fashion,65000,0,59,0,59
2025-10-06,Medan,SKU_KOPI_GAYO,Food & Beverage,220000,0,34,0,34
2025-10-06,Medan,SKU_BATIK_TULIS,Fashion Premium,1200000,0,5,0,5
2025-10-06,Makassar,SKU_HIJAB_INSTAN,Fashion,65000,0,36,0,36
2025-10-06,Makassar,SKU_KOPI_GAYO,Food & Beverage,220000,0,21,0,21
2025-10-06,Makassar,SKU_BATIK_TULIS,Fashion Premium,1200000,0,2,0,2
2025-10-07,Jakarta,SKU_HIJAB_INSTAN,Fashion,65000,0,214,0,214
2025-10-07,Jakarta,SKU_KOPI_GAYO,Food & Beverage,220000,0,94,0,94
2025-10-07,Jakarta,SKU_BATIK_TULIS,Fashion Premium,1200000,0,19,0,19
2025-10-07,Surabaya,SKU_HIJAB_INSTAN,Fashion,65000,0,99,0,99
2025-10-07,Surabaya,SKU_KOPI_GAYO,Food & Beverage,220000,0,60,0,60
2025-10-07,Surabaya,SKU_BATIK_TULIS,Fashion Premium,1200000,0,13,0,13
2025-10-07,Medan,SKU_HIJAB_INSTAN,Fashion,65000,0,81,0,81
2025-10-07,Medan,SKU_KOPI_GAYO,Food & Beverage,220000,0,40,0,40
2025-10-07,Medan,SKU_BATIK_TULIS,Fashion Premium,1200000,0,9,0,9
2025-10-07,Makassar,SKU_HIJAB_INSTAN,Fashion,65000,0,43,0,43
2025-10-07,Makassar,SKU_KOPI_GAYO,Food & Beverage,220000,0,17,0,17
2025-10-07,Makassar,SKU_BATIK_TULIS,Fashion Premium,1200000,0,4,0,4
2025-10-08,Jakarta,SKU_HIJAB_INSTAN,Fashion,65000,0,189,0,189
2025-10-08,Jakarta,SKU_KOPI_GAYO,Food & Beverage,220000,0,87,0,87
2025-10-08,Jakarta,SKU_BATIK_TULIS,Fashion Premium,1200000,0,19,0,19
2025-10-08,Surabaya,SKU_HIJAB_INSTAN,Fashion,65000,0,112,0,112
2025-10-08,Surabaya,SKU_KOPI_GAYO,Food & Beverage,220000,0,72,0,72
2025-10-08,Surabaya,SKU_BATIK_TULIS,Fashion Premium,1200000,0,12,0,12
2025-10-08,Medan,SKU_HIJAB_INSTAN,Fashion,65000,0,94,0,94
2025-10-08,Medan,SKU_KOPI_GAYO,Food & Beverage,220000,0,36,0,36
2025-10-08,Medan,SKU_BATIK_TULIS,Fashion Premium,1200000,0,10,0,10
2025-10-08,Makassar,SKU_HIJAB_INSTAN,Fashion,65000,0,42,0,42
2025-10-08,Makassar,SKU_KOPI_GAYO,Food & Beverage,220000,0,21,0,21
2025-10-08,Makassar,SKU_BATIK_TULIS,Fashion Premium,1200000,0,3,1,0
2025-10-09,Jakarta,SKU_HIJAB_INSTAN,Fashion,65000,0,220,0,220
2025-10-09,Jakarta,SKU_KOPI_GAYO,Food & Beverage,220000,0,99,0,99
2025-10-09,Jakarta,SKU_BATIK_TULIS,Fashion Premium,1200000,0,20,0,20
2025-10-09,Surabaya,SKU_HIJAB_INSTAN,Fashion,65000,0,115,0,115
2025-10-09,Surabaya,SKU_KOPI_GAYO,Food & Beverage,220000,0,63,0,63
2025-10-09,Surabaya,SKU_BATIK_TULIS,Fashion Premium,1200000,0,12,0,12
2025-10-09,Medan,SKU_HIJAB_INSTAN,Fashion,65000,0,103,0,103
2025-10-09,Medan,SKU_KOPI_GAYO,Food & Beverage,220000,0,56,0,56
2025-10-09,Medan,SKU_BATIK_TULIS,Fashion Premium,1200000,0,12,0,12
2025-10-09,Makassar,SKU_HIJAB_INSTAN,Fashion,65000,0,29,0,29
2025-10-09,Makassar,SKU_KOPI_GAYO,Food & Beverage,220000,0,12,0,12
2025-10-09,Makassar,SKU_BATIK_TULIS,Fashion Premium,1200000,0,3,0,3
2025-10-10,Jakarta,SKU_HIJAB_INSTAN,Fashion,65000,0,187,0,187
2025-10-10,Jakarta,SKU_KOPI_GAYO,Food & Beverage,220000,0,105,0,105
2025-10-10,Jakarta,SKU_BATIK_TULIS,Fashion Premium,1200000,0,24,0,24
2025-10-10,Surabaya,SKU_HIJAB_INSTAN,Fashion,65000,0,143,0,143
2025-10-10,Surabaya,SKU_KOPI_GAYO,Food & Beverage,220000,0,58,0,58
2025-10-10,Surabaya,SKU_BATIK_TULIS,Fashion Premium,1200000,0,16,0,16
2025-10-10,Medan,SKU_HIJAB_INSTAN,Fashion,65000,0,58,0,58
2025-10-10,Medan,SKU_KOPI_GAYO,Food & Beverage,220000,0,49,0,49
2025-10-10,Medan,SKU_BATIK_TULIS,Fashion Premium,1200000,0,8,0,8
2025-10-10,Makassar,SKU_HIJAB_INSTAN,Fashion,65000,0,24,0,24
2025-10-10,Makassar,SKU_KOPI_GAYO,Food & Beverage,220000,0,17,0,17
2025-10-10,Makassar,SKU_BATIK_TULIS,Fashion Premium,1200000,0,7,0,7
2025-10-11,Jakarta,SKU_HIJAB_INSTAN,Fashion,65000,0,234,0,234
2025-10-11,Jakarta,SKU_KOPI_GAYO,Food & Beverage,220000,0,110,0,110
2025-10-11,Jakarta,SKU_BATIK_TULIS,Fashion Premium,1200000,0,30,0,30
2025-10-11,Surabaya,SKU_HIJAB_INSTAN,Fashion,65000,0,138,0,138
2025-10-11,Surabaya,SKU_KOPI_GAYO,Food & Beverage,220000,0,73,0,73
2025-10-11,Surabaya,SKU_BATIK_TULIS,Fashion Premium,1200000,0,15,0,15
2025-10-11,Medan,SKU_HIJAB_INSTAN,Fashion,65000,0,106,0,106
2025-10-11,Medan,SKU_KOPI_GAYO,Food & Beverage,220000,0,31,0,31
2025-10-11,Medan,SKU_BATIK_TULIS,Fashion Premium,1200000,0,10,0,10
2025-10-11,Makassar,SKU_HIJAB_INSTAN,Fashion,65000,0,49,0,49
2025-10-11,Makassar,SKU_KOPI_GAYO,Food & Beverage,220000,0,18,0,18
2025-10-11,Makassar,SKU_BATIK_TULIS,Fashion Premium,1200000,0,2,0,2
2025-10-12,Jakarta,SKU_HIJAB_INSTAN,Fashion,65000,0,229,1,0
2025-10-12,Jakarta,SKU_KOPI_GAYO,Food & Beverage,220000,0,110,0,110
2025-10-12,Jakarta,SKU_BATIK_TULIS,Fashion Premium,1200000,0,26,0,26
2025-10-12,Surabaya,SKU_HIJAB_INSTAN,Fashion,65000,0,148,0,148
2025-10-12,Surabaya,SKU_KOPI_GAYO,Food & Beverage,220000,0,55,0,55
2025-10-12,Surabaya,SKU_BATIK_TULIS,Fashion Premium,1200000,0,12,0,12
2025-10-12,Medan,SKU_HIJAB_INSTAN,Fashion,65000,0,126,0,126
2025-10-12,Medan,SKU_KOPI_GAYO,Food & Beverage,220000,0,35,0,35
2025-10-12,Medan,SKU_BATIK_TULIS,Fashion Premium,1200000,0,9,0,9
2025-10-12,Makassar,SKU_HIJAB_INSTAN,Fashion,65000,0,77,0,77
2025-10-12,Makassar,SKU_KOPI_GAYO,Food & Beverage,220000,0,22,0,22
2025-10-12,Makassar,SKU_BATIK_TULIS,Fashion Premium,1200000,0,7,0,7
2025-10-13,Jakarta,SKU_HIJAB_INSTAN,Fashion,65000,0,176,0,176
2025-10-13,Jakarta,SKU_KOPI_GAYO,Food & Beverage,220000,0,87,0,87
2025-10-13,Jakarta,SKU_BATIK_TULIS,Fashion Premium,1200000,0,16,0,16
2025-10-13,Surabaya,SKU_HIJAB_INSTAN,Fashion,65000,0,125,0,125
2025-10-13,Surabaya,SKU_KOPI_GAYO,Food & Beverage,220000,0,57,0,57
2025-10-13,Surabaya,SKU_BATIK_TULIS,Fashion Premium,1200000,0,13,0,13
2025-10-13,Medan,SKU_HIJAB_INSTAN,Fashion,65000,0,86,0,86
2025-10-13,Medan,SKU_KOPI_GAYO,Food & Beverage,220000,0,32,1,0
2025-10-13,Medan,SKU_BATIK_TULIS,Fashion Premium,1200000,0,6,0,6
2025-10-13,Makassar,SKU_HIJAB_INSTAN,Fashion,65000,0,21,0,21
2025-10-13,Makassar,SKU_KOPI_GAYO,Food & Beverage,220000,0,25,0,25
2025-10-13,Makassar,SKU_BATIK_TULIS,Fashion Premium,1200000,0,4,0,4
2025-10-14,Jakarta,SKU_HIJAB_INSTAN,Fashion,65000,0,212,0,212
2025-10-14,Jakarta,SKU_KOPI_GAYO,Food & Beverage,220000,0,97,0,97
2025-10-14,Jakarta,SKU_BATIK_TULIS,Fashion Premium,1200000,0,17,0,17
2025-10-14,Surabaya,SKU_HIJAB_INSTAN,Fashion,65000,0,128,0,128
2025-10-14,Surabaya,SKU_KOPI_GAYO,Food & Beverage,220000,0,51,0,51
2025-10-14,Surabaya,SKU_BATIK_TULIS,Fashion Premium,1200000,0,10,0,10
2025-10-14,Medan,SKU_HIJAB_INSTAN,Fashion,65000,0,81,0,81
2025-10-14,Medan,SKU_KOPI_GAYO,Food & Beverage,220000,0,44,0,44
2025-10-14,Medan,SKU_BATIK_TULIS,Fashion Premium,1200000,0,9,0,9
2025-10-14,Makassar,SKU_HIJAB_INSTAN,Fashion,65000,0,62,0,62
2025-10-14,Makassar,SKU_KOPI_GAYO,Food & Beverage,220000,0,33,0,33
2025-10-14,Makassar,SKU_BATIK_TULIS,Fashion Premium,1200000,0,5,0,5
2025-10-15,Jakarta,SKU_HIJAB_INSTAN,Fashion,65000,0,209,0,209
2025-10-15,Jakarta,SKU_KOPI_GAYO,Food & Beverage,220000,0,89,0,89
2025-10-15,Jakarta,SKU_BATIK_TULIS,Fashion Premium,1200000,0,21,0,21
2025-10-15,Surabaya,SKU_HIJAB_INSTAN,Fashion,65000,0,108,0,108
2025-10-15,Surabaya,SKU_KOPI_GAYO,Food & Beverage,220000,0,63,0,63
2025-10-15,Surabaya,SKU_BATIK_TULIS,Fashion Premium,1200000,0,10,0,10
2025-10-15,Medan,SKU_HIJAB_INSTAN,Fashion,65000,0,89,0,89
2025-10-15,Medan,SKU_KOPI_GAYO,Food & Beverage,220000,0,42,0,42
2025-10-15,Medan,SKU_BATIK_TULIS,Fashion Premium,1200000,0,9,0,9
2025-10-15,Makassar,SKU_HIJAB_INSTAN,Fashion,65000,0,46,0,46
2025-10-15,Makassar,SKU_KOPI_GAYO,Food & Beverage,220000,0,25,0,25
2025-10-15,Makassar,SKU_BATIK_TULIS,Fashion Premium,1200000,0,5,0,5
2025-10-16,Jakarta,SKU_HIJAB_INSTAN,Fashion,65000,0,195,0,195
2025-10-16,Jakarta,SKU_KOPI_GAYO,Food & Beverage,220000,0,107,0,107
2025-10-16,Jakarta,SKU_BATIK_TULIS,Fashion Premium,1200000,0,21,0,21
2025-10-16,Surabaya,SKU_HIJAB_INSTAN,Fashion,65000,0,128,0,128
2025-10-16,Surabaya,SKU_KOPI_GAYO,Food & Beverage,220000,0,68,0,68
2025-10-16,Surabaya,SKU_BATIK_TULIS,Fashion Premium,1200000,0,10,1,0
2025-10-16,Medan,SKU_HIJAB_INSTAN,Fashion,65000,0,64,0,64
2025-10-16,Medan,SKU_KOPI_GAYO,Food & Beverage,220000,0,35,0,35
2025-10-16,Medan,SKU_BATIK_TULIS,Fashion Premium,1200000,0,7,0,7
2025-10-16,Makassar,SKU_HIJAB_INSTAN,Fashion,65000,0,38,0,38
2025-10-16,Makassar,SKU_KOPI_GAYO,Food & Beverage,220000,0,15,0,15
2025-10-16,Makassar,SKU_BATIK_TULIS,Fashion Premium,1200000,0,5,0,5
2025-10-17,Jakarta,SKU_HIJAB_INSTAN,Fashion,65000,0,199,0,199
2025-10-17,Jakarta,SKU_KOPI_GAYO,Food & Beverage,220000,0,94,0,94
2025-10-17,Jakarta,SKU_BATIK_TULIS,Fashion Premium,1200000,0,26,0,26
2025-10-17,Surabaya,SKU_HIJAB_INSTAN,Fashion,65000,0,157,0,157
2025-10-17,Surabaya,SKU_KOPI_GAYO,Food & Beverage,220000,0,78,0,78
2025-10-17,Surabaya,SKU_BATIK_TULIS,Fashion Premium,1200000,0,15,0,15
2025-10-17,Medan,SKU_HIJAB_INSTAN,Fashion,65000,0,82,0,82
2025-10-17,Medan,SKU_KOPI_GAYO,Food & Beverage,220000,0,35,0,35
2025-10-17,Medan,SKU_BATIK_TULIS,Fashion Premium,1200000,0,7,0,7
2025-10-17,Makassar,SKU_HIJAB_INSTAN,Fashion,65000,0,22,0,22
2025-10-17,Makassar,SKU_KOPI_GAYO,Food & Beverage,220000,0,10,0,10
2025-10-17,Makassar,SKU_BATIK_TULIS,Fashion Premium,1200000,0,5,0,5
2025-10-18,Jakarta,SKU_HIJAB_INSTAN,Fashion,65000,0,234,0,234
2025-10-18,Jakarta,SKU_KOPI_GAYO,Food & Beverage,220000,0,119,0,119
2025-10-18,Jakarta,SKU_BATIK_TULIS,Fashion Premium,1200000,0,27,0,27
2025-10-18,Surabaya,SKU_HIJAB_INSTAN,Fashion,65000,0,171,0,171
2025-10-18,Surabaya,SKU_KOPI_GAYO,Food & Beverage,220000,0,75,0,75
2025-10-18,Surabaya,SKU_BATIK_TULIS,Fashion Premium,1200000,0,15,0,15
2025-10-18,Medan,SKU_HIJAB_INSTAN,Fashion,65000,0,98,0,98
2025-10-18,Medan,SKU_KOPI_GAYO,Food & Beverage,220000,0,42,0,42
2025-10-18,Medan,SKU_BATIK_TULIS,Fashion Premium,1200000,0,13,0,13
2025-10-18,Makassar,SKU_HIJAB_INSTAN,Fashion,65000,0,19,0,19
2025-10-18,Makassar,SKU_KOPI_GAYO,Food & Beverage,220000,0,9,0,9
2025-10-18,Makassar,SKU_BATIK_TULIS,Fashion Premium,1200000,0,5,0,5
2025-10-19,Jakarta,SKU_HIJAB_INSTAN,Fashion,65000,0,236,0,236
2025-10-19,Jakarta,SKU_KOPI_GAYO,Food & Beverage,220000,0,88,0,88
2025-10-19,Jakarta,SKU_BATIK_TULIS,Fashion Premium,1200000,0,29,0,29
2025-10-19,Surabaya,SKU_HIJAB_INSTAN,Fashion,65000,0,129,0,129
2025-10-19,Surabaya,SKU_KOPI_GAYO,Food & Beverage,220000,0,52,0,52
2025-10-19,Surabaya,SKU_BATIK_TULIS,Fashion Premium,1200000,0,13,0,13
2025-10-19,Medan,SKU_HIJAB_INSTAN,Fashion,65000,0,99,0,99
2025-10-19,Medan,SKU_KOPI_GAYO,Food & Beverage,220000,0,37,0,37
2025-10-19,Medan,SKU_BATIK_TULIS,Fashion Premium,1200000,0,11,0,11
2025-10-19,Makassar,SKU_HIJAB_INSTAN,Fashion,65000,0,45,0,45
2025-10-19,Makassar,SKU_KOPI_GAYO,Food & Beverage,220000,0,38,0,38
2025-10-19,Makassar,SKU_BATIK_TULIS,Fashion Premium,1200000,0,3,0,3
2025-10-20,Jakarta,SKU_HIJAB_INSTAN,Fashion,65000,0,204,0,204
2025-10-20,Jakarta,SKU_KOPI_GAYO,Food & Beverage,220000,0,101,0,101
2025-10-20,Jakarta,SKU_BATIK_TULIS,Fashion Premium,1200000,0,16,0,16
2025-10-20,Surabaya,SKU_HIJAB_INSTAN,Fashion,65000,0,104,0,104
2025-10-20,Surabaya,SKU_KOPI_GAYO,Food & Beverage,220000,0,58,0,58
2025-10-20,Surabaya,SKU_BATIK_TULIS,Fashion Premium,1200000,0,11,0,11
2025-10-20,Medan,SKU_HIJAB_INSTAN,Fashion,65000,0,102,0,102
2025-10-20,Medan,SKU_KOPI_GAYO,Food & Beverage,220000,0,39,0,39
2025-10-20,Medan,SKU_BATIK_TULIS,Fashion Premium,1200000,0,4,0,4
2025-10-20,Makassar,SKU_HIJAB_INSTAN,Fashion,65000,0,11,0,11
2025-10-20,Makassar,SKU_KOPI_GAYO,Food & Beverage,220000,0,14,0,14
2025-10-20,Makassar,SKU_BATIK_TULIS,Fashion Premium,1200000,0,4,0,4
2025-10-21,Jakarta,SKU_HIJAB_INSTAN,Fashion,65000,0,197,0,197
2025-10-21,Jakarta,SKU_KOPI_GAYO,Food & Beverage,220000,0,96,0,96
2025-10-21,Jakarta,SKU_BATIK_TULIS,Fashion Premium,1200000,0,20,0,20
2025-10-21,Surabaya,SKU_HIJAB_INSTAN,Fashion,65000,0,132,0,132
2025-10-21,Surabaya,SKU_KOPI_GAYO,Food & Beverage,220000,0,58,1,0
2025-10-21,Surabaya,SKU_BATIK_TULIS,Fashion Premium,1200000,0,11,0,11
2025-10-21,Medan,SKU_HIJAB_INSTAN,Fashion,65000,0,67,0,67
2025-10-21,Medan,SKU_KOPI_GAYO,Food & Beverage,220000,0,52,0,52
2025-10-21,Medan,SKU_BATIK_TULIS,Fashion Premium,1200000,0,10,0,10
2025-10-21,Makassar,SKU_HIJAB_INSTAN,Fashion,65000,0,37,0,37
2025-10-21,Makassar,SKU_KOPI_GAYO,Food & Beverage,220000,0,15,0,15
2025-10-21,Makassar,SKU_BATIK_TULIS,Fashion Premium,1200000,0,4,0,4
2025-10-22,Jakarta,SKU_HIJAB_INSTAN,Fashion,65000,0,208,0,208
2025-10-22,Jakarta,SKU_KOPI_GAYO,Food & Beverage,220000,0,104,0,104
2025-10-22,Jakarta,SKU_BATIK_TULIS,Fashion Premium,1200000,0,19,0,19
2025-10-22,Surabaya,SKU_HIJAB_INSTAN,Fashion,65000,0,135,0,135
2025-10-22,Surabaya,SKU_KOPI_GAYO,Food & Beverage,220000,0,55,0,55
2025-10-22,Surabaya,SKU_BATIK_TULIS,Fashion Premium,1200000,0,11,0,11
2025-10-22,Medan,SKU_HIJAB_INSTAN,Fashion,65000,0,67,0,67
2025-10-22,Medan,SKU_KOPI_GAYO,Food & Beverage,220000,0,54,0,54
2025-10-22,Medan,SKU_BATIK_TULIS,Fashion Premium,1200000,0,6,0,6
2025-10-22,Makassar,SKU_HIJAB_INSTAN,Fashion,65000,0,28,0,28
2025-10-22,Makassar,SKU_KOPI_GAYO,Food & Beverage,220000,0,29,0,29
2025-10-22,Makassar,SKU_BATIK_TULIS,Fashion Premium,1200000,0,6,0,6
2025-10-23,Jakarta,SKU_HIJAB_INSTAN,Fashion,65000,0,212,0,212
2025-10-23,Jakarta,SKU_KOPI_GAYO,Food & Beverage,220000,0,91,0,91
2025-10-23,Jakarta,SKU_BATIK_TULIS,Fashion Premium,1200000,0,22,0,22
2025-10-23,Surabaya,SKU_HIJAB_INSTAN,Fashion,65000,0,101,0,101
2025-10-23,Surabaya,SKU_KOPI_GAYO,Food & Beverage,220000,0,68,0,68
2025-10-23,Surabaya,SKU_BATIK_TULIS,Fashion Premium,1200000,0,12,0,12
2025-10-23,Medan,SKU_HIJAB_INSTAN,Fashion,65000,0,68,0,68
2025-10-23,Medan,SKU_KOPI_GAYO,Food & Beverage,220000,0,43,0,43
2025-10-23,Medan,SKU_BATIK_TULIS,Fashion Premium,1200000,0,11,0,11
2025-10-23,Makassar,SKU_HIJAB_INSTAN,Fashion,65000,0,60,0,60
2025-10-23,Makassar,SKU_KOPI_GAYO,Food & Beverage,220000,0,13,0,13
2025-10-23,Makassar,SKU_BATIK_TULIS,Fashion Premium,1200000,0,4,0,4
2025-10-24,Jakarta,SKU_HIJAB_INSTAN,Fashion,65000,0,183,0,183
2025-10-24,Jakarta,SKU_KOPI_GAYO,Food & Beverage,220000,0,117,0,117
2025-10-24,Jakarta,SKU_BATIK_TULIS,Fashion Premium,1200000,0,24,0,24
2025-10-24,Surabaya,SKU_HIJAB_INSTAN,Fashion,65000,0,106,0,106
2025-10-24,Surabaya,SKU_KOPI_GAYO,Food & Beverage,220000,0,67,0,67
2025-10-24,Surabaya,SKU_BATIK_TULIS,Fashion Premium,1200000,0,16,0,16
2025-10-24,Medan,SKU_HIJAB_INSTAN,Fashion,65000,0,77,0,77
2025-10-24,Medan,SKU_KOPI_GAYO,Food & Beverage,220000,0,36,0,36
2025-10-24,Medan,SKU_BATIK_TULIS,Fashion Premium,1200000,0,9,0,9
2025-10-24,Makassar,SKU_HIJAB_INSTAN,Fashion,65000,0,44,0,44
2025-10-24,Makassar,SKU_KOPI_GAYO,Food & Beverage,220000,0,22,0,22
2025-10-24,Makassar,SKU_BATIK_TULIS,Fashion Premium,1200000,0,5,0,5
2025-10-25,Jakarta,SKU_HIJAB_INSTAN,Fashion,52000,1,361,0,361
2025-10-25,Jakarta,SKU_KOPI_GAYO,Food & Beverage,220000,0,121,0,121
2025-10-25,Jakarta,SKU_BATIK_TULIS,Fashion Premium,1200000,0,28,0,28
2025-10-25,Surabaya,SKU_HIJAB_INSTAN,Fashion,65000,0,118,0,118
2025-10-25,Surabaya,SKU_KOPI_GAYO,Food & Beverage,176000,1,103,0,103
2025-10-25,Surabaya,SKU_BATIK_TULIS,Fashion Premium,1200000,0,17,0,17
2025-10-25,Medan,SKU_HIJAB_INSTAN,Fashion,52000,1,151,0,151
2025-10-25,Medan,SKU_KOPI_GAYO,Food & Beverage,220000,0,35,0,35
2025-10-25,Medan,SKU_BATIK_TULIS,Fashion Premium,960000,1,13,0,13
2025-10-25,Makassar,SKU_HIJAB_INSTAN,Fashion,65000,0,60,0,60
2025-10-25,Makassar,SKU_KOPI_GAYO,Food & Beverage,176000,1,14,0,14
2025-10-25,Makassar,SKU_BATIK_TULIS,Fashion Premium,1200000,0,7,0,7
2025-10-26,Jakarta,SKU_HIJAB_INSTAN,Fashion,52000,1,330,0,330
2025-10-26,Jakarta,SKU_KOPI_GAYO,Food & Beverage,220000,0,117,0,117
2025-10-26,Jakarta,SKU_BATIK_TULIS,Fashion Premium,960000,1,42,0,42
2025-10-26,Surabaya,SKU_HIJAB_INSTAN,Fashion,65000,0,178,0,178
2025-10-26,Surabaya,SKU_KOPI_GAYO,Food & Beverage,176000,1,108,0,108
2025-10-26,Surabaya,SKU_BATIK_TULIS,Fashion Premium,1200000,0,13,0,13
2025-10-26,Medan,SKU_HIJAB_INSTAN,Fashion,52000,1,155,0,155
2025-10-26,Medan,SKU_KOPI_GAYO,Food & Beverage,176000,1,68,0,68
2025-10-26,Medan,SKU_BATIK_TULIS,Fashion Premium,960000,1,16,0,16
2025-10-26,Makassar,SKU_HIJAB_INSTAN,Fashion,65000,0,41,0,41
2025-10-26,Makassar,SKU_KOPI_GAYO,Food & Beverage,220000,0,15,0,15
2025-10-26,Makassar,SKU_BATIK_TULIS,Fashion Premium,960000,1,8,0,8
2025-10-27,Jakarta,SKU_HIJAB_INSTAN,Fashion,52000,1,266,0,266
2025-10-27,Jakarta,SKU_KOPI_GAYO,Food & Beverage,220000,0,101,0,101
2025-10-27,Jakarta,SKU_BATIK_TULIS,Fashion Premium,1200000,0,18,0,18
2025-10-27,Surabaya,SKU_HIJAB_INSTAN,Fashion,65000,0,106,0,106
2025-10-27,Surabaya,SKU_KOPI_GAYO,Food & Beverage,220000,0,60,0,60
2025-10-27,Surabaya,SKU_BATIK_TULIS,Fashion Premium,1200000,0,13,0,13
2025-10-27,Medan,SKU_HIJAB_INSTAN,Fashion,52000,1,87,0,87
2025-10-27,Medan,SKU_KOPI_GAYO,Food & Beverage,220000,0,47,0,47
2025-10-27,Medan,SKU_BATIK_TULIS,Fashion Premium,1200000,0,9,0,9
2025-10-27,Makassar,SKU_HIJAB_INSTAN,Fashion,52000,1,49,0,49
2025-10-27,Makassar,SKU_KOPI_GAYO,Food & Beverage,220000,0,25,0,25
2025-10-27,Makassar,SKU_BATIK_TULIS,Fashion Premium,1200000,0,2,0,2
2025-10-28,Jakarta,SKU_HIJAB_INSTAN,Fashion,52000,1,303,0,303
2025-10-28,Jakarta,SKU_KOPI_GAYO,Food & Beverage,176000,1,139,0,139
2025-10-28,Jakarta,SKU_BATIK_TULIS,Fashion Premium,960000,1,34,0,34
2025-10-28,Surabaya,SKU_HIJAB_INSTAN,Fashion,65000,0,153,0,153
2025-10-28,Surabaya,SKU_KOPI_GAYO,Food & Beverage,176000,1,105,0,105
2025-10-28,Surabaya,SKU_BATIK_TULIS,Fashion Premium,960000,1,21,0,21
2025-10-28,Medan,SKU_HIJAB_INSTAN,Fashion,65000,0,93,0,93
2025-10-28,Medan,SKU_KOPI_GAYO,Food & Beverage,176000,1,49,0,49
2025-10-28,Medan,SKU_BATIK_TULIS,Fashion Premium,1200000,0,13,0,13
2025-10-28,Makassar,SKU_HIJAB_INSTAN,Fashion,65000,0,48,0,48
2025-10-28,Makassar,SKU_KOPI_GAYO,Food & Beverage,176000,1,25,0,25
2025-10-28,Makassar,SKU_BATIK_TULIS,Fashion Premium,1200000,0,6,0,6
2025-10-29,Jakarta,SKU_HIJAB_INSTAN,Fashion,65000,0,226,0,226
2025-10-29,Jakarta,SKU_KOPI_GAYO,Food & Beverage,220000,0,95,0,95
2025-10-29,Jakarta,SKU_BATIK_TULIS,Fashion Premium,1200000,0,21,0,21
2025-10-29,Surabaya,SKU_HIJAB_INSTAN,Fashion,65000,0,94,0,94
2025-10-29,Surabaya,SKU_KOPI_GAYO,Food & Beverage,220000,0,57,1,0
2025-10-29,Surabaya,SKU_BATIK_TULIS,Fashion Premium,1200000,0,8,0,8
2025-10-29,Medan,SKU_HIJAB_INSTAN,Fashion,65000,0,113,0,113
2025-10-29,Medan,SKU_KOPI_GAYO,Food & Beverage,220000,0,20,0,20
2025-10-29,Medan,SKU_BATIK_TULIS,Fashion Premium,1200000,0,6,0,6
2025-10-29,Makassar,SKU_HIJAB_INSTAN,Fashion,65000,0,42,0,42
2025-10-29,Makassar,SKU_KOPI_GAYO,Food & Beverage,220000,0,25,0,25
2025-10-29,Makassar,SKU_BATIK_TULIS,Fashion Premium,1200000,0,2,0,2
2025-10-30,Jakarta,SKU_HIJAB_INSTAN,Fashion,65000,0,210,0,210
2025-10-30,Jakarta,SKU_KOPI_GAYO,Food & Beverage,220000,0,94,0,94
2025-10-30,Jakarta,SKU_BATIK_TULIS,Fashion Premium,1200000,0,23,0,23
2025-10-30,Surabaya,SKU_HIJAB_INSTAN,Fashion,65000,0,149,0,149
2025-10-30,Surabaya,SKU_KOPI_GAYO,Food & Beverage,220000,0,64,0,64
2025-10-30,Surabaya,SKU_BATIK_TULIS,Fashion Premium,1200000,0,12,0,12
2025-10-30,Medan,SKU_HIJAB_INSTAN,Fashion,65000,0,83,0,83
2025-10-30,Medan,SKU_KOPI_GAYO,Food & Beverage,220000,0,45,0,45
2025-10-30,Medan,SKU_BATIK_TULIS,Fashion Premium,1200000,0,10,0,10
2025-10-30,Makassar,SKU_HIJAB_INSTAN,Fashion,65000,0,43,0,43
2025-10-30,Makassar,SKU_KOPI_GAYO,Food & Beverage,220000,0,33,0,33
2025-10-30,Makassar,SKU_BATIK_TULIS,Fashion Premium,1200000,0,2,0,2
2025-10-31,Jakarta,SKU_HIJAB_INSTAN,Fashion,65000,0,251,0,251
2025-10-31,Jakarta,SKU_KOPI_GAYO,Food & Beverage,220000,0,103,0,103
2025-10-31,Jakarta,SKU_BATIK_TULIS,Fashion Premium,1200000,0,25,0,25
2025-10-31,Surabaya,SKU_HIJAB_INSTAN,Fashion,65000,0,134,0,134
2025-10-31,Surabaya,SKU_KOPI_GAYO,Food & Beverage,220000,0,57,0,57
2025-10-31,Surabaya,SKU_BATIK_TULIS,Fashion Premium,1200000,0,16,0,16
2025-10-31,Medan,SKU_HIJAB_INSTAN,Fashion,65000,0,105,0,105
2025-10-31,Medan,SKU_KOPI_GAYO,Food & Beverage,220000,0,55,0,55
2025-10-31,Medan,SKU_BATIK_TULIS,Fashion Premium,1200000,0,10,0,10
2025-10-31,Makassar,SKU_HIJAB_INSTAN,Fashion,65000,0,38,0,38
2025-10-31,Makassar,SKU_KOPI_GAYO,Food & Beverage,220000,0,21,0,21
2025-10-31,Makassar,SKU_BATIK_TULIS,Fashion Premium,1200000,0,5,0,5
2025-11-01,Jakarta,SKU_HIJAB_INSTAN,Fashion,65000,0,250,0,250
2025-11-01,Jakarta,SKU_KOPI_GAYO,Food & Beverage,220000,0,115,0,115
2025-11-01,Jakarta,SKU_BATIK_TULIS,Fashion Premium,1200000,0,32,0,32
2025-11-01,Surabaya,SKU_HIJAB_INSTAN,Fashion,65000,0,135,0,135
2025-11-01,Surabaya,SKU_KOPI_GAYO,Food & Beverage,220000,0,69,0,69
2025-11-01,Surabaya,SKU_BATIK_TULIS,Fashion Premium,1200000,0,16,0,16
2025-11-01,Medan,SKU_HIJAB_INSTAN,Fashion,65000,0,92,0,92
2025-11-01,Medan,SKU_KOPI_GAYO,Food & Beverage,220000,0,43,0,43
2025-11-01,Medan,SKU_BATIK_TULIS,Fashion Premium,1200000,0,12,0,12
2025-11-01,Makassar,SKU_HIJAB_INSTAN,Fashion,65000,0,36,0,36
2025-11-01,Makassar,SKU_KOPI_GAYO,Food & Beverage,220000,0,26,0,26
2025-11-01,Makassar,SKU_BATIK_TULIS,Fashion Premium,1200000,0,6,0,6
2025-11-02,Jakarta,SKU_HIJAB_INSTAN,Fashion,65000,0,222,0,222
2025-11-02,Jakarta,SKU_KOPI_GAYO,Food & Beverage,220000,0,102,0,102
2025-11-02,Jakarta,SKU_BATIK_TULIS,Fashion Premium,1200000,0,28,0,28
2025-11-02,Surabaya,SKU_HIJAB_INSTAN,Fashion,65000,0,97,0,97
2025-11-02,Surabaya,SKU_KOPI_GAYO,Food & Beverage,220000,0,54,0,54
2025-11-02,Surabaya,SKU_BATIK_TULIS,Fashion Premium,1200000,0,14,0,14
2025-11-02,Medan,SKU_HIJAB_INSTAN,Fashion,65000,0,92,0,92
2025-11-02,Medan,SKU_KOPI_GAYO,Food & Beverage,220000,0,43,0,43
2025-11-02,Medan,SKU_BATIK_TULIS,Fashion Premium,1200000,0,9,0,9
2025-11-02,Makassar,SKU_HIJAB_INSTAN,Fashion,65000,0,57,0,57
2025-11-02,Makassar,SKU_KOPI_GAYO,Food & Beverage,220000,0,26,0,26
2025-11-02,Makassar,SKU_BATIK_TULIS,Fashion Premium,1200000,0,3,0,3
2025-11-03,Jakarta,SKU_HIJAB_INSTAN,Fashion,65000,0,198,0,198
2025-11-03,Jakarta,SKU_KOPI_GAYO,Food & Beverage,220000,0,91,0,91
2025-11-03,Jakarta,SKU_BATIK_TULIS,Fashion Premium,1200000,0,17,0,17
2025-11-03,Surabaya,SKU_HIJAB_INSTAN,Fashion,65000,0,126,0,126
2025-11-03,Surabaya,SKU_KOPI_GAYO,Food & Beverage,220000,0,57,0,57
2025-11-03,Surabaya,SKU_BATIK_TULIS,Fashion Premium,1200000,0,10,0,10
2025-11-03,Medan,SKU_HIJAB_INSTAN,Fashion,65000,0,62,0,62
2025-11-03,Medan,SKU_KOPI_GAYO,Food & Beverage,220000,0,25,0,25
2025-11-03,Medan,SKU_BATIK_TULIS,Fashion Premium,1200000,0,8,0,8
2025-11-03,Makassar,SKU_HIJAB_INSTAN,Fashion,65000,0,48,0,48
2025-11-03,Makassar,SKU_KOPI_GAYO,Food & Beverage,220000,0,18,0,18
2025-11-03,Makassar,SKU_BATIK_TULIS,Fashion Premium,1200000,0,4,0,4
2025-11-04,Jakarta,SKU_HIJAB_INSTAN,Fashion,65000,0,217,0,217
2025-11-04,Jakarta,SKU_KOPI_GAYO,Food & Beverage,220000,0,102,0,102
2025-11-04,Jakarta,SKU_BATIK_TULIS,Fashion Premium,1200000,0,19,0,19
2025-11-04,Surabaya,SKU_HIJAB_INSTAN,Fashion,65000,0,114,0,114
2025-11-04,Surabaya,SKU_KOPI_GAYO,Food & Beverage,220000,0,54,0,54
2025-11-04,Surabaya,SKU_BATIK_TULIS,Fashion Premium,1200000,0,9,0,9
2025-11-04,Medan,SKU_HIJAB_INSTAN,Fashion,65000,0,56,0,56
2025-11-04,Medan,SKU_KOPI_GAYO,Food & Beverage,220000,0,37,0,37
2025-11-04,Medan,SKU_BATIK_TULIS,Fashion Premium,1200000,0,9,0,9
2025-11-04,Makassar,SKU_HIJAB_INSTAN,Fashion,65000,0,16,0,16
2025-11-04,Makassar,SKU_KOPI_GAYO,Food & Beverage,220000,0,23,0,23
2025-11-04,Makassar,SKU_BATIK_TULIS,Fashion Premium,1200000,0,4,0,4
2025-11-05,Jakarta,SKU_HIJAB_INSTAN,Fashion,65000,0,198,0,198
2025-11-05,Jakarta,SKU_KOPI_GAYO,Food & Beverage,220000,0,107,0,107
2025-11-05,Jakarta,SKU_BATIK_TULIS,Fashion Premium,1200000,0,22,0,22
2025-11-05,Surabaya,SKU_HIJAB_INSTAN,Fashion,65000,0,85,0,85
2025-11-05,Surabaya,SKU_KOPI_GAYO,Food & Beverage,220000,0,72,0,72
2025-11-05,Surabaya,SKU_BATIK_TULIS,Fashion Premium,1200000,0,13,0,13
2025-11-05,Medan,SKU_HIJAB_INSTAN,Fashion,65000,0,63,0,63
2025-11-05,Medan,SKU_KOPI_GAYO,Food & Beverage,220000,0,44,0,44
2025-11-05,Medan,SKU_BATIK_TULIS,Fashion Premium,1200000,0,8,0,8
2025-11-05,Makassar,SKU_HIJAB_INSTAN,Fashion,65000,0,28,0,28
2025-11-05,Makassar,SKU_KOPI_GAYO,Food & Beverage,220000,0,23,0,23
2025-11-05,Makassar,SKU_BATIK_TULIS,Fashion Premium,1200000,0,3,0,3
2025-11-06,Jakarta,SKU_HIJAB_INSTAN,Fashion,65000,0,188,0,188
2025-11-06,Jakarta,SKU_KOPI_GAYO,Food & Beverage,220000,0,108,0,108
2025-11-06,Jakarta,SKU_BATIK_TULIS,Fashion Premium,1200000,0,22,0,22
2025-11-06,Surabaya,SKU_HIJAB_INSTAN,Fashion,65000,0,132,0,132
2025-11-06,Surabaya,SKU_KOPI_GAYO,Food & Beverage,220000,0,58,0,58
2025-11-06,Surabaya,SKU_BATIK_TULIS,Fashion Premium,1200000,0,15,0,15
2025-11-06,Medan,SKU_HIJAB_INSTAN,Fashion,65000,0,64,0,64
2025-11-06,Medan,SKU_KOPI_GAYO,Food & Beverage,220000,0,38,0,38
2025-11-06,Medan,SKU_BATIK_TULIS,Fashion Premium,1200000,0,9,0,9
2025-11-06,Makassar,SKU_HIJAB_INSTAN,Fashion,65000,0,18,0,18
2025-11-06,Makassar,SKU_KOPI_GAYO,Food & Beverage,220000,0,27,0,27
2025-11-06,Makassar,SKU_BATIK_TULIS,Fashion Premium,1200000,0,4,0,4
2025-11-07,Jakarta,SKU_HIJAB_INSTAN,Fashion,65000,0,194,0,194
2025-11-07,Jakarta,SKU_KOPI_GAYO,Food & Beverage,220000,0,107,0,107
2025-11-07,Jakarta,SKU_BATIK_TULIS,Fashion Premium,1200000,0,23,0,23
2025-11-07,Surabaya,SKU_HIJAB_INSTAN,Fashion,65000,0,96,0,96
2025-11-07,Surabaya,SKU_KOPI_GAYO,Food & Beverage,220000,0,67,0,67
2025-11-07,Surabaya,SKU_BATIK_TULIS,Fashion Premium,1200000,0,17,0,17
2025-11-07,Medan,SKU_HIJAB_INSTAN,Fashion,65000,0,111,0,111
2025-11-07,Medan,SKU_KOPI_GAYO,Food & Beverage,220000,0,29,0,29
2025-11-07,Medan,SKU_BATIK_TULIS,Fashion Premium,1200000,0,9,0,9
2025-11-07,Makassar,SKU_HIJAB_INSTAN,Fashion,65000,0,67,0,67
2025-11-07,Makassar,SKU_KOPI_GAYO,Food & Beverage,220000,0,39,0,39
2025-11-07,Makassar,SKU_BATIK_TULIS,Fashion Premium,1200000,0,2,0,2
2025-11-08,Jakarta,SKU_HIJAB_INSTAN,Fashion,65000,0,242,0,242
2025-11-08,Jakarta,SKU_KOPI_GAYO,Food & Beverage,220000,0,117,0,117
2025-11-08,Jakarta,SKU_BATIK_TULIS,Fashion Premium,1200000,0,26,0,26
2025-11-08,Surabaya,SKU_HIJAB_INSTAN,Fashion,65000,0,162,0,162
2025-11-08,Surabaya,SKU_KOPI_GAYO,Food & Beverage,220000,0,77,0,77
2025-11-08,Surabaya,SKU_BATIK_TULIS,Fashion Premium,1200000,0,14,0,14
2025-11-08,Medan,SKU_HIJAB_INSTAN,Fashion,65000,0,91,0,91
2025-11-08,Medan,SKU_KOPI_GAYO,Food & Beverage,220000,0,50,0,50
2025-11-08,Medan,SKU_BATIK_TULIS,Fashion Premium,1200000,0,10,0,10
2025-11-08,Makassar,SKU_HIJAB_INSTAN,Fashion,65000,0,73,0,73
2025-11-08,Makassar,SKU_KOPI_GAYO,Food & Beverage,220000,0,16,0,16
2025-11-08,Makassar,SKU_BATIK_TULIS,Fashion Premium,1200000,0,6,0,6
2025-11-09,Jakarta,SKU_HIJAB_INSTAN,Fashion,65000,0,237,0,237
2025-11-09,Jakarta,SKU_KOPI_GAYO,Food & Beverage,220000,0,100,0,100
2025-11-09,Jakarta,SKU_BATIK_TULIS,Fashion Premium,1200000,0,26,0,26
2025-11-09,Surabaya,SKU_HIJAB_INSTAN,Fashion,65000,0,122,0,122
2025-11-09,Surabaya,SKU_KOPI_GAYO,Food & Beverage,220000,0,62,1,0
2025-11-09,Surabaya,SKU_BATIK_TULIS,Fashion Premium,1200000,0,12,0,12
2025-11-09,Medan,SKU_HIJAB_INSTAN,Fashion,65000,0,91,0,91
2025-11-09,Medan,SKU_KOPI_GAYO,Food & Beverage,220000,0,41,0,41
2025-11-09,Medan,SKU_BATIK_TULIS,Fashion Premium,1200000,0,12,0,12
2025-11-09,Makassar,SKU_HIJAB_INSTAN,Fashion,65000,0,51,0,51
2025-11-09,Makassar,SKU_KOPI_GAYO,Food & Beverage,220000,0,19,0,19
2025-11-09,Makassar,SKU_BATIK_TULIS,Fashion Premium,1200000,0,5,0,5
2025-11-10,Jakarta,SKU_HIJAB_INSTAN,Fashion,65000,0,178,0,178
2025-11-10,Jakarta,SKU_KOPI_GAYO,Food & Beverage,220000,0,106,0,106
2025-11-10,Jakarta,SKU_BATIK_TULIS,Fashion Premium,1200000,0,17,0,17
2025-11-10,Surabaya,SKU_HIJAB_INSTAN,Fashion,65000,0,111,0,111
2025-11-10,Surabaya,SKU_KOPI_GAYO,Food & Beverage,220000,0,71,0,71
2025-11-10,Surabaya,SKU_BATIK_TULIS,Fashion Premium,1200000,0,10,0,10
2025-11-10,Medan,SKU_HIJAB_INSTAN,Fashion,65000,0,72,0,72
2025-11-10,Medan,SKU_KOPI_GAYO,Food & Beverage,220000,0,40,0,40
2025-11-10,Medan,SKU_BATIK_TULIS,Fashion Premium,1200000,0,8,0,8
2025-11-10,Makassar,SKU_HIJAB_INSTAN,Fashion,65000,0,33,0,33
2025-11-10,Makassar,SKU_KOPI_GAYO,Food & Beverage,220000,0,17,1,0
2025-11-10,Makassar,SKU_BATIK_TULIS,Fashion Premium,1200000,0,2,0,2
2025-11-11,Jakarta,SKU_HIJAB_INSTAN,Fashion,52000,1,476,0,476
2025-11-11,Jakarta,SKU_KOPI_GAYO,Food & Beverage,176000,1,236,0,236
2025-11-11,Jakarta,SKU_BATIK_TULIS,Fashion Premium,960000,1,68,0,68
2025-11-11,Surabaya,SKU_HIJAB_INSTAN,Fashion,52000,1,301,0,301
2025-11-11,Surabaya,SKU_KOPI_GAYO,Food & Beverage,176000,1,132,0,132
2025-11-11,Surabaya,SKU_BATIK_TULIS,Fashion Premium,960000,1,46,0,46
2025-11-11,Medan,SKU_HIJAB_INSTAN,Fashion,52000,1,137,0,137
2025-11-11,Medan,SKU_KOPI_GAYO,Food & Beverage,176000,1,81,0,81
2025-11-11,Medan,SKU_BATIK_TULIS,Fashion Premium,960000,1,32,0,32
2025-11-11,Makassar,SKU_HIJAB_INSTAN,Fashion,52000,1,52,0,52
2025-11-11,Makassar,SKU_KOPI_GAYO,Food & Beverage,176000,1,19,0,19
2025-11-11,Makassar,SKU_BATIK_TULIS,Fashion Premium,960000,1,4,0,4
2025-11-12,Jakarta,SKU_HIJAB_INSTAN,Fashion,65000,0,186,0,186
2025-11-12,Jakarta,SKU_KOPI_GAYO,Food & Beverage,220000,0,97,0,97
2025-11-12,Jakarta,SKU_BATIK_TULIS,Fashion Premium,1200000,0,21,0,21
2025-11-12,Surabaya,SKU_HIJAB_INSTAN,Fashion,65000,0,104,0,104
2025-11-12,Surabaya,SKU_KOPI_GAYO,Food & Beverage,220000,0,64,0,64
2025-11-12,Surabaya,SKU_BATIK_TULIS,Fashion Premium,1200000,0,11,0,11
2025-11-12,Medan,SKU_HIJAB_INSTAN,Fashion,65000,0,64,0,64
2025-11-12,Medan,SKU_KOPI_GAYO,Food & Beverage,220000,0,42,0,42
2025-11-12,Medan,SKU_BATIK_TULIS,Fashion Premium,1200000,0,7,0,7
2025-11-12,Makassar,SKU_HIJAB_INSTAN,Fashion,65000,0,38,0,38
2025-11-12,Makassar,SKU_KOPI_GAYO,Food & Beverage,220000,0,7,0,7
2025-11-12,Makassar,SKU_BATIK_TULIS,Fashion Premium,1200000,0,5,1,0
2025-11-13,Jakarta,SKU_HIJAB_INSTAN,Fashion,65000,0,228,0,228
2025-11-13,Jakarta,SKU_KOPI_GAYO,Food & Beverage,220000,0,110,0,110
2025-11-13,Jakarta,SKU_BATIK_TULIS,Fashion Premium,1200000,0,21,0,21
2025-11-13,Surabaya,SKU_HIJAB_INSTAN,Fashion,65000,0,113,0,113
2025-11-13,Surabaya,SKU_KOPI_GAYO,Food & Beverage,220000,0,71,0,71
2025-11-13,Surabaya,SKU_BATIK_TULIS,Fashion Premium,1200000,0,9,0,9
2025-11-13,Medan,SKU_HIJAB_INSTAN,Fashion,65000,0,75,0,75
2025-11-13,Medan,SKU_KOPI_GAYO,Food & Beverage,220000,0,32,0,32
2025-11-13,Medan,SKU_BATIK_TULIS,Fashion Premium,1200000,0,11,0,11
2025-11-13,Makassar,SKU_HIJAB_INSTAN,Fashion,65000,0,59,0,59
2025-11-13,Makassar,SKU_KOPI_GAYO,Food & Beverage,220000,0,20,0,20
2025-11-13,Makassar,SKU_BATIK_TULIS,Fashion Premium,1200000,0,5,0,5
2025-11-14,Jakarta,SKU_HIJAB_INSTAN,Fashion,65000,0,219,0,219
2025-11-14,Jakarta,SKU_KOPI_GAYO,Food & Beverage,220000,0,98,0,98
2025-11-14,Jakarta,SKU_BATIK_TULIS,Fashion Premium,1200000,0,26,0,26
2025-11-14,Surabaya,SKU_HIJAB_INSTAN,Fashion,65000,0,122,0,122
2025-11-14,Surabaya,SKU_KOPI_GAYO,Food & Beverage,220000,0,56,0,56
2025-11-14,Surabaya,SKU_BATIK_TULIS,Fashion Premium,1200000,0,16,0,16
2025-11-14,Medan,SKU_HIJAB_INSTAN,Fashion,65000,0,72,0,72
2025-11-14,Medan,SKU_KOPI_GAYO,Food & Beverage,220000,0,48,0,48
2025-11-14,Medan,SKU_BATIK_TULIS,Fashion Premium,1200000,0,10,0,10
2025-11-14,Makassar,SKU_HIJAB_INSTAN,Fashion,65000,0,17,0,17
2025-11-14,Makassar,SKU_KOPI_GAYO,Food & Beverage,220000,0,19,0,19
2025-11-14,Makassar,SKU_BATIK_TULIS,Fashion Premium,1200000,0,3,0,3
2025-11-15,Jakarta,SKU_HIJAB_INSTAN,Fashion,65000,0,242,0,242
2025-11-15,Jakarta,SKU_KOPI_GAYO,Food & Beverage,220000,0,116,0,116
2025-11-15,Jakarta,SKU_BATIK_TULIS,Fashion Premium,1200000,0,24,0,24
2025-11-15,Surabaya,SKU_HIJAB_INSTAN,Fashion,65000,0,126,0,126
2025-11-15,Surabaya,SKU_KOPI_GAYO,Food & Beverage,220000,0,76,0,76
2025-11-15,Surabaya,SKU_BATIK_TULIS,Fashion Premium,1200000,0,16,0,16
2025-11-15,Medan,SKU_HIJAB_INSTAN,Fashion,65000,0,110,0,110
2025-11-15,Medan,SKU_KOPI_GAYO,Food & Beverage,220000,0,55,0,55
2025-11-15,Medan,SKU_BATIK_TULIS,Fashion Premium,1200000,0,10,0,10
2025-11-15,Makassar,SKU_HIJAB_INSTAN,Fashion,65000,0,26,0,26
2025-11-15,Makassar,SKU_KOPI_GAYO,Food & Beverage,220000,0,5,0,5
2025-11-15,Makassar,SKU_BATIK_TULIS,Fashion Premium,1200000,0,8,0,8
2025-11-16,Jakarta,SKU_HIJAB_INSTAN,Fashion,65000,0,233,0,233
2025-11-16,Jakarta,SKU_KOPI_GAYO,Food & Beverage,220000,0,102,0,102
2025-11-16,Jakarta,SKU_BATIK_TULIS,Fashion Premium,1200000,0,27,0,27
2025-11-16,Surabaya,SKU_HIJAB_INSTAN,Fashion,65000,0,127,0,127
2025-11-16,Surabaya,SKU_KOPI_GAYO,Food & Beverage,220000,0,71,0,71
2025-11-16,Surabaya,SKU_BATIK_TULIS,Fashion Premium,1200000,0,15,0,15
2025-11-16,Medan,SKU_HIJAB_INSTAN,Fashion,65000,0,74,0,74
2025-11-16,Medan,SKU_KOPI_GAYO,Food & Beverage,220000,0,47,0,47
2025-11-16,Medan,SKU_BATIK_TULIS,Fashion Premium,1200000,0,7,0,7
2025-11-16,Makassar,SKU_HIJAB_INSTAN,Fashion,65000,0,28,0,28
2025-11-16,Makassar,SKU_KOPI_GAYO,Food & Beverage,220000,0,30,0,30
2025-11-16,Makassar,SKU_BATIK_TULIS,Fashion Premium,1200000,0,7,0,7
2025-11-17,Jakarta,SKU_HIJAB_INSTAN,Fashion,65000,0,208,0,208
2025-11-17,Jakarta,SKU_KOPI_GAYO,Food & Beverage,220000,0,92,0,92
2025-11-17,Jakarta,SKU_BATIK_TULIS,Fashion Premium,1200000,0,15,0,15
2025-11-17,Surabaya,SKU_HIJAB_INSTAN,Fashion,65000,0,120,0,120
2025-11-17,Surabaya,SKU_KOPI_GAYO,Food & Beverage,220000,0,53,0,53
2025-11-17,Surabaya,SKU_BATIK_TULIS,Fashion Premium,1200000,0,11,0,11
2025-11-17,Medan,SKU_HIJAB_INSTAN,Fashion,65000,0,72,0,72
2025-11-17,Medan,SKU_KOPI_GAYO,Food & Beverage,220000,0,42,0,42
2025-11-17,Medan,SKU_BATIK_TULIS,Fashion Premium,1200000,0,8,0,8
2025-11-17,Makassar,SKU_HIJAB_INSTAN,Fashion,65000,0,38,0,38
2025-11-17,Makassar,SKU_KOPI_GAYO,Food & Beverage,220000,0,26,0,26
2025-11-17,Makassar,SKU_BATIK_TULIS,Fashion Premium,1200000,0,4,0,4
2025-11-18,Jakarta,SKU_HIJAB_INSTAN,Fashion,65000,0,193,0,193
2025-11-18,Jakarta,SKU_KOPI_GAYO,Food & Beverage,220000,0,92,0,92
2025-11-18,Jakarta,SKU_BATIK_TULIS,Fashion Premium,1200000,0,21,0,21
2025-11-18,Surabaya,SKU_HIJAB_INSTAN,Fashion,65000,0,130,0,130
2025-11-18,Surabaya,SKU_KOPI_GAYO,Food & Beverage,220000,0,63,0,63
2025-11-18,Surabaya,SKU_BATIK_TULIS,Fashion Premium,1200000,0,10,0,10
2025-11-18,Medan,SKU_HIJAB_INSTAN,Fashion,65000,0,73,0,73
2025-11-18,Medan,SKU_KOPI_GAYO,Food & Beverage,220000,0,50,0,50
2025-11-18,Medan,SKU_BATIK_TULIS,Fashion Premium,1200000,0,7,1,0
2025-11-18,Makassar,SKU_HIJAB_INSTAN,Fashion,65000,0,45,0,45
2025-11-18,Makassar,SKU_KOPI_GAYO,Food & Beverage,220000,0,30,0,30
2025-11-18,Makassar,SKU_BATIK_TULIS,Fashion Premium,1200000,0,3,0,3
2025-11-19,Jakarta,SKU_HIJAB_INSTAN,Fashion,65000,0,193,0,193
2025-11-19,Jakarta,SKU_KOPI_GAYO,Food & Beverage,220000,0,89,0,89
2025-11-19,Jakarta,SKU_BATIK_TULIS,Fashion Premium,1200000,0,15,0,15
2025-11-19,Surabaya,SKU_HIJAB_INSTAN,Fashion,65000,0,125,0,125
2025-11-19,Surabaya,SKU_KOPI_GAYO,Food & Beverage,220000,0,62,0,62
2025-11-19,Surabaya,SKU_BATIK_TULIS,Fashion Premium,1200000,0,15,0,15
2025-11-19,Medan,SKU_HIJAB_INSTAN,Fashion,65000,0,91,0,91
2025-11-19,Medan,SKU_KOPI_GAYO,Food & Beverage,220000,0,35,0,35
2025-11-19,Medan,SKU_BATIK_TULIS,Fashion Premium,1200000,0,6,0,6
2025-11-19,Makassar,SKU_HIJAB_INSTAN,Fashion,65000,0,32,0,32
2025-11-19,Makassar,SKU_KOPI_GAYO,Food & Beverage,220000,0,20,0,20
2025-11-19,Makassar,SKU_BATIK_TULIS,Fashion Premium,1200000,0,3,1,0
2025-11-20,Jakarta,SKU_HIJAB_INSTAN,Fashion,65000,0,204,0,204
2025-11-20,Jakarta,SKU_KOPI_GAYO,Food & Beverage,220000,0,87,0,87
2025-11-20,Jakarta,SKU_BATIK_TULIS,Fashion Premium,1200000,0,25,0,25
2025-11-20,Surabaya,SKU_HIJAB_INSTAN,Fashion,65000,0,135,0,135
2025-11-20,Surabaya,SKU_KOPI_GAYO,Food & Beverage,220000,0,61,0,61
2025-11-20,Surabaya,SKU_BATIK_TULIS,Fashion Premium,1200000,0,11,0,11
2025-11-20,Medan,SKU_HIJAB_INSTAN,Fashion,65000,0,64,0,64
2025-11-20,Medan,SKU_KOPI_GAYO,Food & Beverage,220000,0,32,0,32
2025-11-20,Medan,SKU_BATIK_TULIS,Fashion Premium,1200000,0,12,0,12
2025-11-20,Makassar,SKU_HIJAB_INSTAN,Fashion,65000,0,46,0,46
2025-11-20,Makassar,SKU_KOPI_GAYO,Food & Beverage,220000,0,22,0,22
2025-11-20,Makassar,SKU_BATIK_TULIS,Fashion Premium,1200000,0,4,0,4
2025-11-21,Jakarta,SKU_HIJAB_INSTAN,Fashion,65000,0,229,0,229
2025-11-21,Jakarta,SKU_KOPI_GAYO,Food & Beverage,220000,0,106,0,106
2025-11-21,Jakarta,SKU_BATIK_TULIS,Fashion Premium,1200000,0,27,0,27
2025-11-21,Surabaya,SKU_HIJAB_INSTAN,Fashion,65000,0,102,0,102
2025-11-21,Surabaya,SKU_KOPI_GAYO,Food & Beverage,220000,0,59,0,59
2025-11-21,Surabaya,SKU_BATIK_TULIS,Fashion Premium,1200000,0,16,0,16
2025-11-21,Medan,SKU_HIJAB_INSTAN,Fashion,65000,0,80,0,80
2025-11-21,Medan,SKU_KOPI_GAYO,Food & Beverage,220000,0,29,0,29
2025-11-21,Medan,SKU_BATIK_TULIS,Fashion Premium,1200000,0,11,0,11
2025-11-21,Makassar,SKU_HIJAB_INSTAN,Fashion,65000,0,70,0,70
2025-11-21,Makassar,SKU_KOPI_GAYO,Food & Beverage,220000,0,13,0,13
2025-11-21,Makassar,SKU_BATIK_TULIS,Fashion Premium,1200000,0,3,0,3
2025-11-22,Jakarta,SKU_HIJAB_INSTAN,Fashion,65000,0,236,0,236
2025-11-22,Jakarta,SKU_KOPI_GAYO,Food & Beverage,220000,0,121,0,121
2025-11-22,Jakarta,SKU_BATIK_TULIS,Fashion Premium,1200000,0,26,0,26
2025-11-22,Surabaya,SKU_HIJAB_INSTAN,Fashion,65000,0,128,0,128
2025-11-22,Surabaya,SKU_KOPI_GAYO,Food & Beverage,220000,0,59,0,59
2025-11-22,Surabaya,SKU_BATIK_TULIS,Fashion Premium,1200000,0,18,0,18
2025-11-22,Medan,SKU_HIJAB_INSTAN,Fashion,65000,0,112,0,112
2025-11-22,Medan,SKU_KOPI_GAYO,Food & Beverage,220000,0,26,0,26
2025-11-22,Medan,SKU_BATIK_TULIS,Fashion Premium,1200000,0,10,0,10
2025-11-22,Makassar,SKU_HIJAB_INSTAN,Fashion,65000,0,89,0,89
2025-11-22,Makassar,SKU_KOPI_GAYO,Food & Beverage,220000,0,21,0,21
2025-11-22,Makassar,SKU_BATIK_TULIS,Fashion Premium,1200000,0,3,0,3
2025-11-23,Jakarta,SKU_HIJAB_INSTAN,Fashion,65000,0,256,0,256
2025-11-23,Jakarta,SKU_KOPI_GAYO,Food & Beverage,220000,0,102,0,102
2025-11-23,Jakarta,SKU_BATIK_TULIS,Fashion Premium,1200000,0,22,0,22
2025-11-23,Surabaya,SKU_HIJAB_INSTAN,Fashion,65000,0,150,0,150
2025-11-23,Surabaya,SKU_KOPI_GAYO,Food & Beverage,220000,0,52,0,52
2025-11-23,Surabaya,SKU_BATIK_TULIS,Fashion Premium,1200000,0,16,0,16
2025-11-23,Medan,SKU_HIJAB_INSTAN,Fashion,65000,0,92,0,92
2025-11-23,Medan,SKU_KOPI_GAYO,Food & Beverage,220000,0,38,0,38
2025-11-23,Medan,SKU_BATIK_TULIS,Fashion Premium,1200000,0,5,0,5
2025-11-23,Makassar,SKU_HIJAB_INSTAN,Fashion,65000,0,57,0,57
2025-11-23,Makassar,SKU_KOPI_GAYO,Food & Beverage,220000,0,4,0,4
2025-11-23,Makassar,SKU_BATIK_TULIS,Fashion Premium,1200000,0,6,0,6
2025-11-24,Jakarta,SKU_HIJAB_INSTAN,Fashion,65000,0,174,0,174
2025-11-24,Jakarta,SKU_KOPI_GAYO,Food & Beverage,220000,0,111,0,111
2025-11-24,Jakarta,SKU_BATIK_TULIS,Fashion Premium,1200000,0,18,0,18
2025-11-24,Surabaya,SKU_HIJAB_INSTAN,Fashion,65000,0,112,0,112
2025-11-24,Surabaya,SKU_KOPI_GAYO,Food & Beverage,220000,0,55,0,55
2025-11-24,Surabaya,SKU_BATIK_TULIS,Fashion Premium,1200000,0,10,0,10
2025-11-24,Medan,SKU_HIJAB_INSTAN,Fashion,65000,0,89,0,89
2025-11-24,Medan,SKU_KOPI_GAYO,Food & Beverage,220000,0,36,0,36
2025-11-24,Medan,SKU_BATIK_TULIS,Fashion Premium,1200000,0,8,0,8
2025-11-24,Makassar,SKU_HIJAB_INSTAN,Fashion,65000,0,37,0,37
2025-11-24,Makassar,SKU_KOPI_GAYO,Food & Beverage,220000,0,24,0,24
2025-11-24,Makassar,SKU_BATIK_TULIS,Fashion Premium,1200000,0,4,0,4
2025-11-25,Jakarta,SKU_HIJAB_INSTAN,Fashion,65000,0,230,0,230
2025-11-25,Jakarta,SKU_KOPI_GAYO,Food & Beverage,220000,0,110,0,110
2025-11-25,Jakarta,SKU_BATIK_TULIS,Fashion Premium,1200000,0,22,0,22
2025-11-25,Surabaya,SKU_HIJAB_INSTAN,Fashion,52000,1,192,0,192
2025-11-25,Surabaya,SKU_KOPI_GAYO,Food & Beverage,220000,0,59,0,59
2025-11-25,Surabaya,SKU_BATIK_TULIS,Fashion Premium,1200000,0,12,0,12
2025-11-25,Medan,SKU_HIJAB_INSTAN,Fashion,65000,0,59,0,59
2025-11-25,Medan,SKU_KOPI_GAYO,Food & Beverage,176000,1,45,0,45
2025-11-25,Medan,SKU_BATIK_TULIS,Fashion Premium,960000,1,12,0,12
2025-11-25,Makassar,SKU_HIJAB_INSTAN,Fashion,52000,1,52,0,52
2025-11-25,Makassar,SKU_KOPI_GAYO,Food & Beverage,176000,1,9,0,9
2025-11-25,Makassar,SKU_BATIK_TULIS,Fashion Premium,1200000,0,3,0,3
2025-11-26,Jakarta,SKU_HIJAB_INSTAN,Fashion,65000,0,214,0,214
2025-11-26,Jakarta,SKU_KOPI_GAYO,Food & Beverage,176000,1,167,0,167
2025-11-26,Jakarta,SKU_BATIK_TULIS,Fashion Premium,1200000,0,22,0,22
2025-11-26,Surabaya,SKU_HIJAB_INSTAN,Fashion,52000,1,197,0,197
2025-11-26,Surabaya,SKU_KOPI_GAYO,Food & Beverage,176000,1,102,1,0
2025-11-26,Surabaya,SKU_BATIK_TULIS,Fashion Premium,960000,1,19,0,19
2025-11-26,Medan,SKU_HIJAB_INSTAN,Fashion,65000,0,110,0,110
2025-11-26,Medan,SKU_KOPI_GAYO,Food & Beverage,176000,1,78,0,78
2025-11-26,Medan,SKU_BATIK_TULIS,Fashion Premium,1200000,0,7,1,0
2025-11-26,Makassar,SKU_HIJAB_INSTAN,Fashion,52000,1,115,0,115
2025-11-26,Makassar,SKU_KOPI_GAYO,Food & Beverage,176000,1,29,0,29
2025-11-26,Makassar,SKU_BATIK_TULIS,Fashion Premium,1200000,0,2,0,2
2025-11-27,Jakarta,SKU_HIJAB_INSTAN,Fashion,52000,1,339,0,339
2025-11-27,Jakarta,SKU_KOPI_GAYO,Food & Beverage,220000,0,111,0,111
2025-11-27,Jakarta,SKU_BATIK_TULIS,Fashion Premium,1200000,0,24,0,24
2025-11-27,Surabaya,SKU_HIJAB_INSTAN,Fashion,65000,0,133,0,133
2025-11-27,Surabaya,SKU_KOPI_GAYO,Food & Beverage,220000,0,70,0,70
2025-11-27,Surabaya,SKU_BATIK_TULIS,Fashion Premium,960000,1,19,0,19
2025-11-27,Medan,SKU_HIJAB_INSTAN,Fashion,52000,1,148,0,148
2025-11-27,Medan,SKU_KOPI_GAYO,Food & Beverage,220000,0,34,0,34
2025-11-27,Medan,SKU_BATIK_TULIS,Fashion Premium,960000,1,17,0,17
2025-11-27,Makassar,SKU_HIJAB_INSTAN,Fashion,65000,0,20,0,20
2025-11-27,Makassar,SKU_KOPI_GAYO,Food & Beverage,220000,0,21,0,21
2025-11-27,Makassar,SKU_BATIK_TULIS,Fashion Premium,1200000,0,4,0,4
2025-11-28,Jakarta,SKU_HIJAB_INSTAN,Fashion,65000,0,203,0,203
2025-11-28,Jakarta,SKU_KOPI_GAYO,Food & Beverage,220000,0,104,1,0
2025-11-28,Jakarta,SKU_BATIK_TULIS,Fashion Premium,1200000,0,26,0,26
2025-11-28,Surabaya,SKU_HIJAB_INSTAN,Fashion,52000,1,164,0,164
2025-11-28,Surabaya,SKU_KOPI_GAYO,Food & Beverage,176000,1,111,0,111
2025-11-28,Surabaya,SKU_BATIK_TULIS,Fashion Premium,1200000,0,15,0,15
2025-11-28,Medan,SKU_HIJAB_INSTAN,Fashion,65000,0,70,0,70
2025-11-28,Medan,SKU_KOPI_GAYO,Food & Beverage,176000,1,62,0,62
2025-11-28,Medan,SKU_BATIK_TULIS,Fashion Premium,1200000,0,12,0,12
2025-11-28,Makassar,SKU_HIJAB_INSTAN,Fashion,65000,0,44,0,44
2025-11-28,Makassar,SKU_KOPI_GAYO,Food & Beverage,220000,0,24,0,24
2025-11-28,Makassar,SKU_BATIK_TULIS,Fashion Premium,960000,1,7,0,7
2025-11-29,Jakarta,SKU_HIJAB_INSTAN,Fashion,65000,0,233,0,233
2025-11-29,Jakarta,SKU_KOPI_GAYO,Food & Beverage,220000,0,119,0,119
2025-11-29,Jakarta,SKU_BATIK_TULIS,Fashion Premium,1200000,0,26,0,26
2025-11-29,Surabaya,SKU_HIJAB_INSTAN,Fashion,65000,0,113,1,0
2025-11-29,Surabaya,SKU_KOPI_GAYO,Food & Beverage,220000,0,71,0,71
2025-11-29,Surabaya,SKU_BATIK_TULIS,Fashion Premium,1200000,0,14,0,14
2025-11-29,Medan,SKU_HIJAB_INSTAN,Fashion,65000,0,99,0,99
2025-11-29,Medan,SKU_KOPI_GAYO,Food & Beverage,220000,0,47,0,47
2025-11-29,Medan,SKU_BATIK_TULIS,Fashion Premium,1200000,0,13,0,13
2025-11-29,Makassar,SKU_HIJAB_INSTAN,Fashion,65000,0,60,0,60
2025-11-29,Makassar,SKU_KOPI_GAYO,Food & Beverage,220000,0,16,0,16
2025-11-29,Makassar,SKU_BATIK_TULIS,Fashion Premium,1200000,0,6,0,6
2025-11-30,Jakarta,SKU_HIJAB_INSTAN,Fashion,65000,0,259,0,259
2025-11-30,Jakarta,SKU_KOPI_GAYO,Food & Beverage,220000,0,105,0,105
2025-11-30,Jakarta,SKU_BATIK_TULIS,Fashion Premium,1200000,0,26,0,26
2025-11-30,Surabaya,SKU_HIJAB_INSTAN,Fashion,65000,0,113,0,113
2025-11-30,Surabaya,SKU_KOPI_GAYO,Food & Beverage,220000,0,68,0,68
2025-11-30,Surabaya,SKU_BATIK_TULIS,Fashion Premium,1200000,0,14,0,14
2025-11-30,Medan,SKU_HIJAB_INSTAN,Fashion,65000,0,83,0,83
2025-11-30,Medan,SKU_KOPI_GAYO,Food & Beverage,220000,0,39,0,39
2025-11-30,Medan,SKU_BATIK_TULIS,Fashion Premium,1200000,0,8,0,8
2025-11-30,Makassar,SKU_HIJAB_INSTAN,Fashion,65000,0,44,0,44
2025-11-30,Makassar,SKU_KOPI_GAYO,Food & Beverage,220000,0,3,0,3
2025-11-30,Makassar,SKU_BATIK_TULIS,Fashion Premium,1200000,0,2,0,2
2025-12-01,Jakarta,SKU_HIJAB_INSTAN,Fashion,65000,0,181,0,181
2025-12-01,Jakarta,SKU_KOPI_GAYO,Food & Beverage,220000,0,117,0,117
2025-12-01,Jakarta,SKU_BATIK_TULIS,Fashion Premium,1200000,0,15,0,15
2025-12-01,Surabaya,SKU_HIJAB_INSTAN,Fashion,65000,0,126,0,126
2025-12-01,Surabaya,SKU_KOPI_GAYO,Food & Beverage,220000,0,63,0,63
2025-12-01,Surabaya,SKU_BATIK_TULIS,Fashion Premium,1200000,0,10,0,10
2025-12-01,Medan,SKU_HIJAB_INSTAN,Fashion,65000,0,77,0,77
2025-12-01,Medan,SKU_KOPI_GAYO,Food & Beverage,220000,0,43,0,43
2025-12-01,Medan,SKU_BATIK_TULIS,Fashion Premium,1200000,0,6,0,6
2025-12-01,Makassar,SKU_HIJAB_INSTAN,Fashion,65000,0,55,0,55
2025-12-01,Makassar,SKU_KOPI_GAYO,Food & Beverage,220000,0,31,0,31
2025-12-01,Makassar,SKU_BATIK_TULIS,Fashion Premium,1200000,0,3,0,3
2025-12-02,Jakarta,SKU_HIJAB_INSTAN,Fashion,65000,0,183,0,183
2025-12-02,Jakarta,SKU_KOPI_GAYO,Food & Beverage,220000,0,104,0,104
2025-12-02,Jakarta,SKU_BATIK_TULIS,Fashion Premium,1200000,0,19,0,19
2025-12-02,Surabaya,SKU_HIJAB_INSTAN,Fashion,65000,0,153,0,153
2025-12-02,Surabaya,SKU_KOPI_GAYO,Food & Beverage,220000,0,62,0,62
2025-12-02,Surabaya,SKU_BATIK_TULIS,Fashion Premium,1200000,0,12,0,12
2025-12-02,Medan,SKU_HIJAB_INSTAN,Fashion,65000,0,90,0,90
2025-12-02,Medan,SKU_KOPI_GAYO,Food & Beverage,220000,0,42,0,42
2025-12-02,Medan,SKU_BATIK_TULIS,Fashion Premium,1200000,0,7,0,7
2025-12-02,Makassar,SKU_HIJAB_INSTAN,Fashion,65000,0,29,0,29
2025-12-02,Makassar,SKU_KOPI_GAYO,Food & Beverage,220000,0,25,0,25
2025-12-02,Makassar,SKU_BATIK_TULIS,Fashion Premium,1200000,0,4,0,4
2025-12-03,Jakarta,SKU_HIJAB_INSTAN,Fashion,65000,0,206,0,206
2025-12-03,Jakarta,SKU_KOPI_GAYO,Food & Beverage,220000,0,102,0,102
2025-12-03,Jakarta,SKU_BATIK_TULIS,Fashion Premium,1200000,0,20,0,20
2025-12-03,Surabaya,SKU_HIJAB_INSTAN,Fashion,65000,0,134,0,134
2025-12-03,Surabaya,SKU_KOPI_GAYO,Food & Beverage,220000,0,51,0,51
2025-12-03,Surabaya,SKU_BATIK_TULIS,Fashion Premium,1200000,0,10,0,10
2025-12-03,Medan,SKU_HIJAB_INSTAN,Fashion,65000,0,67,0,67
2025-12-03,Medan,SKU_KOPI_GAYO,Food & Beverage,220000,0,40,0,40
2025-12-03,Medan,SKU_BATIK_TULIS,Fashion Premium,1200000,0,8,0,8
2025-12-03,Makassar,SKU_HIJAB_INSTAN,Fashion,65000,0,47,1,0
2025-12-03,Makassar,SKU_KOPI_GAYO,Food & Beverage,220000,0,21,0,21
2025-12-03,Makassar,SKU_BATIK_TULIS,Fashion Premium,1200000,0,4,0,4
2025-12-04,Jakarta,SKU_HIJAB_INSTAN,Fashion,65000,0,193,0,193
2025-12-04,Jakarta,SKU_KOPI_GAYO,Food & Beverage,220000,0,103,0,103
2025-12-04,Jakarta,SKU_BATIK_TULIS,Fashion Premium,1200000,0,21,0,21
2025-12-04,Surabaya,SKU_HIJAB_INSTAN,Fashion,65000,0,128,0,128
2025-12-04,Surabaya,SKU_KOPI_GAYO,Food & Beverage,220000,0,51,0,51
2025-12-04,Surabaya,SKU_BATIK_TULIS,Fashion Premium,1200000,0,13,0,13
2025-12-04,Medan,SKU_HIJAB_INSTAN,Fashion,65000,0,115,0,115
2025-12-04,Medan,SKU_KOPI_GAYO,Food & Beverage,220000,0,48,0,48
2025-12-04,Medan,SKU_BATIK_TULIS,Fashion Premium,1200000,0,9,0,9
2025-12-04,Makassar,SKU_HIJAB_INSTAN,Fashion,65000,0,51,0,51
2025-12-04,Makassar,SKU_KOPI_GAYO,Food & Beverage,220000,0,19,0,19
2025-12-04,Makassar,SKU_BATIK_TULIS,Fashion Premium,1200000,0,5,0,5
2025-12-05,Jakarta,SKU_HIJAB_INSTAN,Fashion,65000,0,177,0,177
2025-12-05,Jakarta,SKU_KOPI_GAYO,Food & Beverage,220000,0,96,0,96
2025-12-05,Jakarta,SKU_BATIK_TULIS,Fashion Premium,1200000,0,24,0,24
2025-12-05,Surabaya,SKU_HIJAB_INSTAN,Fashion,65000,0,150,0,150
2025-12-05,Surabaya,SKU_KOPI_GAYO,Food & Beverage,220000,0,61,0,61
2025-12-05,Surabaya,SKU_BATIK_TULIS,Fashion Premium,1200000,0,14,0,14
2025-12-05,Medan,SKU_HIJAB_INSTAN,Fashion,65000,0,67,0,67
2025-12-05,Medan,SKU_KOPI_GAYO,Food & Beverage,220000,0,39,0,39
2025-12-05,Medan,SKU_BATIK_TULIS,Fashion Premium,1200000,0,13,0,13
2025-12-05,Makassar,SKU_HIJAB_INSTAN,Fashion,65000,0,48,0,48
2025-12-05,Makassar,SKU_KOPI_GAYO,Food & Beverage,220000,0,13,0,13
2025-12-05,Makassar,SKU_BATIK_TULIS,Fashion Premium,1200000,0,6,0,6
2025-12-06,Jakarta,SKU_HIJAB_INSTAN,Fashion,65000,0,245,0,245
2025-12-06,Jakarta,SKU_KOPI_GAYO,Food & Beverage,220000,0,112,0,112
2025-12-06,Jakarta,SKU_BATIK_TULIS,Fashion Premium,1200000,0,26,0,26
2025-12-06,Surabaya,SKU_HIJAB_INSTAN,Fashion,65000,0,168,0,168
2025-12-06,Surabaya,SKU_KOPI_GAYO,Food & Beverage,220000,0,51,0,51
2025-12-06,Surabaya,SKU_BATIK_TULIS,Fashion Premium,1200000,0,18,0,18
2025-12-06,Medan,SKU_HIJAB_INSTAN,Fashion,65000,0,115,0,115
2025-12-06,Medan,SKU_KOPI_GAYO,Food & Beverage,220000,0,27,0,27
2025-12-06,Medan,SKU_BATIK_TULIS,Fashion Premium,1200000,0,10,0,10
2025-12-06,Makassar,SKU_HIJAB_INSTAN,Fashion,65000,0,28,0,28
2025-12-06,Makassar,SKU_KOPI_GAYO,Food & Beverage,220000,0,19,0,19
2025-12-06,Makassar,SKU_BATIK_TULIS,Fashion Premium,1200000,0,2,0,2
2025-12-07,Jakarta,SKU_HIJAB_INSTAN,Fashion,65000,0,237,0,237
2025-12-07,Jakarta,SKU_KOPI_GAYO,Food & Beverage,220000,0,113,0,113
2025-12-07,Jakarta,SKU_BATIK_TULIS,Fashion Premium,1200000,0,29,0,29
2025-12-07,Surabaya,SKU_HIJAB_INSTAN,Fashion,65000,0,134,0,134
2025-12-07,Surabaya,SKU_KOPI_GAYO,Food & Beverage,220000,0,74,0,74
2025-12-07,Surabaya,SKU_BATIK_TULIS,Fashion Premium,1200000,0,15,0,15
2025-12-07,Medan,SKU_HIJAB_INSTAN,Fashion,65000,0,128,0,128
2025-12-07,Medan,SKU_KOPI_GAYO,Food & Beverage,220000,0,48,0,48
2025-12-07,Medan,SKU_BATIK_TULIS,Fashion Premium,1200000,0,10,0,10
2025-12-07,Makassar,SKU_HIJAB_INSTAN,Fashion,65000,0,30,0,30
2025-12-07,Makassar,SKU_KOPI_GAYO,Food & Beverage,220000,0,30,0,30
2025-12-07,Makassar,SKU_BATIK_TULIS,Fashion Premium,1200000,0,6,0,6
2025-12-08,Jakarta,SKU_HIJAB_INSTAN,Fashion,65000,0,194,0,194
2025-12-08,Jakarta,SKU_KOPI_GAYO,Food & Beverage,220000,0,109,0,109
2025-12-08,Jakarta,SKU_BATIK_TULIS,Fashion Premium,1200000,0,20,0,20
2025-12-08,Surabaya,SKU_HIJAB_INSTAN,Fashion,65000,0,135,0,135
2025-12-08,Surabaya,SKU_KOPI_GAYO,Food & Beverage,220000,0,69,0,69
2025-12-08,Surabaya,SKU_BATIK_TULIS,Fashion Premium,1200000,0,11,0,11
2025-12-08,Medan,SKU_HIJAB_INSTAN,Fashion,65000,0,95,0,95
2025-12-08,Medan,SKU_KOPI_GAYO,Food & Beverage,220000,0,23,0,23
2025-12-08,Medan,SKU_BATIK_TULIS,Fashion Premium,1200000,0,9,0,9
2025-12-08,Makassar,SKU_HIJAB_INSTAN,Fashion,65000,0,51,0,51
2025-12-08,Makassar,SKU_KOPI_GAYO,Food & Beverage,220000,0,25,0,25
2025-12-08,Makassar,SKU_BATIK_TULIS,Fashion Premium,1200000,0,2,0,2
2025-12-09,Jakarta,SKU_HIJAB_INSTAN,Fashion,65000,0,200,0,200
2025-12-09,Jakarta,SKU_KOPI_GAYO,Food & Beverage,220000,0,103,0,103
2025-12-09,Jakarta,SKU_BATIK_TULIS,Fashion Premium,1200000,0,17,0,17
2025-12-09,Surabaya,SKU_HIJAB_INSTAN,Fashion,65000,0,104,0,104
2025-12-09,Surabaya,SKU_KOPI_GAYO,Food & Beverage,220000,0,65,0,65
2025-12-09,Surabaya,SKU_BATIK_TULIS,Fashion Premium,1200000,0,13,0,13
2025-12-09,Medan,SKU_HIJAB_INSTAN,Fashion,65000,0,105,0,105
2025-12-09,Medan,SKU_KOPI_GAYO,Food & Beverage,220000,0,34,0,34
2025-12-09,Medan,SKU_BATIK_TULIS,Fashion Premium,1200000,0,10,0,10
2025-12-09,Makassar,SKU_HIJAB_INSTAN,Fashion,65000,0,41,0,41
2025-12-09,Makassar,SKU_KOPI_GAYO,Food & Beverage,220000,0,16,0,16
2025-12-09,Makassar,SKU_BATIK_TULIS,Fashion Premium,1200000,0,2,0,2
2025-12-10,Jakarta,SKU_HIJAB_INSTAN,Fashion,65000,0,220,0,220
2025-12-10,Jakarta,SKU_KOPI_GAYO,Food & Beverage,220000,0,103,0,103
2025-12-10,Jakarta,SKU_BATIK_TULIS,Fashion Premium,1200000,0,23,0,23
2025-12-10,Surabaya,SKU_HIJAB_INSTAN,Fashion,65000,0,114,0,114
2025-12-10,Surabaya,SKU_KOPI_GAYO,Food & Beverage,220000,0,71,0,71
2025-12-10,Surabaya,SKU_BATIK_TULIS,Fashion Premium,1200000,0,12,0,12
2025-12-10,Medan,SKU_HIJAB_INSTAN,Fashion,65000,0,67,0,67
2025-12-10,Medan,SKU_KOPI_GAYO,Food & Beverage,220000,0,43,0,43
2025-12-10,Medan,SKU_BATIK_TULIS,Fashion Premium,1200000,0,4,0,4
2025-12-10,Makassar,SKU_HIJAB_INSTAN,Fashion,65000,0,35,0,35
2025-12-10,Makassar,SKU_KOPI_GAYO,Food & Beverage,220000,0,29,0,29
2025-12-10,Makassar,SKU_BATIK_TULIS,Fashion Premium,1200000,0,4,0,4
2025-12-11,Jakarta,SKU_HIJAB_INSTAN,Fashion,65000,0,186,0,186
2025-12-11,Jakarta,SKU_KOPI_GAYO,Food & Beverage,220000,0,88,0,88
2025-12-11,Jakarta,SKU_BATIK_TULIS,Fashion Premium,1200000,0,23,0,23
2025-12-11,Surabaya,SKU_HIJAB_INSTAN,Fashion,65000,0,134,0,134
2025-12-11,Surabaya,SKU_KOPI_GAYO,Food & Beverage,220000,0,69,0,69
2025-12-11,Surabaya,SKU_BATIK_TULIS,Fashion Premium,1200000,0,15,0,15
2025-12-11,Medan,SKU_HIJAB_INSTAN,Fashion,65000,0,82,0,82
2025-12-11,Medan,SKU_KOPI_GAYO,Food & Beverage,220000,0,32,0,32
2025-12-11,Medan,SKU_BATIK_TULIS,Fashion Premium,1200000,0,9,0,9
2025-12-11,Makassar,SKU_HIJAB_INSTAN,Fashion,65000,0,78,0,78
2025-12-11,Makassar,SKU_KOPI_GAYO,Food & Beverage,220000,0,19,0,19
2025-12-11,Makassar,SKU_BATIK_TULIS,Fashion Premium,1200000,0,4,0,4
2025-12-12,Jakarta,SKU_HIJAB_INSTAN,Fashion,52000,1,466,0,466
2025-12-12,Jakarta,SKU_KOPI_GAYO,Food & Beverage,176000,1,239,0,239
2025-12-12,Jakarta,SKU_BATIK_TULIS,Fashion Premium,960000,1,87,0,87
2025-12-12,Surabaya,SKU_HIJAB_INSTAN,Fashion,52000,1,274,0,274
2025-12-12,Surabaya,SKU_KOPI_GAYO,Food & Beverage,176000,1,116,0,116
2025-12-12,Surabaya,SKU_BATIK_TULIS,Fashion Premium,960000,1,32,0,32
2025-12-12,Medan,SKU_HIJAB_INSTAN,Fashion,52000,1,206,0,206
2025-12-12,Medan,SKU_KOPI_GAYO,Food & Beverage,176000,1,75,0,75
2025-12-12,Medan,SKU_BATIK_TULIS,Fashion Premium,960000,1,22,0,22
2025-12-12,Makassar,SKU_HIJAB_INSTAN,Fashion,52000,1,83,0,83
2025-12-12,Makassar,SKU_KOPI_GAYO,Food & Beverage,176000,1,47,0,47
2025-12-12,Makassar,SKU_BATIK_TULIS,Fashion Premium,960000,1,10,0,10
2025-12-13,Jakarta,SKU_HIJAB_INSTAN,Fashion,65000,0,263,0,263
2025-12-13,Jakarta,SKU_KOPI_GAYO,Food & Beverage,220000,0,100,0,100
2025-12-13,Jakarta,SKU_BATIK_TULIS,Fashion Premium,1200000,0,29,0,29
2025-12-13,Surabaya,SKU_HIJAB_INSTAN,Fashion,65000,0,153,0,153
2025-12-13,Surabaya,SKU_KOPI_GAYO,Food & Beverage,220000,0,60,0,60
2025-12-13,Surabaya,SKU_BATIK_TULIS,Fashion Premium,1200000,0,18,0,18
2025-12-13,Medan,SKU_HIJAB_INSTAN,Fashion,65000,0,94,0,94
2025-12-13,Medan,SKU_KOPI_GAYO,Food & Beverage,220000,0,48,0,48
2025-12-13,Medan,SKU_BATIK_TULIS,Fashion Premium,1200000,0,11,0,11
2025-12-13,Makassar,SKU_HIJAB_INSTAN,Fashion,65000,0,18,0,18
2025-12-13,Makassar,SKU_KOPI_GAYO,Food & Beverage,220000,0,4,0,4
2025-12-13,Makassar,SKU_BATIK_TULIS,Fashion Premium,1200000,0,9,0,9
2025-12-14,Jakarta,SKU_HIJAB_INSTAN,Fashion,65000,0,198,0,198
2025-12-14,Jakarta,SKU_KOPI_GAYO,Food & Beverage,220000,0,107,0,107
2025-12-14,Jakarta,SKU_BATIK_TULIS,Fashion Premium,1200000,0,24,0,24
2025-12-14,Surabaya,SKU_HIJAB_INSTAN,Fashion,65000,0,132,0,132
2025-12-14,Surabaya,SKU_KOPI_GAYO,Food & Beverage,220000,0,72,0,72
2025-12-14,Surabaya,SKU_BATIK_TULIS,Fashion Premium,1200000,0,15,0,15
2025-12-14,Medan,SKU_HIJAB_INSTAN,Fashion,65000,0,106,0,106
2025-12-14,Medan,SKU_KOPI_GAYO,Food & Beverage,220000,0,55,0,55
2025-12-14,Medan,SKU_BATIK_TULIS,Fashion Premium,1200000,0,11,0,11
2025-12-14,Makassar,SKU_HIJAB_INSTAN,Fashion,65000,0,28,0,28
2025-12-14,Makassar,SKU_KOPI_GAYO,Food & Beverage,220000,0,19,0,19
2025-12-14,Makassar,SKU_BATIK_TULIS,Fashion Premium,1200000,0,6,0,6
2025-12-15,Jakarta,SKU_HIJAB_INSTAN,Fashion,65000,0,192,0,192
2025-12-15,Jakarta,SKU_KOPI_GAYO,Food & Beverage,220000,0,92,0,92
2025-12-15,Jakarta,SKU_BATIK_TULIS,Fashion Premium,1200000,0,20,0,20
2025-12-15,Surabaya,SKU_HIJAB_INSTAN,Fashion,65000,0,110,0,110
2025-12-15,Surabaya,SKU_KOPI_GAYO,Food & Beverage,220000,0,67,0,67
2025-12-15,Surabaya,SKU_BATIK_TULIS,Fashion Premium,1200000,0,10,0,10
2025-12-15,Medan,SKU_HIJAB_INSTAN,Fashion,65000,0,73,0,73
2025-12-15,Medan,SKU_KOPI_GAYO,Food & Beverage,220000,0,36,0,36
2025-12-15,Medan,SKU_BATIK_TULIS,Fashion Premium,1200000,0,10,0,10
2025-12-15,Makassar,SKU_HIJAB_INSTAN,Fashion,65000,0,20,0,20
2025-12-15,Makassar,SKU_KOPI_GAYO,Food & Beverage,220000,0,23,0,23
2025-12-15,Makassar,SKU_BATIK_TULIS,Fashion Premium,1200000,0,3,0,3
2025-12-16,Jakarta,SKU_HIJAB_INSTAN,Fashion,65000,0,207,0,207
2025-12-16,Jakarta,SKU_KOPI_GAYO,Food & Beverage,220000,0,89,0,89
2025-12-16,Jakarta,SKU_BATIK_TULIS,Fashion Premium,1200000,0,20,0,20
2025-12-16,Surabaya,SKU_HIJAB_INSTAN,Fashion,65000,0,101,0,101
2025-12-16,Surabaya,SKU_KOPI_GAYO,Food & Beverage,220000,0,72,0,72
2025-12-16,Surabaya,SKU_BATIK_TULIS,Fashion Premium,1200000,0,9,0,9
2025-12-16,Medan,SKU_HIJAB_INSTAN,Fashion,65000,0,76,0,76
2025-12-16,Medan,SKU_KOPI_GAYO,Food & Beverage,220000,0,39,0,39
2025-12-16,Medan,SKU_BATIK_TULIS,Fashion Premium,1200000,0,9,0,9
2025-12-16,Makassar,SKU_HIJAB_INSTAN,Fashion,65000,0,59,0,59
2025-12-16,Makassar,SKU_KOPI_GAYO,Food & Beverage,220000,0,25,0,25
2025-12-16,Makassar,SKU_BATIK_TULIS,Fashion Premium,1200000,0,4,0,4
2025-12-17,Jakarta,SKU_HIJAB_INSTAN,Fashion,65000,0,228,0,228
2025-12-17,Jakarta,SKU_KOPI_GAYO,Food & Beverage,220000,0,113,1,0
2025-12-17,Jakarta,SKU_BATIK_TULIS,Fashion Premium,1200000,0,21,0,21
2025-12-17,Surabaya,SKU_HIJAB_INSTAN,Fashion,65000,0,134,0,134
2025-12-17,Surabaya,SKU_KOPI_GAYO,Food & Beverage,220000,0,60,0,60
2025-12-17,Surabaya,SKU_BATIK_TULIS,Fashion Premium,1200000,0,15,0,15
2025-12-17,Medan,SKU_HIJAB_INSTAN,Fashion,65000,0,72,0,72
2025-12-17,Medan,SKU_KOPI_GAYO,Food & Beverage,220000,0,44,0,44
2025-12-17,Medan,SKU_BATIK_TULIS,Fashion Premium,1200000,0,10,0,10
2025-12-17,Makassar,SKU_HIJAB_INSTAN,Fashion,65000,0,66,0,66
2025-12-17,Makassar,SKU_KOPI_GAYO,Food & Beverage,220000,0,23,0,23
2025-12-17,Makassar,SKU_BATIK_TULIS,Fashion Premium,1200000,0,4,0,4
2025-12-18,Jakarta,SKU_HIJAB_INSTAN,Fashion,65000,0,211,0,211
2025-12-18,Jakarta,SKU_KOPI_GAYO,Food & Beverage,220000,0,99,0,99
2025-12-18,Jakarta,SKU_BATIK_TULIS,Fashion Premium,1200000,0,20,0,20
2025-12-18,Surabaya,SKU_HIJAB_INSTAN,Fashion,65000,0,117,0,117
2025-12-18,Surabaya,SKU_KOPI_GAYO,Food & Beverage,220000,0,60,0,60
2025-12-18,Surabaya,SKU_BATIK_TULIS,Fashion Premium,1200000,0,16,0,16
2025-12-18,Medan,SKU_HIJAB_INSTAN,Fashion,65000,0,107,0,107
2025-12-18,Medan,SKU_KOPI_GAYO,Food & Beverage,220000,0,42,0,42
2025-12-18,Medan,SKU_BATIK_TULIS,Fashion Premium,1200000,0,13,0,13
2025-12-18,Makassar,SKU_HIJAB_INSTAN,Fashion,65000,0,64,0,64
2025-12-18,Makassar,SKU_KOPI_GAYO,Food & Beverage,220000,0,14,1,0
2025-12-18,Makassar,SKU_BATIK_TULIS,Fashion Premium,1200000,0,2,0,2
2025-12-19,Jakarta,SKU_HIJAB_INSTAN,Fashion,65000,0,239,0,239
2025-12-19,Jakarta,SKU_KOPI_GAYO,Food & Beverage,220000,0,116,0,116
2025-12-19,Jakarta,SKU_BATIK_TULIS,Fashion Premium,1200000,0,25,0,25
2025-12-19,Surabaya,SKU_HIJAB_INSTAN,Fashion,65000,0,134,0,134
2025-12-19,Surabaya,SKU_KOPI_GAYO,Food & Beverage,220000,0,57,0,57
2025-12-19,Surabaya,SKU_BATIK_TULIS,Fashion Premium,1200000,0,14,0,14
2025-12-19,Medan,SKU_HIJAB_INSTAN,Fashion,65000,0,102,0,102
2025-12-19,Medan,SKU_KOPI_GAYO,Food & Beverage,220000,0,34,0,34
2025-12-19,Medan,SKU_BATIK_TULIS,Fashion Premium,1200000,0,9,0,9
2025-12-19,Makassar,SKU_HIJAB_INSTAN,Fashion,65000,0,24,0,24
2025-12-19,Makassar,SKU_KOPI_GAYO,Food & Beverage,220000,0,29,0,29
2025-12-19,Makassar,SKU_BATIK_TULIS,Fashion Premium,1200000,0,5,0,5
2025-12-20,Jakarta,SKU_HIJAB_INSTAN,Fashion,65000,0,266,0,266
2025-12-20,Jakarta,SKU_KOPI_GAYO,Food & Beverage,220000,0,143,0,143
2025-12-20,Jakarta,SKU_BATIK_TULIS,Fashion Premium,1200000,0,35,0,35
2025-12-20,Surabaya,SKU_HIJAB_INSTAN,Fashion,65000,0,182,0,182
2025-12-20,Surabaya,SKU_KOPI_GAYO,Food & Beverage,220000,0,69,0,69
2025-12-20,Surabaya,SKU_BATIK_TULIS,Fashion Premium,1200000,0,22,0,22
2025-12-20,Medan,SKU_HIJAB_INSTAN,Fashion,65000,0,109,0,109
2025-12-20,Medan,SKU_KOPI_GAYO,Food & Beverage,220000,0,30,0,30
2025-12-20,Medan,SKU_BATIK_TULIS,Fashion Premium,1200000,0,20,0,20
2025-12-20,Makassar,SKU_HIJAB_INSTAN,Fashion,65000,0,66,0,66
2025-12-20,Makassar,SKU_KOPI_GAYO,Food & Beverage,220000,0,17,0,17
2025-12-20,Makassar,SKU_BATIK_TULIS,Fashion Premium,1200000,0,7,0,7
2025-12-21,Jakarta,SKU_HIJAB_INSTAN,Fashion,65000,0,258,0,258
2025-12-21,Jakarta,SKU_KOPI_GAYO,Food & Beverage,220000,0,111,0,111
2025-12-21,Jakarta,SKU_BATIK_TULIS,Fashion Premium,1200000,0,37,0,37
2025-12-21,Surabaya,SKU_HIJAB_INSTAN,Fashion,65000,0,173,0,173
2025-12-21,Surabaya,SKU_KOPI_GAYO,Food & Beverage,220000,0,83,0,83
2025-12-21,Surabaya,SKU_BATIK_TULIS,Fashion Premium,1200000,0,22,0,22
2025-12-21,Medan,SKU_HIJAB_INSTAN,Fashion,65000,0,138,0,138
2025-12-21,Medan,SKU_KOPI_GAYO,Food & Beverage,220000,0,83,0,83
2025-12-21,Medan,SKU_BATIK_TULIS,Fashion Premium,1200000,0,20,0,20
2025-12-21,Makassar,SKU_HIJAB_INSTAN,Fashion,65000,0,42,0,42
2025-12-21,Makassar,SKU_KOPI_GAYO,Food & Beverage,220000,0,27,0,27
2025-12-21,Makassar,SKU_BATIK_TULIS,Fashion Premium,1200000,0,6,0,6
2025-12-22,Jakarta,SKU_HIJAB_INSTAN,Fashion,65000,0,235,0,235
2025-12-22,Jakarta,SKU_KOPI_GAYO,Food & Beverage,220000,0,125,0,125
2025-12-22,Jakarta,SKU_BATIK_TULIS,Fashion Premium,1200000,0,28,0,28
2025-12-22,Surabaya,SKU_HIJAB_INSTAN,Fashion,65000,0,107,0,107
2025-12-22,Surabaya,SKU_KOPI_GAYO,Food & Beverage,220000,0,74,0,74
2025-12-22,Surabaya,SKU_BATIK_TULIS,Fashion Premium,1200000,0,15,0,15
2025-12-22,Medan,SKU_HIJAB_INSTAN,Fashion,65000,0,100,0,100
2025-12-22,Medan,SKU_KOPI_GAYO,Food & Beverage,220000,0,65,0,65
2025-12-22,Medan,SKU_BATIK_TULIS,Fashion Premium,1200000,0,6,0,6
2025-12-22,Makassar,SKU_HIJAB_INSTAN,Fashion,65000,0,66,0,66
2025-12-22,Makassar,SKU_KOPI_GAYO,Food & Beverage,220000,0,26,0,26
2025-12-22,Makassar,SKU_BATIK_TULIS,Fashion Premium,1200000,0,3,0,3
2025-12-23,Jakarta,SKU_HIJAB_INSTAN,Fashion,65000,0,261,0,261
2025-12-23,Jakarta,SKU_KOPI_GAYO,Food & Beverage,220000,0,110,0,110
2025-12-23,Jakarta,SKU_BATIK_TULIS,Fashion Premium,1200000,0,29,0,29
2025-12-23,Surabaya,SKU_HIJAB_INSTAN,Fashion,65000,0,142,0,142
2025-12-23,Surabaya,SKU_KOPI_GAYO,Food & Beverage,220000,0,81,0,81
2025-12-23,Surabaya,SKU_BATIK_TULIS,Fashion Premium,1200000,0,14,0,14
2025-12-23,Medan,SKU_HIJAB_INSTAN,Fashion,65000,0,82,0,82
2025-12-23,Medan,SKU_KOPI_GAYO,Food & Beverage,220000,0,40,0,40
2025-12-23,Medan,SKU_BATIK_TULIS,Fashion Premium,1200000,0,10,0,10
2025-12-23,Makassar,SKU_HIJAB_INSTAN,Fashion,65000,0,27,0,27
2025-12-23,Makassar,SKU_KOPI_GAYO,Food & Beverage,220000,0,16,0,16
2025-12-23,Makassar,SKU_BATIK_TULIS,Fashion Premium,1200000,0,3,0,3
2025-12-24,Jakarta,SKU_HIJAB_INSTAN,Fashion,65000,0,244,0,244
2025-12-24,Jakarta,SKU_KOPI_GAYO,Food & Beverage,220000,0,132,0,132
2025-12-24,Jakarta,SKU_BATIK_TULIS,Fashion Premium,1200000,0,28,1,0
2025-12-24,Surabaya,SKU_HIJAB_INSTAN,Fashion,65000,0,126,0,126
2025-12-24,Surabaya,SKU_KOPI_GAYO,Food & Beverage,220000,0,77,0,77
2025-12-24,Surabaya,SKU_BATIK_TULIS,Fashion Premium,1200000,0,19,0,19
2025-12-24,Medan,SKU_HIJAB_INSTAN,Fashion,65000,0,73,0,73
2025-12-24,Medan,SKU_KOPI_GAYO,Food & Beverage,220000,0,22,0,22
2025-12-24,Medan,SKU_BATIK_TULIS,Fashion Premium,1200000,0,11,0,11
2025-12-24,Makassar,SKU_HIJAB_INSTAN,Fashion,65000,0,36,0,36
2025-12-24,Makassar,SKU_KOPI_GAYO,Food & Beverage,220000,0,34,0,34
2025-12-24,Makassar,SKU_BATIK_TULIS,Fashion Premium,1200000,0,3,0,3
2025-12-25,Jakarta,SKU_HIJAB_INSTAN,Fashion,65000,0,223,0,223
2025-12-25,Jakarta,SKU_KOPI_GAYO,Food & Beverage,220000,0,106,1,0
2025-12-25,Jakarta,SKU_BATIK_TULIS,Fashion Premium,1200000,0,33,0,33
2025-12-25,Surabaya,SKU_HIJAB_INSTAN,Fashion,52000,1,297,0,297
2025-12-25,Surabaya,SKU_KOPI_GAYO,Food & Beverage,220000,0,52,0,52
2025-12-25,Surabaya,SKU_BATIK_TULIS,Fashion Premium,1200000,0,20,0,20
2025-12-25,Medan,SKU_HIJAB_INSTAN,Fashion,52000,1,133,1,0
2025-12-25,Medan,SKU_KOPI_GAYO,Food & Beverage,176000,1,101,0,101
2025-12-25,Medan,SKU_BATIK_TULIS,Fashion Premium,960000,1,17,0,17
2025-12-25,Makassar,SKU_HIJAB_INSTAN,Fashion,65000,0,62,0,62
2025-12-25,Makassar,SKU_KOPI_GAYO,Food & Beverage,176000,1,31,0,31
2025-12-25,Makassar,SKU_BATIK_TULIS,Fashion Premium,960000,1,9,0,9
2025-12-26,Jakarta,SKU_HIJAB_INSTAN,Fashion,65000,0,272,0,272
2025-12-26,Jakarta,SKU_KOPI_GAYO,Food & Beverage,220000,0,132,0,132
2025-12-26,Jakarta,SKU_BATIK_TULIS,Fashion Premium,960000,1,54,0,54
2025-12-26,Surabaya,SKU_HIJAB_INSTAN,Fashion,65000,0,164,0,164
2025-12-26,Surabaya,SKU_KOPI_GAYO,Food & Beverage,220000,0,75,0,75
2025-12-26,Surabaya,SKU_BATIK_TULIS,Fashion Premium,960000,1,30,0,30
2025-12-26,Medan,SKU_HIJAB_INSTAN,Fashion,65000,0,107,0,107
2025-12-26,Medan,SKU_KOPI_GAYO,Food & Beverage,176000,1,99,0,99
2025-12-26,Medan,SKU_BATIK_TULIS,Fashion Premium,1200000,0,12,0,12
2025-12-26,Makassar,SKU_HIJAB_INSTAN,Fashion,52000,1,80,0,80
2025-12-26,Makassar,SKU_KOPI_GAYO,Food & Beverage,176000,1,43,1,0
2025-12-26,Makassar,SKU_BATIK_TULIS,Fashion Premium,1200000,0,12,0,12
2025-12-27,Jakarta,SKU_HIJAB_INSTAN,Fashion,65000,0,240,1,0
2025-12-27,Jakarta,SKU_KOPI_GAYO,Food & Beverage,220000,0,117,0,117
2025-12-27,Jakarta,SKU_BATIK_TULIS,Fashion Premium,1200000,0,39,0,39
2025-12-27,Surabaya,SKU_HIJAB_INSTAN,Fashion,65000,0,149,0,149
2025-12-27,Surabaya,SKU_KOPI_GAYO,Food & Beverage,220000,0,67,0,67
2025-12-27,Surabaya,SKU_BATIK_TULIS,Fashion Premium,1200000,0,20,0,20
2025-12-27,Medan,SKU_HIJAB_INSTAN,Fashion,65000,0,94,1,0
2025-12-27,Medan,SKU_KOPI_GAYO,Food & Beverage,176000,1,95,0,95
2025-12-27,Medan,SKU_BATIK_TULIS,Fashion Premium,1200000,0,22,0,22
2025-12-27,Makassar,SKU_HIJAB_INSTAN,Fashion,52000,1,42,0,42
2025-12-27,Makassar,SKU_KOPI_GAYO,Food & Beverage,220000,0,13,0,13
2025-12-27,Makassar,SKU_BATIK_TULIS,Fashion Premium,1200000,0,4,0,4
2025-12-28,Jakarta,SKU_HIJAB_INSTAN,Fashion,52000,1,349,0,349
2025-12-28,Jakarta,SKU_KOPI_GAYO,Food & Beverage,176000,1,185,0,185
2025-12-28,Jakarta,SKU_BATIK_TULIS,Fashion Premium,1200000,0,36,0,36
2025-12-28,Surabaya,SKU_HIJAB_INSTAN,Fashion,65000,0,133,0,133
2025-12-28,Surabaya,SKU_KOPI_GAYO,Food & Beverage,176000,1,112,0,112
2025-12-28,Surabaya,SKU_BATIK_TULIS,Fashion Premium,960000,1,36,0,36
2025-12-28,Medan,SKU_HIJAB_INSTAN,Fashion,65000,0,129,0,129
2025-12-28,Medan,SKU_KOPI_GAYO,Food & Beverage,176000,1,56,0,56
2025-12-28,Medan,SKU_BATIK_TULIS,Fashion Premium,1200000,0,11,0,11
2025-12-28,Makassar,SKU_HIJAB_INSTAN,Fashion,65000,0,61,0,61
2025-12-28,Makassar,SKU_KOPI_GAYO,Food & Beverage,220000,0,28,0,28
2025-12-28,Makassar,SKU_BATIK_TULIS,Fashion Premium,960000,1,10,0,10
2025-12-29,Jakarta,SKU_HIJAB_INSTAN,Fashion,65000,0,215,0,215
2025-12-29,Jakarta,SKU_KOPI_GAYO,Food & Beverage,220000,0,114,0,114
2025-12-29,Jakarta,SKU_BATIK_TULIS,Fashion Premium,1200000,0,30,0,30
2025-12-29,Surabaya,SKU_HIJAB_INSTAN,Fashion,65000,0,102,0,102
2025-12-29,Surabaya,SKU_KOPI_GAYO,Food & Beverage,220000,0,78,0,78
2025-12-29,Surabaya,SKU_BATIK_TULIS,Fashion Premium,1200000,0,23,0,23
2025-12-29,Medan,SKU_HIJAB_INSTAN,Fashion,65000,0,88,1,0
2025-12-29,Medan,SKU_KOPI_GAYO,Food & Beverage,220000,0,56,0,56
2025-12-29,Medan,SKU_BATIK_TULIS,Fashion Premium,1200000,0,11,0,11
2025-12-29,Makassar,SKU_HIJAB_INSTAN,Fashion,65000,0,81,0,81
2025-12-29,Makassar,SKU_KOPI_GAYO,Food & Beverage,220000,0,28,0,28
2025-12-29,Makassar,SKU_BATIK_TULIS,Fashion Premium,1200000,0,3,0,3
2025-12-30,Jakarta,SKU_HIJAB_INSTAN,Fashion,65000,0,169,0,169
2025-12-30,Jakarta,SKU_KOPI_GAYO,Food & Beverage,220000,0,109,0,109
2025-12-30,Jakarta,SKU_BATIK_TULIS,Fashion Premium,1200000,0,26,0,26
2025-12-30,Surabaya,SKU_HIJAB_INSTAN,Fashion,65000,0,132,0,132
2025-12-30,Surabaya,SKU_KOPI_GAYO,Food & Beverage,220000,0,62,0,62
2025-12-30,Surabaya,SKU_BATIK_TULIS,Fashion Premium,1200000,0,15,0,15
2025-12-30,Medan,SKU_HIJAB_INSTAN,Fashion,65000,0,113,0,113
2025-12-30,Medan,SKU_KOPI_GAYO,Food & Beverage,220000,0,61,0,61
2025-12-30,Medan,SKU_BATIK_TULIS,Fashion Premium,1200000,0,9,0,9
2025-12-30,Makassar,SKU_HIJAB_INSTAN,Fashion,65000,0,50,0,50
2025-12-30,Makassar,SKU_KOPI_GAYO,Food & Beverage,220000,0,19,0,19
2025-12-30,Makassar,SKU_BATIK_TULIS,Fashion Premium,1200000,0,2,0,2
2025-12-31,Jakarta,SKU_HIJAB_INSTAN,Fashion,65000,0,248,0,248
2025-12-31,Jakarta,SKU_KOPI_GAYO,Food & Beverage,220000,0,120,0,120
2025-12-31,Jakarta,SKU_BATIK_TULIS,Fashion Premium,1200000,0,29,0,29
2025-12-31,Surabaya,SKU_HIJAB_INSTAN,Fashion,65000,0,150,0,150
2025-12-31,Surabaya,SKU_KOPI_GAYO,Food & Beverage,220000,0,63,0,63
2025-12-31,Surabaya,SKU_BATIK_TULIS,Fashion Premium,1200000,0,14,0,14
2025-12-31,Medan,SKU_HIJAB_INSTAN,Fashion,65000,0,106,0,106
2025-12-31,Medan,SKU_KOPI_GAYO,Food & Beverage,220000,0,59,0,59
2025-12-31,Medan,SKU_BATIK_TULIS,Fashion Premium,1200000,0,7,0,7
2025-12-31,Makassar,SKU_HIJAB_INSTAN,Fashion,65000,0,65,0,65
2025-12-31,Makassar,SKU_KOPI_GAYO,Food & Beverage,220000,0,40,0,40
2025-12-31,Makassar,SKU_BATIK_TULIS,Fashion Premium,1200000,0,5,0,5
